ID;Nom;Statut;Etape;Pipeline;Montant HT;Probabilite %;Date cloture;Client;Email client;Responsable;Tags;Source;Date creation;Description
1194284;75-Delaunay-Paris-Eglise-Suédoise-Panneau-DP-201709;won;Devis froid;Commercial;565.00;30;;;;;;Appel entrant / Emailing / Marketing;2018-01-23;
1194574;75-Rougier et Plé-Paris3-Habillage façade boutique-201801;won;Devis froid;Commercial;37517.00;30;;;;;;Appel entrant / Emailing / Marketing;2018-01-23;
1195802;93-Syctom-St Ouen-Palissade-201801;won;Devis froid;Commercial;9632.00;30;;;;;;Bouche à oreille / Prescription;2018-01-24;
1195928;92-PLD-Puteaux-RDCPanneauxVoirie-201801;cancelled;Devis froid;Commercial;5200.00;30;;;;;;Client existant;2018-01-24;
1196025;92-PLD-Puteaux-Signalétique Coupole-201801;won;Devis froid;Commercial;1855.00;30;;;;;;Client existant;2018-01-24;
1196551;80-etats d'esprit-Amiens-Réintervention-201801;cancelled;Devis froid;Commercial;2518.20;30;;;;;;Client existant;2018-01-24;
1197152;92-Foncière Habitat-Puteaux-Palissade SCCV PUTEAUX 2-201710;closed;Devis froid;Commercial;5121.00;30;;;;;;Client existant;2018-01-24;
1199629;75-Groupe Legendre-Paris-Habillage façade-201710;won;Devis froid;Commercial;20618.30;30;;;;;;Appel entrant / Emailing / Marketing;2018-01-25;
1199782;92-Sennse-T10-Nanterre-2p-201801;lost;Devis froid;Commercial;224.00;30;;;;;;Client existant;2018-01-25;
1200642;75-Ville de Paris-Collectif Chapelle Charbon-Paris18-palissade bois-201801;lost;Devis froid;Commercial;34529.12;30;;;;;;Appel entrant / Emailing / Marketing;2018-01-25;
1202013;78-Unibail-Velizy-Candelize-201611;lost;Devis froid;Commercial;7200.00;30;;;;;;Client existant;2018-01-25;
1202752;75-Collection Pinault-Paris1-Bache module Bourse Commerce-201708;won;Devis froid;Commercial;1150.00;30;;;;;;Appel entrant / Emailing / Marketing;2018-01-25;
1202756;75-Collection Pinault-Paris1-Bache module Bourse Commerce-201801;won;Devis froid;Commercial;4869.00;30;;;;;;Client existant;2018-01-25;
1204110;94-Fontenay-sous-bois-Ville-Palissade mobile-201801;closed;Devis froid;Commercial;33000.00;30;;;;;;Appel entrant / Emailing / Marketing;2018-01-26;
1204875;44-CBI Promotion-Nantes-Palissades-201801;closed;Devis froid;Commercial;0.00;30;;;;;;Appel entrant / Emailing / Marketing;2018-01-26;
1204933;78-Parenge-SaintGermainenLaye-AO Ratp-201709;lost;Devis froid;Commercial;0.00;30;;;;;;Appel entrant / Emailing / Marketing;2018-01-26;
1205509;33-Dauchez Payet-Saint Emilion-Habillage palissade Chateau Troplong Mondot-201708;won;Devis froid;Commercial;11592.00;30;;;;;;Appel entrant / Emailing / Marketing;2018-01-27;
1205560;75-Inédit Joaillier-Paris-Habillage décoratif façade-201709;won;Devis froid;Commercial;6947.78;30;;;;;;Appel entrant / Emailing / Marketing;2018-01-27;
1205568;93-Algeco-SaintOuen-algeco deco Ramery-201706;won;Devis froid;Commercial;76257.00;30;;;;;;Client existant;2018-01-27;
1205710;06-Algeco-Juan les Pins-Ecole catholique-201709;won;Devis froid;Commercial;3560.00;30;;;;;;Client existant;2018-01-28;
1205719;86-Algeco-Avanton-déco Ecole maternelle-201709;won;Devis froid;Commercial;2110.00;30;;;;;;Client existant;2018-01-28;
1205722;92-Groupe Legendre-La Défense-Palissade chantier Oxygen-201711;won;Devis froid;Commercial;12125.00;30;;;;;;Appel entrant / Emailing / Marketing;2018-01-28;
1205728;78-Unibail-Velizy2-Travaux-201612;won;Devis froid;Commercial;83388.00;30;;;;;;Commercial / Partenaire;2018-01-28;
1205738;28-Algeco-Chartres-Algeco Deco Volkswagen-201801;won;Devis froid;Commercial;1100.00;30;;;;;;Client existant;2018-01-28;
1205781;17-Algeco-SAINT SEVER DE SAINTONGE-Ecole-déco bois-201710;won;Devis froid;Commercial;1560.00;30;;;;;;Client existant;2018-01-28;
1205786;92-Eiffage construction-La Défense-Michelet-Stickers-201801;won;Devis froid;Commercial;394.00;30;;;;;;Client existant;2018-01-28;
1205796;75-OCDE-Paris-Palissade Pavillon accueil-201711;won;Devis froid;Commercial;21263.66;30;;;;;;Appel entrant / Emailing / Marketing;2018-01-28;
1205800;75-Folks-Paris-Palissade imprimée et street art-201709;cancelled;Devis froid;Commercial;12687.00;30;;;;;;Appel entrant / Emailing / Marketing;2018-01-28;
1205804;31-W-Architecture-Toulouse-Habillage façade-201711;closed;Budget;Commercial;53105.00;0;;;;;;Appel entrant / Emailing / Marketing;2018-01-28;
1205805;69-Algeco-Meyzieu-modules agence-201712;cancelled;Devis froid;Commercial;810.00;30;;;;;;Client existant;2018-01-28;
1205806;98-Algeco-Monaco-Deco parc-201709;closed;Devis froid;Commercial;21110.00;30;;;;;;Client existant;2018-01-28;
1205807;69-Agence Hula Hoop-Lyon-Signalétique chantier-201712;closed;Budget;Commercial;11913.80;0;;;;;;Appel entrant / Emailing / Marketing;2018-01-28;
1205808;69-Algeco-Lyon-AO Habillage coloré-201801;closed;Budget;Commercial;11910.00;0;;;;;;Client existant;2018-01-28;
1205809;94-Agence Giboulées-Vitry-sur-Seine-Backlight et adhesif-201712;lost;Devis froid;Commercial;813.00;30;;;;;;Client existant;2018-01-28;
1205810;07-Algeco-Serrieres-Coved-bureau/vestiaires-201711;closed;Devis froid;Commercial;14650.00;30;;;;;;Client existant;2018-01-28;
1205811;95-Algeco-Val d'Oise-Cadre déco intérieur-201709;won;Devis froid;Commercial;1600.00;30;;;;;;Client existant;2018-01-28;
1205813;IDF-Nacarat-IDF Palissade - Com sur chantier pour terrain-201710;lost;Devis froid;Commercial;944.00;30;;;;;;Appel entrant / Emailing / Marketing;2018-01-28;
1205819;78-Algeco Paris-Ouest-Rambouillet-Clae Clairbois-201712;won;Devis froid;Commercial;10850.00;30;;;;;;Client existant;2018-01-28;
1205821;75-Sade cgth-Paris-Habillage déco bungalow-Eau de Paris-201703;closed;Devis froid;Commercial;0.00;30;;;;;;Appel entrant / Emailing / Marketing;2018-01-28;
1205823;91-Algeco-Savigny sur orge-Deco-201712;closed;Devis froid;Commercial;1760.00;30;;;;;;Client existant;2018-01-28;
1205825;75-3F-Paris-Projet test-201801;cancelled;Devis froid;Commercial;0.00;30;;;;;;Appel entrant / Emailing / Marketing;2018-01-28;
1205826;75-Oasiis-Paris-Prescripteur Mobilize-201801;closed;Devis froid;Commercial;0.00;30;;;;;;Appel entrant / Emailing / Marketing;2018-01-28;
1205827;85-Matador-Sables d'Olonne-Habillage Panneaux-201801;cancelled;Devis froid;Commercial;17646.00;30;;;;;;Appel entrant / Emailing / Marketing;2018-01-28;
1205828;AO-3E-SGP-conseil signaletique-201704;won;Devis froid;Commercial;0.00;30;;;;;;Client existant;2018-01-28;
1205831;75-Homunity-Paris15-4x3-201704;lost;Devis froid;Commercial;4598.00;30;;;;;;Client existant;2018-01-28;
1205833;FR-Algeco-FR-Signature Plexi-201512;cancelled;Devis froid;Commercial;0.00;30;;;;;;Client existant;2018-01-28;
1205834;93-Pierreval-Bagnolet-Le Zephir Palissade-201710;won;Devis froid;Commercial;4958.25;30;;;;;;Client existant;2018-01-28;
1205837;73-Cristal Habitat-Savoie-Habillage palissade-201709;lost;Devis froid;Commercial;0.00;30;;;;;;Appel entrant / Emailing / Marketing;2018-01-28;
1205839;91-Agglo Etampois-Etampes-Toile-201712;cancelled;Devis froid;Commercial;24590.00;30;;;;;;Client existant;2018-01-28;
1205842;75-Eiffage Construction-Paris Montparnasse-IGSM-201710;lost;Devis froid;Commercial;110390.00;30;;;;;;Client existant;2018-01-28;
1205844;94-Algeco-Joinville-RATP-2-bâches-escaliers-201710;lost;Devis froid;Commercial;23896.00;30;;;;;;Client existant;2018-01-28;
1205847;98-Colas France-Monaco-Habillage palissade-201801;lost;Devis froid;Commercial;7060.00;30;;;;;;Client existant;2018-01-28;
1208644;92-Sennse-T10-Nanterre-4panneaux 80x120cm-201801;won;Devis froid;Commercial;126.00;30;;;;;;Client existant;2018-01-30;
1208955;75-Villanova-Paris-Palissade osb-201706;cancelled;Devis froid;Commercial;3781.00;30;;;;;;Appel entrant / Emailing / Marketing;2018-01-30;
1208962;78-Avelis-Versailles-habillage-modules-201707;cancelled;Devis froid;Commercial;2858.00;30;;;;;;Appel entrant / Emailing / Marketing;2018-01-30;
1209223;34-CC-GrandPicSaintLoup-Ville-potence-candelabre-201801;lost;Devis froid;Commercial;0.00;30;;;;;;Appel entrant / Emailing / Marketing;2018-01-30;
1209379;92-Foncière Habitat-Colombes-Palissade SCCV COLOMBES 1-201710;won;Devis froid;Commercial;6708.00;30;;;;;;Client existant;2018-01-30;
1209462;92-Epadesa-Défense-AO-201703;lost;Devis froid;Commercial;0.00;30;;;;;;Client existant;2017-03-08;
1209463;34-Gaxieu-Vias-Palissade-mobile-201702;closed;Devis froid;Commercial;41555.04;30;;;;;;Appel entrant / Emailing / Marketing;2017-02-21;
1209464;67-Cougnaud-Duttlenheim-Habillage escalier toile-201709;cancelled;Devis froid;Commercial;5248.00;30;;;;;;Commercial / Partenaire;2017-09-22;
1209465;92-DEFACTO-NANTERRE-Candelize-201702;closed;Devis froid;Commercial;0.00;30;;;;;;Bouche à oreille / Prescription;2017-02-03;
1209466;31-GBMP-Toulouse-Palissade bois vitrée-201701;closed;Devis froid;Commercial;0.00;30;;;;;;Appel entrant / Emailing / Marketing;2017-01-18;
1209467;75-LINKCITY-Paris--Bâche-201709;cancelled;Devis froid;Commercial;15346.00;30;;;;;;Bouche à oreille / Prescription;2017-09-25;
1209468;92-Ville Garenne Colombes-Garenne Colombes-Palissade Toile-201706;closed;Devis froid;Commercial;6100.00;30;;;;;;Appel entrant / Emailing / Marketing;2017-06-15;
1209469;92-Ville Garenne Colombes-Garenne Colombes-Palissade Conseil-201704;closed;Devis froid;Commercial;5000.00;30;;;;;;Appel entrant / Emailing / Marketing;2017-04-13;
1209470;45-RelaisdeFontenay-Fontenay-Bâche-201605;won;Devis froid;Commercial;2813.00;30;;;;;;Bouche à oreille / Prescription;2016-05-06;
1209471;94-Tohier-Villennes-Bache sur gare-201508;closed;Devis froid;Commercial;25343.00;30;;;;;;Appel entrant / Emailing / Marketing;2015-08-28;
1209472;77-2LP-NC-Palissade Hotel 3*-201801;closed;Devis froid;Commercial;40033.92;30;;;;;;Appel entrant / Emailing / Marketing;2018-01-09;
1209473;60-Aliancys-Compiegne-Habillage cuve toile-201801;cancelled;Devis froid;Commercial;9128.40;30;;;;;;Appel entrant / Emailing / Marketing;2018-01-15;
1209474;75-Architecte-Paris-Palissade mobile GDN-201702;closed;Devis froid;Commercial;15400.00;30;;;;;;Appel entrant / Emailing / Marketing;2017-02-10;
1209475;75-Eurovia Aubervilliers-Paris12-Palissade bois Caserne Reuilly-201712;closed;Devis froid;Commercial;28701.28;30;;;;;;Appel entrant / Emailing / Marketing;2017-12-14;
1209476;59-Mediabox-Tourcoing-Habillage barrière vauban-201801;closed;Devis froid;Commercial;0.00;30;;;;;;Appel entrant / Emailing / Marketing;2018-01-09;
1209477;75-Percassi-Paris-Palissade Kiko-201706;closed;Identifié;Commercial;0.00;0;;;;;;Appel entrant / Emailing / Marketing;2017-06-07;
1209478;98-Saipem-Monaco-Habillage déco chantier-201709;lost;Devis froid;Commercial;0.00;30;;;;;;Appel entrant / Emailing / Marketing;2017-09-22;
1209479;13-Bouygues Immo-Rousset-Palissade 100ml-201712;lost;Devis froid;Commercial;13700.00;30;;;;;;Appel entrant / Emailing / Marketing;2017-12-27;
1209480;75-CBRE-Paris-Bulle de vente-201705;closed;Devis froid;Commercial;0.00;30;;;;;;Commercial / Partenaire;2017-05-19;
1209481;92-DTZ-Nanterre-DéposeFaçade-201701;closed;Devis froid;Commercial;7700.00;30;;;;;;Client existant;2017-01-10;
1209482;14-Pierreval-Caen-Palissade-201712;won;Devis froid;Commercial;450.00;30;;;;;;Client existant;2018-01-02;
1209483;86-Pierreval-Futuroscope-Drapeaux grue-201709;closed;Devis froid;Commercial;5879.00;30;;;;;;Commercial / Partenaire;2017-09-21;
1209505;33-AdivBois-Bordeaux-Panneaux bois imprimés-salon-201706;closed;Devis froid;Commercial;0.00;30;;;;;;Commercial / Partenaire;2017-06-21;
1209506;75-Atelier24-Paris-Palissade Mobilize Jardin acclimatation-201703;closed;Devis froid;Commercial;0.00;30;;;;;;Appel entrant / Emailing / Marketing;2017-03-21;
1209507;75-ATELIER TSUYOSHI TANE-Paris-Habillage bâtiment projet Furoshiki-201709;closed;Devis froid;Commercial;0.00;30;;;;;;Appel entrant / Emailing / Marketing;2017-09-07;
1209508;75-CNOSF-Paris-bâches-promotionnelles-201707;closed;Devis froid;Commercial;1909.50;30;;;;;;Appel entrant / Emailing / Marketing;2017-07-17;
1209509;IDF-Ertim-NC-Palissade Hotel-201703;closed;Devis froid;Commercial;0.00;30;;;;;;Appel entrant / Emailing / Marketing;2017-03-17;
1209510;45-Eurovia-Orléans-Bâche Carrefour Property-201611;closed;Devis froid;Commercial;8336.00;30;;;;;;Appel entrant / Emailing / Marketing;2016-11-07;
1209511;06-Métropole Nice-Habillage palissade intervention enfants-201610;closed;Devis froid;Commercial;0.00;30;;;;;;Appel entrant / Emailing / Marketing;2016-10-27;
1209512;95-Netfacades-Filet imprimée avec motif logo-201610;closed;Devis froid;Commercial;0.00;30;;;;;;Appel entrant / Emailing / Marketing;2016-10-12;
1209513;75-SETEC-Paris-Palissade 4m Jardin acclimatation-201703;closed;Devis froid;Commercial;109800.00;30;;;;;;Appel entrant / Emailing / Marketing;2017-12-08;
1209514;93-Socaren-Noisy-le-Grand-Habillage chantier 2palis-201706;closed;Devis froid;Commercial;0.00;30;;;;;;Appel entrant / Emailing / Marketing;2017-06-22;
1209515;75-Vinci Construction-Paris-Palissade boutique-201710;closed;Devis froid;Commercial;3449.00;30;;;;;;Appel entrant / Emailing / Marketing;2017-10-18;
1209516;75-V2G Karenae-Paris-Palissade bois event Tatarstan-2017014;closed;Devis froid;Commercial;0.00;30;;;;;;Appel entrant / Emailing / Marketing;2017-04-03;
1209517;32-Vicentini restauration-Auch-Filet cathédrale auch-201706;closed;Devis froid;Commercial;5800.00;30;;;;;;Appel entrant / Emailing / Marketing;2017-06-30;
1209518;75-Affine-Paris-Bache publicitaire bvd-201712;closed;Devis froid;Commercial;0.00;30;;;;;;Appel entrant / Emailing / Marketing;2017-12-01;
1209519;75-Dodeka-Paris-Habilage boutique Sonia Rykiel-201710;closed;Devis froid;Commercial;750.00;30;;;;;;Appel entrant / Emailing / Marketing;2017-10-11;
1209520;75-Groupe-segexParis-Habillage déco bungalow-Eau de Paris-201703;closed;Devis froid;Commercial;0.00;30;;;;;;Appel entrant / Emailing / Marketing;2017-03-24;
1209521;35-Loxam Module-Rennes-Film protection sécurité-201709;closed;Devis froid;Commercial;803.58;30;;;;;;Commercial / Partenaire;2017-09-15;
1209522;18-LV Tec-Bourges-Palissade chantier bois-201705;closed;Devis froid;Commercial;42804.00;30;;;;;;Appel entrant / Emailing / Marketing;2017-05-10;
1209523;94-LVDH-Vincennes-palissade boutique sans habillage-201709;closed;Devis froid;Commercial;0.00;30;;;;;;Appel entrant / Emailing / Marketing;2017-09-26;
1209524;26-Sygmat-Etoile sur Rhone-Bâche salon-201706;closed;Devis froid;Commercial;550.00;30;;;;;;Appel entrant / Emailing / Marketing;2017-06-30;
1209644;13-Societe4D-Aubagne-Faconeo cloture mobile-201801;lost;Budget;Commercial;21339.99;0;;;;;;Appel entrant / Emailing / Marketing;2018-01-30;
1209648;75-Epaurif-Paris-Palissade-Sorbonne-201703;won;Devis froid;Commercial;18719.05;30;;;;;;Appel entrant / Emailing / Marketing;2018-01-30;
1209685;92-Epadesa-Courbevoie-PD Mosquée-201712;won;Devis froid;Commercial;607.90;30;;;;;;Client existant;2018-01-30;
1209748;92-Eiffage construction-La Défense-Palissade Michelet-201701;won;Devis froid;Commercial;7034.00;30;;;;;;Client existant;2018-01-30;
1209767;94-CC INVESTS-Rungis-Panneaux com 2,15x2m-201801;lost;Devis froid;Commercial;502.00;30;;;;;;Appel entrant / Emailing / Marketing;2018-01-30;
1210577;32-SGRP-Auch-Cathédrale-201801;won;Devis froid;Commercial;4738.60;30;;;;;;Appel entrant / Emailing / Marketing;2018-01-31;
1211131;59-Algeco-Valenciennes-Centre hospitalier-201801;won;Devis froid;Commercial;6465.00;30;;;;;;Client existant;2018-01-31;
1211485;59-Algeco-Bouchain-Deco EDF-201801;cancelled;Devis froid;Commercial;30360.00;30;;;;;;Client existant;2018-01-31;
1211682;69-BlueSolutions-Lyon-HabillageAutomobile-201801;lost;Devis froid;Commercial;0.00;30;;;;;;Commercial / Partenaire;2018-01-31;
1212793;35-Algeco-Cesson-CLARANET-VS2-201802;won;Devis froid;Commercial;7910.00;30;;;;;;Client existant;2018-02-01;
1213867;77-Algeco-BrieComteRobert-Showroom-agence-201802;won;Devis froid;Commercial;710.00;30;;;;;;Client existant;2018-02-02;
1214032;33-Agence-Com-Together-Bordeaux-Palissade-bois-201802;closed;Budget;Commercial;9818.22;0;;;;;;Appel entrant / Emailing / Marketing;2018-02-02;
1216425;98-SIVIAM-Monaco-Habillage palissade-201802;won;Devis froid;Commercial;3718.63;30;;;;;;Client existant;2018-02-05;
1217587;13-Algeco-Aix en provence-Résidence Leopold Cartoux-201709;won;Devis froid;Commercial;1460.00;30;;;;;;Client existant;2018-02-06;
1217601;92-Ville Garenne Colombes-Garenne Colombes-Palissade com gba-201704;won;Devis froid;Commercial;24073.00;30;;;;;;Appel entrant / Emailing / Marketing;2018-02-06;
1218115;39-Ville Dole-Dole-Habillage echaf bache-201701;closed;Devis froid;Commercial;1757.40;30;;;;;;Appel entrant / Emailing / Marketing;2017-01-11;
1218116;LUX-Jooe Style-Luxembourg-Kit Magpole Clik-Cik-201702;closed;Devis froid;Commercial;340.00;30;;;;;;Appel entrant / Emailing / Marketing;2017-02-16;
1218117;68-GgeCourtois-Cernay-Aimants Clik-Clik-201702;closed;Devis froid;Commercial;400.00;30;;;;;;Appel entrant / Emailing / Marketing;2017-02-17;
1218118;69-Algeco Lyon-VaulxEnVelin-Beauvarie-201703;closed;Devis froid;Commercial;1910.00;30;;;;;;Client existant;2017-03-07;
1218119;38-Algeco Lyon-Villard-Bonnot-AdhEsif blanc tableaux velleda-201701;closed;Devis froid;Commercial;650.00;30;;;;;;Client existant;2017-01-25;
1218120;44-Algeco Nantes-Vertou-Office notarial-201701;closed;Devis froid;Commercial;1910.00;30;;;;;;Client existant;2017-01-23;
1218121;06-Algeco Vitrolles-Villeneuve Loubet-Algeco Deco-201702;closed;Devis froid;Commercial;0.00;30;;;;;;Client existant;2017-02-23;
1218122;06-Algeco-StLaurent-Cap3000-201701;closed;Devis froid;Commercial;12441.54;30;;;;;;Client existant;2017-01-13;
1218123;59-Ville de Hem-Hem-Habillage palissade mairie 60ml-201609;closed;Devis froid;Commercial;0.00;30;;;;;;Appel entrant / Emailing / Marketing;2016-09-30;
1218124;60-Algeco-Chaumont-en-Vexin-Deco-Ecole Bachivillers-201702;closed;Devis froid;Commercial;7510.00;30;;;;;;Client existant;2017-02-28;
1218125;13-Hotel Victor-Cabries-Habillage facade-201701;closed;Devis froid;Commercial;0.00;30;;;;;;Appel entrant / Emailing / Marketing;2017-01-05;
1218126;69-Algeco-Lyon-Algeco deco Citroen-201702;closed;Devis froid;Commercial;2210.00;30;;;;;;Client existant;2017-02-20;
1218127;60-Algeco Libercourt-Senlis-Deco Aubarne-201705;closed;Devis froid;Commercial;2410.00;30;;;;;;Client existant;2017-05-05;
1218128;37-Algeco-BallanMire-AHMfilets-201705;closed;Devis froid;Commercial;1110.00;30;;;;;;Client existant;2017-05-10;
1218129;62-Algeco Libercourt-kit logo Sogea-201707;closed;Devis froid;Commercial;220.00;30;;;;;;Client existant;2017-07-26;
1218130;75-Algeco-Paris12-AO dossier 664831-201703;closed;Devis froid;Commercial;2810.00;30;;;;;;Client existant;2017-03-14;
1218131;35-Algeco-Cesson-Baie vitrEe Assistance Auto 24-201612;closed;Devis froid;Commercial;650.00;30;;;;;;Client existant;2016-12-14;
1218132;IDF-Algeco-IDF-Icade Bulle de vente-201709;closed;Devis froid;Commercial;0.00;30;;;;;;Client existant;2017-10-02;
1218149;80-Etat d'Esprit-Amiens-Habillage Chantier S1-201702;closed;Devis froid;Commercial;36108.00;30;;;;;;Commercial / Partenaire;2018-02-06;
1218173;39-Ville Dole-Dole-Habillage echaf bache-201701;closed;Devis froid;Commercial;1757.40;30;;;;;;Appel entrant / Emailing / Marketing;2017-01-11;
1218174;LUX-Jooe Style-Luxembourg-Kit Magpole Clik-Cik-201702;closed;Devis froid;Commercial;340.00;30;;;;;;Appel entrant / Emailing / Marketing;2017-02-16;
1218175;68-GgeCourtois-Cernay-Aimants Clik-Clik-201702;closed;Devis froid;Commercial;400.00;30;;;;;;Appel entrant / Emailing / Marketing;2017-02-17;
1218176;69-Algeco Lyon-VaulxEnVelin-Beauvarie-201703;closed;Devis froid;Commercial;1910.00;30;;;;;;Client existant;2017-03-07;
1218177;38-Algeco Lyon-Villard-Bonnot-AdhEsif blanc tableaux velleda-201701;closed;Devis froid;Commercial;650.00;30;;;;;;Client existant;2017-01-25;
1218178;44-Algeco Nantes-Vertou-Office notarial-201701;closed;Devis froid;Commercial;1910.00;30;;;;;;Client existant;2017-01-23;
1218179;06-Algeco Vitrolles-Villeneuve Loubet-Algeco Deco-201702;closed;Devis froid;Commercial;0.00;30;;;;;;Client existant;2017-02-23;
1218180;06-Algeco-StLaurent-Cap3000-201701;closed;Devis froid;Commercial;12441.54;30;;;;;;Client existant;2017-01-13;
1218181;59-Ville de Hem-Hem-Habillage palissade mairie 60ml-201609;closed;Devis froid;Commercial;0.00;30;;;;;;Appel entrant / Emailing / Marketing;2016-09-30;
1218182;60-Algeco-Chaumont-en-Vexin-Deco-Ecole Bachivillers-201702;closed;Devis froid;Commercial;7510.00;30;;;;;;Client existant;2017-02-28;
1218183;13-Hotel Victor-Cabries-Habillage facade-201701;closed;Devis froid;Commercial;0.00;30;;;;;;Appel entrant / Emailing / Marketing;2017-01-05;
1218184;69-Algeco-Lyon-Algeco deco Citroen-201702;closed;Devis froid;Commercial;2210.00;30;;;;;;Client existant;2017-02-20;
1218185;60-Algeco Libercourt-Senlis-Deco Aubarne-201705;closed;Devis froid;Commercial;2410.00;30;;;;;;Client existant;2017-05-05;
1218186;37-Algeco-BallanMire-AHMfilets-201705;closed;Devis froid;Commercial;1110.00;30;;;;;;Client existant;2017-05-10;
1218187;62-Algeco Libercourt-kit logo Sogea-201707;closed;Devis froid;Commercial;220.00;30;;;;;;Client existant;2017-07-26;
1218188;75-Algeco-Paris12-AO dossier 664831-201703;closed;Devis froid;Commercial;2810.00;30;;;;;;Client existant;2017-03-14;
1218189;35-Algeco-Cesson-Baie vitrEe Assistance Auto 24-201612;closed;Devis froid;Commercial;650.00;30;;;;;;Client existant;2016-12-14;
1218190;IDF-Algeco-IDF-Icade Bulle de vente-201709;closed;Devis froid;Commercial;0.00;30;;;;;;Client existant;2017-10-02;
1218192;80-Algeco-Argoules-deco Jardins de Valloires-201712;lost;Devis froid;Commercial;0.00;30;;;;;;Client existant;2017-12-18;
1218193;69-AgoraOpi-Lyon-Forex-Smiley-LM-201701;closed;Devis froid;Commercial;380.00;30;;;;;;Client existant;2017-02-17;
1218194;69-Algeco-Tarare-BNP-201611;closed;Devis froid;Commercial;5710.00;30;;;;;;Client existant;2017-02-06;
1218195;63-Algeco-Murol-AlgecoDecoChateau-201706;won;Devis froid;Commercial;1145.20;30;;;;;;Client existant;2017-07-31;
1218196;69-Algeco-Lyon-FetedesLumi√®res-201710;closed;Devis froid;Commercial;4710.00;30;;;;;;Client existant;2017-12-11;
1218197;35-Algeco-Chateaubrg-logoForafrce-201708;closed;Devis froid;Commercial;1910.00;30;;;;;;Client existant;2017-10-31;
1218198;35-Algeco-Montgermont-Maisonfami-201710;closed;Devis froid;Commercial;2010.00;30;;;;;;Client existant;2017-12-05;
1218199;17-Algeco-LaRochelle-Dautet-201710;closed;Devis froid;Commercial;1110.00;30;;;;;;Client existant;2017-12-21;
1218200;92-Algeco-Clamart-Pharma securite-201704;closed;Devis froid;Commercial;954.00;30;;;;;;Client existant;2017-06-22;
1218201;78-Algeco-Aubergenville-8modules-201706;closed;Devis froid;Commercial;10510.00;30;;;;;;Client existant;2017-08-30;
1218202;92-Algeco-Issy-Module Le Reacteur-201709;closed;Devis froid;Commercial;1110.00;30;;;;;;Client existant;2017-10-02;
1218203;57-Algeco-Marly-Anzile-201612;won;Devis froid;Commercial;1110.00;30;;;;;;Client existant;2017-01-09;
1218204;08-AlgecoStrasbourg-EspaceHabitat-201701;closed;Devis froid;Commercial;2560.00;30;;;;;;Client existant;2017-05-12;
1218205;57-Algeco-Marly-SCCV MARILIA-201706;closed;Devis froid;Commercial;650.00;30;;;;;;Client existant;2017-08-28;
1218206;83-Algeco-Ramatuelle-La Reserve-201612;closed;Devis froid;Commercial;5710.00;30;;;;;;Client existant;2017-03-21;
1218207;06-Algeco-Cannes-AéroportCannes-201612;closed;Devis froid;Commercial;650.00;30;;;;;;Client existant;2017-02-24;
1218208;06-Algeco-Cannes-AéroportCannes-201612;closed;Devis froid;Commercial;650.00;30;;;;;;Client existant;2017-03-10;
1218209;06-Algeco-Nice-Deco-GARELLI-201703;closed;Devis froid;Commercial;650.00;30;;;;;;Client existant;2017-06-22;
1218210;13-Algeco-Marseille-IMELesChalets-201706;closed;Devis froid;Commercial;3810.00;30;;;;;;Client existant;2017-10-02;
1218211;75-C&A-Paris-systeme en hauteur-201704;closed;Devis froid;Commercial;240.00;30;;;;;;Appel entrant / Emailing / Marketing;2017-05-05;
1218212;56-Carrefour-Vannes-Loopline supp-201610;closed;Devis froid;Commercial;215.00;30;;;;;;Bouche à oreille / Prescription;2017-01-05;
1218213;92-EPADESA-NANTERRE-ASCENSEUR-201612;closed;Devis froid;Commercial;337.50;30;;;;;;Client existant;2017-02-20;
1218214;92-Epadesa-Nanterre-PanneauPieton-201612;won;Devis froid;Commercial;1875.00;30;;;;;;Client existant;2017-04-07;
1218215;92-Epadesa-Nanterre-Panneau PD-201701;closed;Devis froid;Commercial;1362.90;30;;;;;;Client existant;2017-01-30;
1218216;92-FonciereHabitat-Puteaux-Clot.-201702;won;Devis froid;Commercial;12024.00;30;;;;;;Client existant;2017-04-12;
1218217;78-GCC-Aubergenville-baches-201707;won;Devis froid;Commercial;345.00;30;;;;;;Appel entrant / Emailing / Marketing;2017-09-11;
1218218;92-SennseT10-Nanterre-6u-Travaux-201712;closed;Devis froid;Commercial;145.00;30;;;;;;Commercial / Partenaire;2017-12-29;
1218219;92-Algeco-LaDefense-Depoli-8-9√®me-201611;closed;Devis froid;Commercial;1075.59;30;;;;;;Client existant;2017-02-17;
1218220;92-Algeco-LaDefense-Depoli-8-9√®me-201611;closed;Devis froid;Commercial;1346.31;30;;;;;;Client existant;2017-02-17;
1218221;95-Algeco-StOuenAum-adhésolaire-201706;closed;Devis froid;Commercial;2025.00;30;;;;;;Client existant;2017-08-28;
1218222;95-Algeco-StOuenAum-adhésolaire-201706;closed;Devis froid;Commercial;360.00;30;;;;;;Client existant;2017-08-28;
1218223;62-Algeco-Audinghen-Ruedelaplage-201705;closed;Devis froid;Commercial;2900.00;30;;;;;;Client existant;2017-06-30;
1218224;60-Algeco-Ressons-permischantier-201709;closed;Devis froid;Commercial;1010.00;30;;;;;;Client existant;2017-11-14;
1218225;94-Algeco-MaisonAlt-liseret bleu-201706;closed;Devis froid;Commercial;3010.00;30;;;;;;Client existant;2017-07-10;
1218226;75-Elogie-Siemp-Paris13-Vitrine-201705;closed;Devis froid;Commercial;1023.20;30;;;;;;Appel entrant / Emailing / Marketing;2017-12-20;
1218227;91-Pierreval-Monthlery-Palissade-201707;closed;Devis froid;Commercial;9546.00;30;;;;;;Client existant;2017-09-12;
1218228;94-Pierreval-ORLY-Palissade-201707;closed;Devis froid;Commercial;7448.80;30;;;;;;Client existant;2017-09-18;
1218229;93-Pierreval-Livry-reintervention-201706;closed;Devis froid;Commercial;300.00;30;;;;;;Client existant;2017-09-18;
1218230;92-EiffageC-Nanterre-Panneaux-201701;closed;Devis froid;Commercial;1061.00;30;;;;;;Bouche à oreille / Prescription;2017-01-30;
1218231;69-EiffageC-Ternay-Pochettes-201701;closed;Devis froid;Commercial;1497.50;30;;;;;;Bouche à oreille / Prescription;2017-02-17;
1218239;44-Loire Atlantic dev-Pornic-Palissade 150ml-201609;closed;Devis froid;Commercial;10000.00;30;;;;;;Appel entrant / Emailing / Marketing;2016-09-30;
1218240;33-Mairie Arcachon-cloture front de mer-201610;closed;Devis froid;Commercial;23475.00;30;;;;;;Appel entrant / Emailing / Marketing;2016-10-25;
1218241;31-Cure Gourmande-St Gaudens-Palissade intErieur kiosque-201611;closed;Devis froid;Commercial;4000.00;30;;;;;;Appel entrant / Emailing / Marketing;2016-11-22;
1218242;80-Etat d'Esprit-Amiens-Conseil Habillage Chantier-201702;closed;Devis froid;Commercial;1800.00;30;;;;;;Commercial / Partenaire;2017-02-07;
1218243;98-Bouygues-Monaco-Habillage Anse-201701;closed;Devis froid;Commercial;171964.50;30;;;;;;Commercial / Partenaire;2017-01-20;
1218244;75-Balas-Paris-Mobilize Publicis Drugstore Chps ElysEes-201611;closed;Devis froid;Commercial;14800.86;30;;;;;;Appel entrant / Emailing / Marketing;2016-10-18;
1218245;33-Spie Batignolles-Pauillac-Palissades-201702;closed;Devis froid;Commercial;40000.00;30;;;;;;Appel entrant / Emailing / Marketing;2017-02-09;
1218246;75-Dumez-Paris-Bache Champs ElysEes Eclairage-201702;closed;Devis froid;Commercial;32120.00;30;;;;;;Client existant;2017-02-27;
1218247;75-Eataly-Paris-Habillage palissade Marais-201606;closed;Devis froid;Commercial;19000.00;30;;;;;;Appel entrant / Emailing / Marketing;2016-06-01;
1218248;75-BDC Conseil-Paris-Totem port de Paris-201702;closed;Devis froid;Commercial;35277.60;30;;;;;;Commercial / Partenaire;2017-02-03;
1218249;01-Casset-Boisse-soution palissade Mobilize-201702;closed;Devis froid;Commercial;4338.92;30;;;;;;Appel entrant / Emailing / Marketing;2017-02-15;
1218250;75-Eataly-Paris-Habillage palissade Marais-201703;closed;Devis froid;Commercial;1140.00;30;;;;;;Appel entrant / Emailing / Marketing;2017-03-10;
1218251;94-SociEtE Grand Paris-Cachan-Palissade numErique-201702;closed;Devis froid;Commercial;0.00;30;;;;;;Appel entrant / Emailing / Marketing;2017-02-02;
1218252;69-AgoraOpinion-Lyon-Plexi Demi-Lune-201703;closed;Devis froid;Commercial;3748.00;30;;;;;;Client existant;2017-03-10;
1218253;59-Valenciennes Metropole-Vieux CondE-Palissades-201609;closed;Devis froid;Commercial;15575.37;30;;;;;;Appel entrant / Emailing / Marketing;2016-10-03;
1218254;64-SEG-FAYAT-Bayonne-Palissades-201702;closed;Devis froid;Commercial;21730.00;30;;;;;;Appel entrant / Emailing / Marketing;2017-02-09;
1218255;77-Epiceum-Bussy St Georges-AO ZAC du Sycomore-201702;closed;Devis froid;Commercial;0.00;30;;;;;;Client existant;2017-02-16;
1218256;78-MLB Concept-Montfort l'Amaury-Palissade com rEhabilitation-201703;closed;Devis froid;Commercial;44294.39;30;;;;;;Appel entrant / Emailing / Marketing;2017-03-14;
1218257;06-Tekevent-Cannes-Evenement Biz Bir Baskayiz-201703;closed;Devis froid;Commercial;0.00;30;;;;;;Client existant;2017-03-14;
1218258;35-Toile Concept-Rennes-Palissade 3mx220ml-201703;closed;Devis froid;Commercial;0.00;30;;;;;;Appel entrant / Emailing / Marketing;2017-03-03;
1218259;80-Etat d'Esprit-Amiens-Panneaux-Chantier-201704;closed;Devis froid;Commercial;8670.00;30;;;;;;Commercial / Partenaire;2017-04-14;
1218260;98-ChainIQ-Monaco-Habillage UBS-201703;closed;Devis froid;Commercial;8975.00;30;;;;;;Appel entrant / Emailing / Marketing;2017-03-08;
1218261;75-Dumez-Paris-DEpose-Repose-BaÃÇche-Queen-201704;closed;Devis froid;Commercial;1955.00;30;;;;;;Client existant;2017-04-19;
1218262;78-Navarra Ts-Versailles-Palissade-201611;closed;Devis froid;Commercial;0.00;30;;;;;;Appel entrant / Emailing / Marketing;2016-11-10;
1218263;67-Credit agricole-Strasbourg-Toiles tendues-201703;closed;Devis froid;Commercial;0.00;30;;;;;;Appel entrant / Emailing / Marketing;2017-04-04;
1218264;92-Planitec Btp-DEfense-Panneau 2x3-201610;closed;Devis froid;Commercial;3427.00;30;;;;;;Appel entrant / Emailing / Marketing;2016-11-07;
1218265;93-Sennse-Aubervilliers-Palissade-Prolongement-M12-201611;closed;Devis froid;Commercial;0.00;30;;;;;;Client existant;2016-12-02;
1218266;FR-Algeco-FR-BacheCouverture-201606;closed;Devis froid;Commercial;0.00;30;;;;;;Client existant;2016-06-15;
1218267;80-Etat D'Esprit-Amiens-Covering Bus-201704;closed;Devis froid;Commercial;2700.00;30;;;;;;Client existant;2017-04-19;
1218268;85-Algeco-Bouffere-Clean Cells-201705;closed;Devis froid;Commercial;6221.00;30;;;;;;Client existant;2017-05-17;
1218269;91-APC-Les Ulis-Palissade bois-201705;closed;Devis froid;Commercial;0.00;30;;;;;;Appel entrant / Emailing / Marketing;2017-05-11;
1218270;85-Garage Chaigneau-Cheffois-Adhesif Hybride-201705;closed;Devis froid;Commercial;750.00;30;;;;;;Client existant;2017-05-18;
1218271;75-E.C Pradeau Morin-Paris-Bache GeorgeV event-201706;closed;Devis froid;Commercial;0.00;30;;;;;;Commercial / Partenaire;2017-06-15;
1218272;06-HygieÃÄne4D-Nice-Salon Solucop-201705;closed;Devis froid;Commercial;0.00;30;;;;;;Commercial / Partenaire;2017-05-12;
1218273;75-Paris-IS-Palissade-Bois-201707;closed;Devis froid;Commercial;6630.00;30;;;;;;Appel entrant / Emailing / Marketing;2017-07-20;
1218274;14-Epiceum-Colombelles-Palissade bois street art-201703;closed;Devis froid;Commercial;4266.00;30;;;;;;Appel entrant / Emailing / Marketing;2017-03-14;
1218275;IDF-Avelis group-IDF-DEco modules-201706;closed;Devis froid;Commercial;77206.00;30;;;;;;Appel entrant / Emailing / Marketing;2017-06-12;
1218276;07-MusEAl-Alba la Romaine-Affichages candElabres-201704;closed;Devis froid;Commercial;1755.00;30;;;;;;Appel entrant / Emailing / Marketing;2017-04-26;
1218277;59-MAUBEUGE-MAIRIE-3PALISSADES-201707;closed;Devis froid;Commercial;5631.00;30;;;;;;Appel entrant / Emailing / Marketing;2017-07-25;
1218278;44-Airbus-Nantes-Habillage filet-201705;closed;Devis froid;Commercial;6993.00;30;;;;;;Appel entrant / Emailing / Marketing;2017-05-12;
1218279;78-Pradeau Morin-Versailles-Habillage bungalows Chateau-201611;closed;Devis froid;Commercial;0.00;30;;;;;;Client existant;2016-11-18;
1218280;78-Eiffage Aménagement-T2B BaseVie+Panneau-201706;closed;Devis froid;Commercial;7000.00;30;;;;;;Client existant;2017-06-02;
1218281;75-ibisStyles-Paris16-Habillagefacade-201705;closed;Devis froid;Commercial;0.00;30;;;;;;Commercial / Partenaire;2017-05-19;
1218282;92-Studio Millimetre-Montrouge-Toile sur structure-201706;closed;Devis froid;Commercial;0.00;30;;;;;;Appel entrant / Emailing / Marketing;2017-07-04;
1218283;06-ADR prod-Cannes-Habillage chantier dEcoratif-201709;closed;Devis froid;Commercial;72960.00;30;;;;;;Appel entrant / Emailing / Marketing;2017-09-22;
1218284;75-Regisseur Palais Royal Evenements-Paris1-bache sur echafaudage-201710;closed;Devis froid;Commercial;1510.00;30;;;;;;Appel entrant / Emailing / Marketing;2017-10-26;
1218285;77-SCMenvironnement-Fontainebleau-Palissade bois Ch√¢teau-201709;closed;Devis froid;Commercial;34718.00;30;;;;;;Appel entrant / Emailing / Marketing;2017-10-03;
1218286;75-Algeco-Paris-Tour Eiffel-201710;closed;Devis froid;Commercial;96000.00;30;;;;;;Client existant;2017-10-30;
1218287;AO 12645 - Panneautique;closed;Devis froid;Commercial;0.00;30;;;;;;Commercial / Partenaire;2017-05-29;
1218288;75-Algeco-Paris-Est-Paris-Terminus Nord-201708;closed;Devis froid;Commercial;16992.00;30;;;;;;Client existant;2017-08-04;
1218289;80-Etat d'Esprit-Amiens-Plan-GEant-201710;lost;Devis froid;Commercial;16875.00;30;;;;;;Client existant;2017-10-30;
1218290;75-Vilogia-Paris17-Bâche Batignolles-201708;lost;Devis froid;Commercial;15000.00;30;;;;;;Appel entrant / Emailing / Marketing;2017-08-29;
1218291;75-Groupama-Paris-Habillage Palissade 21 Bd Malesherbes-201801;won;Devis froid;Commercial;7400.00;30;;;;;;Client existant;2018-01-11;
1218293;80-Etat Esprit-Amiens-Salve2-201709;closed;Devis froid;Commercial;18709.00;30;;;;;;Client existant;2017-12-05;
1218294;80-Etat-d'esprit-Amiens-10-bâches-201711;closed;Devis froid;Commercial;1200.00;30;;;;;;Client existant;2017-11-20;
1218295;31-AlgecoToulouse-Collecte jouets-201710;closed;Devis froid;Commercial;810.00;30;;;;;;Client existant;2017-11-13;
1218296;63-Algeco-Clermont-Deco CHU-201703;closed;Devis froid;Commercial;7660.00;30;;;;;;Client existant;2017-07-12;
1218297;63-Algeco-Clermont-logo DGAC-201707;closed;Devis froid;Commercial;650.00;30;;;;;;Client existant;2017-08-28;
1218298;69-Algeco-Lyon-SportClub-201708;closed;Devis froid;Commercial;2010.00;30;;;;;;Client existant;2017-08-28;
1218299;69-Algeco-Meyzieu-Habillagebureau-201709;closed;Devis froid;Commercial;893.20;30;;;;;;Client existant;2017-11-08;
1218300;37-ALGECO-BALLAN-MIRE-AHM-FILETS-2016-11;closed;Devis froid;Commercial;4810.00;30;;;;;;Client existant;2017-02-09;
1218301;86-Algeco-Châtellerault-AireSer.-201703;closed;Devis froid;Commercial;3260.00;30;;;;;;Client existant;2017-04-12;
1218302;22-Algeco-Loudeac-DecoCEVA-201706;closed;Devis froid;Commercial;3460.00;30;;;;;;Client existant;2017-07-10;
1218303;37-Algeco-StCyrsurLoire-PJOSPORTS-201709;closed;Devis froid;Commercial;1110.00;30;;;;;;Client existant;2017-10-16;
1218304;44-Algeco-Ancenis-Collecte jouets-201710;closed;Devis froid;Commercial;1110.00;30;;;;;;Client existant;2017-11-13;
1218305;08-Algeco-Chooz-EDF-201607;closed;Devis froid;Commercial;1560.00;30;;;;;;Client existant;2017-02-06;
1218306;67-Algeco-Strasbourg-Parlement-201607;closed;Devis froid;Commercial;5710.00;30;;;;;;Client existant;2017-03-21;
1218307;68-Algeco-Thann-Deco bois Piscine-201705;closed;Devis froid;Commercial;4810.00;30;;;;;;Client existant;2017-07-10;
1218308;90-ALGECO-Belfort-Eurockeennes-201706;closed;Devis froid;Commercial;1110.00;30;;;;;;Client existant;2017-07-10;
1218309;22-Algeco-Cannes-Deco Mont Blanc-201706;closed;Devis froid;Commercial;3010.00;30;;;;;;Client existant;2017-07-12;
1218310;22-Algeco-Cannes-Deco Mont Blanc-201706;closed;Devis froid;Commercial;1210.00;30;;;;;;Client existant;2017-07-12;
1218311;13-Algeco-Aix-ResidLeopoldCartoux-201709;closed;Devis froid;Commercial;1460.00;30;;;;;;Client existant;2017-10-23;
1218312;06-Algeco-Antibes-Collectejouets-201710;closed;Devis froid;Commercial;3110.00;30;;;;;;Client existant;2017-11-13;
1218314;92-EiffageC-Puteaux-Module-201709;closed;Devis froid;Commercial;3030.00;30;;;;;;Bouche à oreille / Prescription;2017-11-20;
1218315;92-Epadesa-Nanterre-Trinity-201604;closed;Devis froid;Commercial;1800.00;30;;;;;;Client existant;2017-06-30;
1218316;92-Epadesa-Nanterre-circu-Coupole-201709;closed;Devis froid;Commercial;525.00;30;;;;;;Client existant;2017-10-23;
1218317;92-Epadesa-Nanterre-Totems-Arena-201704;closed;Devis froid;Commercial;6255.00;30;;;;;;Client existant;2017-10-25;
1218318;92-Epadesa-Nanterre-Acc√®s-Borne-201707;closed;Devis froid;Commercial;98.00;30;;;;;;Client existant;2017-10-24;
1218319;92-Epadesa-Nanterre-Dépose totem-201710;closed;Devis froid;Commercial;2370.00;30;;;;;;Client existant;2017-12-05;
1218320;75-Epaurif-Paris-Graphisme-201703;closed;Devis froid;Commercial;3800.00;30;;;;;;Appel entrant / Emailing / Marketing;2017-12-20;
1218321;37-IDEX-Tours-CHRU-201706;closed;Devis froid;Commercial;3978.00;30;;;;;;Client existant;2017-06-23;
1218322;75-Michelon-Paris-Palissade Miro-201701;closed;Devis froid;Commercial;600.00;30;;;;;;Appel entrant / Emailing / Marketing;2017-04-07;
1218323;75-Rent-Paris-SignaVillette-201709;closed;Devis froid;Commercial;2132.80;30;;;;;;Bouche à oreille / Prescription;2017-10-10;
1218324;92-Sennse-T10-100Stickers-80x25-201703;closed;Devis froid;Commercial;731.50;30;;;;;;Commercial / Partenaire;2017-05-02;
1218325;92-Sennse-T10-Totem-TRITONS-201703;closed;Devis froid;Commercial;1204.20;30;;;;;;Commercial / Partenaire;2017-05-09;
1218326;92-ChatMalabry-SennseT10-panneaux-201707;closed;Devis froid;Commercial;450.00;30;;;;;;Commercial / Partenaire;2017-08-30;
1218327;92-Sennse-Chantenay-10 Akylux-201707;closed;Devis froid;Commercial;183.00;30;;;;;;Commercial / Partenaire;2017-08-30;
1218328;92-Sennse-IDF-T10-Totems-201709;closed;Devis froid;Commercial;1532.60;30;;;;;;Commercial / Partenaire;2017-11-08;
1218329;92-Sennse-Nanterre-commercants-201711;closed;Devis froid;Commercial;183.00;30;;;;;;Commercial / Partenaire;2017-12-20;
1218330;94-Snerct-Brys/Marne-Bâche-201706;closed;Devis froid;Commercial;143.75;30;;;;;;Client existant;2017-07-11;
1218331;78-SNCF-EOLE-MANTES-BACHE-201705;closed;Devis froid;Commercial;86.00;30;;;;;;Commercial / Partenaire;2017-08-28;
1218332;78-SNCF-Poissy-Panneau-1,00x1,40-201703;closed;Devis froid;Commercial;322.80;30;;;;;;Commercial / Partenaire;2017-06-15;
1218333;78-SNCF EOLE-Poissy-Pan-Infos-201704;closed;Devis froid;Commercial;667.60;30;;;;;;Commercial / Partenaire;2017-06-15;
1218334;78-SNCF-EOLE-AUBERGENVILLE-GARE-201705;closed;Devis froid;Commercial;8173.84;30;;;;;;Commercial / Partenaire;2017-08-02;
1218335;78-SNCF-EOLE-AUBERGENVILLE-GARE-201705;closed;Devis froid;Commercial;194.04;30;;;;;;Commercial / Partenaire;2017-08-02;
1218336;92-EOLE-Nanterre-PanneauTriptyque-201706;closed;Devis froid;Commercial;4042.00;30;;;;;;Commercial / Partenaire;2017-11-06;
1218337;92-SNCF-Eole-CNIT-PULLMAN-201706;closed;Devis froid;Commercial;1650.00;30;;;;;;Commercial / Partenaire;2017-09-29;
1218338;78-SNCF EOLE-Villennes-Panneaux-201708;closed;Devis froid;Commercial;2805.00;30;;;;;;Commercial / Partenaire;2017-10-10;
1218339;92-EOLE-Nanterre-PanneauTriptyque-201706;closed;Devis froid;Commercial;350.00;30;;;;;;Commercial / Partenaire;2017-10-25;
1218340;92-Algeco-Ladefense-Bureau-201703;closed;Devis froid;Commercial;870.71;30;;;;;;Client existant;2017-07-17;
1218341;92-Algeco-Ladefense-Bureau-201708;closed;Devis froid;Commercial;870.71;30;;;;;;Client existant;2017-08-31;
1218342;78-Algeco-Clairefontne-Volkswagen-201701;closed;Devis froid;Commercial;1110.00;30;;;;;;Client existant;2017-01-31;
1218343;77-Algeco-Ecuelles-ERDF R&D-201608;closed;Devis froid;Commercial;1110.00;30;;;;;;Client existant;2017-09-25;
1218344;77-Algeco-Ecuelles-ERDF R&D-201608;closed;Devis froid;Commercial;777.00;30;;;;;;Client existant;2017-09-25;
1218345;77-Algeco-MoissyCramayel-Resmed-201709;closed;Devis froid;Commercial;1604.00;30;;;;;;Client existant;2017-10-10;
1218346;75-Dumez-Paris-Bâche-ChpsElysees-201607;closed;Devis froid;Commercial;2466.25;30;;;;;;Appel entrant / Emailing / Marketing;2017-07-17;
1218347;92-Bouygues-Nanterre-PalissadeU-201604;closed;Devis froid;Commercial;28928.00;30;;;;;;Bouche à oreille / Prescription;2017-03-03;
1218348;93-Pierreval-Livry-Palissade-201705;closed;Devis froid;Commercial;3500.00;30;;;;;;Client existant;2017-06-22;
1218349;91-Pierreval-Monthlery-Palissade-201707;closed;Devis froid;Commercial;552.81;30;;;;;;Client existant;2017-09-12;
1218350;91-Pierreval-Monthlery-Palissade-201707;closed;Devis froid;Commercial;450.00;30;;;;;;Client existant;2017-09-11;
1218351;91-Pierreval-StPierreduPerray-Pal-201710;closed;Devis froid;Commercial;9748.00;30;;;;;;Client existant;2017-11-23;
1218352;95-Pierreval-Franconville-Pal-201710;closed;Devis froid;Commercial;9943.00;30;;;;;;Client existant;2017-11-23;
1218353;92-EiffageC-Nanterre-Window-201607;closed;Devis froid;Commercial;51600.00;30;;;;;;Commercial / Partenaire;2017-01-31;
1218354;98-Colas-Monaco-Graphisme Anse-201612;closed;Devis froid;Commercial;1200.00;30;;;;;;Client existant;2017-06-30;
1218355;98-Colas-Monaco-Rond-Point-Anse-201707;closed;Devis froid;Commercial;6307.00;30;;;;;;Client existant;2017-09-01;
1218356;75-Vinci-Paris-Panneauchantier-201710;closed;Devis froid;Commercial;6629.00;30;;;;;;Appel entrant / Emailing / Marketing;2017-12-20;
1218357;26-SITI-PlaqueALGECODIBOND-201604;closed;Devis froid;Commercial;6940.00;30;;;;;;Client existant;2017-05-29;
1218358;26-SITI-Valence-PlaqueAlgeco-201707;closed;Devis froid;Commercial;6940.00;30;;;;;;Client existant;2017-07-28;
1218359;26-SITI-Valence-Plaque Dibond-3MM-201710;closed;Devis froid;Commercial;6940.00;30;;;;;;Bouche à oreille / Prescription;2017-10-31;
1218360;02-Ville Soissons-Palissade bois-201705;closed;Devis froid;Commercial;21185.00;30;;;;;;Appel entrant / Emailing / Marketing;2017-06-30;
1218361;02-Ville Soissons-Palissade bois-201705;closed;Devis froid;Commercial;2887.00;30;;;;;;Appel entrant / Emailing / Marketing;2017-07-17;
1218362;69-AgoraOpi-Lyon-ForexSmiley-BU-201703;closed;Devis froid;Commercial;347.00;30;;;;;;Client existant;2017-04-03;
1218363;98-Bouygues-Monaco-Graphisme Anse-201610;closed;Devis froid;Commercial;6000.00;30;;;;;;Bouche à oreille / Prescription;2017-02-06;
1218364;92-Epadesa-RDC-Restickage-201607;closed;Devis froid;Commercial;9419.25;30;;;;;;Client existant;2017-05-18;
1218365;92-Epadesa-Courbev-Panneauxpermis-201702;closed;Devis froid;Commercial;3020.80;30;;;;;;Client existant;2017-04-21;
1218366;92-EPADESA-Nanterre-PalNanterreU-201702;closed;Devis froid;Commercial;636.75;30;;;;;;Client existant;2017-03-21;
1218367;92-EPADESA-Nanterre-RosedeCherb-201502;closed;Devis froid;Commercial;747.00;30;;;;;;Client existant;2017-05-18;
1218368;92-FonciereHabitat-Puteaux-Cadres-201703;closed;Devis froid;Commercial;775.00;30;;;;;;Client existant;2017-04-07;
1218370;75-Michelon-Paris-Palissade Miro-201701;closed;Devis froid;Commercial;8900.00;30;;;;;;Appel entrant / Emailing / Marketing;2017-04-11;
1218371;92-Sennse-T10-totem decoupe-201701;closed;Devis froid;Commercial;2871.45;30;;;;;;Commercial / Partenaire;2017-03-21;
1218372;94-Snerct-Bry-s/Marne-Panneau-201610;closed;Devis froid;Commercial;426.85;30;;;;;;Client existant;2017-03-21;
1218373;94-Algeco-Paris-Est-Orly-Bandeau-201611;closed;Devis froid;Commercial;18000.00;30;;;;;;Client existant;2017-02-24;
1218374;94-AtelierdesGiboulees-Vitry-kake-201605;closed;Devis froid;Commercial;551.10;30;;;;;;Client existant;2017-03-10;
1218375;94-AtelierdesGiboulees-Vitry-kake-201605;closed;Devis froid;Commercial;5095.31;30;;;;;;Client existant;2017-03-10;
1218376;75-Dumez-Paris-Bâche-ChpsElysees-201607;won;Devis froid;Commercial;67000.00;30;;;;;;Appel entrant / Emailing / Marketing;2017-10-06;
1218377;92-Bouygues-Nanterre-Alto-201609;closed;Devis froid;Commercial;3300.00;30;;;;;;Bouche à oreille / Prescription;2017-01-25;
1218378;CH-FA Jura-Porrentruy-Bâche-201604;closed;Devis froid;Commercial;5032.00;30;;;;;;Appel entrant / Emailing / Marketing;2017-10-27;
1218379;92-EiffageC-LaDefense-PalMichelet-201701;closed;Devis froid;Commercial;2200.00;30;;;;;;Commercial / Partenaire;2017-10-02;
1218380;92-EiffageC-Nanterre-Window-201607;closed;Devis froid;Commercial;4890.44;30;;;;;;Bouche à oreille / Prescription;2017-07-03;
1218381;BE-ULG-Liege AO-Palissade Bois-201705;closed;Devis froid;Commercial;33483.08;30;;;;;;Appel entrant / Emailing / Marketing;2017-08-28;
1218382;BE-ULG-Liege AO-Palissade Bois-201705;closed;Devis froid;Commercial;2641.92;30;;;;;;Appel entrant / Emailing / Marketing;2017-11-20;
1218383;26-SITI-PlaqueALGECODIBOND-201604;closed;Devis froid;Commercial;6940.00;30;;;;;;Client existant;2017-03-10;
1218541;59-MRB Couverture-Valenciennes-Palissade bois hotel ville-201706;won;Devis froid;Commercial;19880.00;30;;;;;;Appel entrant / Emailing / Marketing;2018-02-06;
1218684;98-Satri sam-Monaco-Bache Testimonio 2 - 201611;closed;Devis froid;Commercial;114153.74;30;;;;;;Bouche à oreille / Prescription;2018-02-06;
1218688;75-Etat d'Esprit-AO RATP L14-201705;closed;Devis froid;Commercial;4180.00;30;;;;;;Client existant;2018-02-06;
1218694;67-Clinique RhEna-Strasbourg-Palissade- communicante-201703;cancelled;Devis froid;Commercial;0.00;30;;;;;;Appel entrant / Emailing / Marketing;2018-02-06;
1218701;92-Eiffage-La DEfense-ComplEment-Palissade Michelet-201801;closed;Devis froid;Commercial;2335.00;30;;;;;;Client existant;2018-02-06;
1218722;59-MEL-Villeneuve d'Ascq-Palissade-201701;lost;Devis froid;Commercial;0.00;30;;;;;;Commercial / Partenaire;2018-02-06;
1218727;FR-Vilogia-Habillage chantier-201708;closed;Devis froid;Commercial;0.00;30;;;;;;Appel entrant / Emailing / Marketing;2018-02-06;
1218876;92-Mairie-Garenne Colombes-Entretien Palissade-201802;cancelled;Devis froid;Commercial;1683.76;30;;;;;;Client existant;2018-02-06;
1221351;92-Foncière Habitat-Rueil-Palissade SCCV RUEILMALMAISON 1-201802;closed;Qualifié;Commercial;8058.00;0;;;;;;Client existant;2018-02-08;
1221395;92-Altarea Cogedim-Puteaux-Palissade Eria-201802;won;Devis froid;Commercial;14123.13;30;;;;;;Bouche à oreille / Prescription;2018-02-08;
1221625;98-SIVIAM-Monaco-PalissadeMer/Pin-201802;won;Devis froid;Commercial;3197.56;30;;;;;;Client existant;2018-02-08;
1223310;92-Pradeau Morin-Puteaux-Panneaux chantier Capucines-201802;closed;Devis froid;Commercial;1998.00;30;;;;;;Appel entrant / Emailing / Marketing;2018-02-09;
1225908;FR-Bouygues-Construction-Consultation-chantier-le-doublon-201802;cancelled;Devis froid;Commercial;0.00;30;;;;;;Appel entrant / Emailing / Marketing;2018-02-12;
1226544;34-Sica-Montpellier-Palissade contreplaque int/ext-201802;lost;Devis froid;Commercial;0.00;30;;;;;;Appel entrant / Emailing / Marketing;2018-02-13;
1227374;75-Cardinal Edifice-Paris13-Palissade ITALIK-201802;closed;Devis froid;Commercial;0.00;30;;;;;;Appel entrant / Emailing / Marketing;2018-02-13;
1227405;75-Agence Sensation-Paris-Recherche emplacement-201802;closed;Devis froid;Commercial;0.00;30;;;;;;Appel entrant / Emailing / Marketing;2018-02-13;
1227444;75-FonciereHabitat-Paris-HabillageBureau-201802;won;Devis froid;Commercial;6890.50;30;;;;;;Client existant;2018-02-13;
1227764;93-Syctom-Romainville-AlgecoDeco-201802;closed;Devis froid;Commercial;30000.00;30;;;;;;Client existant;2018-02-13;
1228330;78-Homunity-Viroflay-Habillage Palissade-201802;won;Devis froid;Commercial;1264.30;30;;;;;;Client existant;2018-02-14;
1229960;80-Etat d'Esprit-Amiens-Habillage Chantier S3-201802;won;Devis froid;Commercial;25443.77;30;;;;;;Client existant;2018-02-14;
1234601;98-Vinci-Monaco-HabillageModuleToile-201802;lost;Devis froid;Commercial;38000.00;30;;;;;;Bouche à oreille / Prescription;2018-02-16;
1238051;72-LMBTP-Sarthe-Mobilize-201802;lost;Devis froid;Commercial;11515.38;30;;;;;;Appel entrant / Emailing / Marketing;2018-02-19;
1239129;92-Pitch Promotion-Asnières-Habillage facade-201802;cancelled;Devis froid;Commercial;24444.83;30;;;;;;Appel entrant / Emailing / Marketing;2018-02-20;
1239436;78-Algeco-SaintCyr-Ecole deco vegetation-201802;closed;Devis froid;Commercial;8510.00;30;;;;;;Client existant;2018-02-20;
1241229;75-ACH CHAJAI PARIS-Habillage échafaudage passage boutique-201802;cancelled;Devis froid;Commercial;0.00;30;;;;;;Appel entrant / Emailing / Marketing;2018-02-20;
1241868;75-Bouygues Bâtiment-Paris1-Habillage chantier Chanel-201802;lost;Devis froid;Commercial;50236.00;30;;;;;;Appel entrant / Emailing / Marketing;2018-02-20;
1248222;35-Ville Chateaugiron-Habillage échafaudage mairie-201802;lost;Devis froid;Commercial;8174.00;30;;;;;;Appel entrant / Emailing / Marketing;2018-02-22;
1249098;75-CBRE-Paris-20 avenue Hoche-201802;cancelled;Devis froid;Commercial;4685.00;30;;;;;;Commercial / Partenaire;2018-02-23;
1252055;22-Algeco-Langueux-Deco-SocieteGenerale-201802;won;Devis froid;Commercial;3010.00;30;;;;;;Client existant;2018-02-26;
1252193;78-Mairie-Montfort-l'Amaury-Habillage echafaudage eglise MH-2018;lost;Devis froid;Commercial;3810.00;30;;;;;;Appel entrant / Emailing / Marketing;2018-02-26;
1252280;56-Algeco-Auray-Mairie-201802;won;Devis froid;Commercial;2560.00;30;;;;;;Client existant;2018-02-26;
1257137;75-Hublot-Paris-Palissade Vendome-201802;lost;Devis froid;Commercial;7576.00;30;;;;;;Bouche à oreille / Prescription;2018-03-01;
1259066;33-I2P-Bordeaux-PalissadeChateau-201803;cancelled;Devis froid;Commercial;0.00;30;;;;;;Appel entrant / Emailing / Marketing;2018-03-02;
1259392;QAT-Lumiplan-Qatar-HabillagePontRail-201803;closed;Devis froid;Commercial;50000.00;30;;;;;;Bouche à oreille / Prescription;2018-03-02;
1262146;26-SITI-Valence-144 Plaques Dibond-3MM-201803;lost;Devis froid;Commercial;14489.20;30;;;;;;Client existant;2018-03-05;
1263877;47-Algeco-LeMasd'Agenais-Torres-201803;won;Devis froid;Commercial;2128.64;30;;;;;;Client existant;2018-03-06;
1264030;78-JCDecaux-Candelize-201803;lost;Devis froid;Commercial;0.00;30;;;;;;Appel entrant / Emailing / Marketing;2018-03-06;
1264206;35-Algeco-Lanhelin-Coba Parc-201803;won;Devis froid;Commercial;2010.00;30;;;;;;Client existant;2018-03-06;
1280542;94-Eiffage-IDF Sud-Habillage base vie-201803;lost;Devis froid;Commercial;0.00;30;;;;;;Bouche à oreille / Prescription;2018-03-15;
1281737;85-Pierreval-Olonne-Palissade-201803;won;Devis froid;Commercial;1880.00;30;;;;;;Client existant;2018-03-15;
1281794;SA-FameADV-Djeddah-King Abdul Aziz Gate Covering-201803;lost;Devis froid;Commercial;270000.00;30;;;;;;Appel entrant / Emailing / Marketing;2018-03-15;
1285820;75-SNTPP-Paris14-Palissade-201803;closed;Devis froid;Commercial;0.00;30;;;;;;Appel entrant / Emailing / Marketing;2018-03-19;
1287567;80-Etat-d'esprit-Amiens-30-bâches-201803;won;Devis froid;Commercial;3600.00;30;;;;;;Client existant;2018-03-20;
1289074;75-AtelierB-Paris-StandChanel-201803;lost;Devis froid;Commercial;17019.11;30;;;;;;Appel entrant / Emailing / Marketing;2018-03-21;
1295324;75-Setha-Paris-Palissade Porte de St Cloud-201803;lost;Devis froid;Commercial;82968.00;30;;;;;;Appel entrant / Emailing / Marketing;2018-03-23;
1297986;69-EiffageC-Ternay-Pochettes-201803;won;Devis froid;Commercial;1500.00;30;;;;;;Client existant;2018-03-26;
1298457;98-Algeco-Monaco-ShowRoom AS Monaco-201803;cancelled;Devis froid;Commercial;18796.00;30;;;;;;Client existant;2018-03-26;
1300000;33-Logistaq-Bordeaux-Fourniture panneaux bois-201803;lost;Devis froid;Commercial;0.00;30;;;;;;Appel entrant / Emailing / Marketing;2018-03-27;
1300654;92-EDC-Courbevoie-Habillage façade actuelle-201803;lost;Devis froid;Commercial;6261.44;30;;;;;;Appel entrant / Emailing / Marketing;2018-03-27;
1302394;93-Syctom-St Ouen-Bâche Module-201803;lost;Devis froid;Commercial;11906.00;30;;;;;;Client existant;2018-03-28;
1302493;63-Linkcity-Clermont Ferrand-Palissade CAF-Hotel ste Eklo-201803;lost;Devis froid;Commercial;4580.00;30;;;;;;Appel entrant / Emailing / Marketing;2018-03-28;
1305017;13-Algeco-Eygalieres-Richel Group-201803;won;Devis froid;Commercial;7110.00;30;;;;;;Client existant;2018-03-29;
1310390;69-Foncière Vauban-St Genis-Démontage Panneau-201804;won;Devis froid;Commercial;0.00;30;;;;;;Client existant;2018-04-03;
1310992;78-Marc&Brandon-Velizy-Habillage Facade-201804;lost;Devis froid;Commercial;10000.00;30;;;;;;Bouche à oreille / Prescription;2018-04-03;
1316181;33-Chateau Loudenne-Saint-Yzans-de-Médoc-Habillage des murs en toile intérieur-201804;lost;Devis froid;Commercial;32612.44;30;;;;;;Appel entrant / Emailing / Marketing;2018-04-04;
1317001;75-Roche Bobois-Paris-St Germain-201804;won;Devis froid;Commercial;3700.00;30;;;;;;Appel entrant / Emailing / Marketing;2018-04-05;
1317973;FR-Eiffage GC IDF-AO-BPU-201804;closed;Budget;Commercial;0.00;0;;;;;;Appel entrant / Emailing / Marketing;2018-04-05;
1317991;77-Demathieu Bard-Pontault Combault-Palissade Conservatoire musique-201804;lost;Devis froid;Commercial;45811.50;30;;;;;;Appel entrant / Emailing / Marketing;2018-04-05;
1322444;69-Agence Hula Hoop-Lyon-Panneau sur plot A0x3-201804;lost;Devis froid;Commercial;4600.00;30;;;;;;Appel entrant / Emailing / Marketing;2018-04-09;
1322478;75-Algeco-Paris-OuiBus-depose/repose2018-201605;won;Devis froid;Commercial;2160.00;30;;;;;;Client existant;2018-04-09;
1322548;75-L.Hernandez/Macif-Paris-Palissade mobile coloriage-201804;lost;Devis froid;Commercial;4914.48;30;;;;;;Appel entrant / Emailing / Marketing;2018-04-09;
1326581;98-Fayat-Monaco-Palissade Ilot Pasteur-201804;lost;Devis froid;Commercial;15470.50;30;;;;;;Appel entrant / Emailing / Marketing;2018-04-11;
1329185;62-Algeco-Audinghen-Rue de la plage-201804;won;Devis froid;Commercial;3010.00;30;;;;;;Client existant;2018-04-12;
1329347;93-Mairie-LaCourneuve-Remplacement Equipement sportif-201804;cancelled;Devis froid;Commercial;0.00;30;;;;;;Client existant;2018-04-12;
1331572;93-Mairie Dugny-ville-Panneaux sur socle bois-201804;closed;Devis froid;Commercial;19650.00;30;;;;;;Appel entrant / Emailing / Marketing;2018-04-13;
1338418;78-Esprimm-Versailles-Palissade deco vegetale-201804;won;Devis froid;Commercial;5415.00;30;;;;;;Appel entrant / Emailing / Marketing;2018-04-19;
1341434;52-Maillefert-Langres-Fourniture palissade bois-201804;lost;Devis froid;Commercial;8750.00;30;;;;;;Appel entrant / Emailing / Marketing;2018-04-20;
1342446;35-Algeco-Rennes-Deco Sncf-201804;won;Devis froid;Commercial;4010.00;30;;;;;;Client existant;2018-04-20;
1343696;69-ColasRA-Lyon-Palissade lame consultation-201804;closed;Devis froid;Commercial;9000.00;30;;;;;;Appel entrant / Emailing / Marketing;2018-04-23;
1345663;78-Homunity-Viroflay-MAJ Palissade-201804;won;Devis froid;Commercial;580.00;30;;;;;;Client existant;2018-04-24;
1346450;92-Avec Investissement-La Défense-Entretien Palissade-201804;lost;Devis froid;Commercial;750.00;30;;;;;;Commercial / Partenaire;2018-04-24;
1347252;62-Cabre-COURRIERES-Distribution-2018;closed;Devis froid;Commercial;0.00;30;;;;;;Appel entrant / Emailing / Marketing;2018-04-24;
1347260;91-Pierreval-Montlhery-Lorge Palissade-201804;won;Devis froid;Commercial;10324.75;30;;;;;;Client existant;2018-04-24;
1347332;94-Pierreval-Fresnes-Coeur de Ville Palissade-201804;won;Devis froid;Commercial;14511.57;30;;;;;;Client existant;2018-04-24;
1347336;37-Pierreval-Tours-Amplitude Palissade-201804;lost;Devis froid;Commercial;0.00;30;;;;;;Client existant;2018-04-24;
1347339;91-Pierreval-Orsay-Le Crystal Palissade-201804;lost;Devis froid;Commercial;14390.44;30;;;;;;Client existant;2018-04-24;
1347345;94-Pierreval-Vitry-F3C Palissade-201804;cancelled;Devis froid;Commercial;0.00;30;;;;;;Client existant;2018-04-24;
1348668;62-septentrionale-Lens-Palisade Ilot Parmentier-201804;closed;Budget;Commercial;33000.00;0;;;;;;Appel entrant / Emailing / Marketing;2018-04-25;
1349659;92-PLD-Communication Territoire-201804;lost;Devis froid;Commercial;0.00;30;;;;;;Client existant;2018-04-26;
1349900;92-Colas-Verrières-le-Buisson-Bois traité pour Heras-201804;lost;Devis froid;Commercial;5123.03;30;;;;;;Appel entrant / Emailing / Marketing;2018-04-26;
1353548;37-IDEX-Tours-CHRU Bâche-201804;won;Devis froid;Commercial;3040.00;30;;;;;;Client existant;2018-04-30;
1355576;75-Roche Bobois-Paris-Grande Armée-201804;won;Devis froid;Commercial;20655.20;30;;;;;;Appel entrant / Emailing / Marketing;2018-05-02;
1358057;75-Villa Eugenie-Paris4-Habillage échafaudage jardin marais-201805;lost;Devis froid;Commercial;34470.00;30;;;;;;Appel entrant / Emailing / Marketing;2018-05-03;
1358243;75-HSA Conseil-Paris-Palissade boutique temporaire Champs Elysées-201805;lost;Devis froid;Commercial;0.00;30;;;;;;Appel entrant / Emailing / Marketing;2018-05-03;
1359047;94-Les artisans-Fontenay-sous-Bois-Palissade restaurant-201805;cancelled;Devis froid;Commercial;0.00;30;;;;;;Appel entrant / Emailing / Marketing;2018-05-03;
1360154;75-Cougnaud-Paris12-Deco College St Exupery-201805;lost;Devis froid;Commercial;2990.00;30;;;;;;Commercial / Partenaire;2018-05-04;
1360228;54-Algeco-Nancy-Deco rue Digue-201805;won;Devis froid;Commercial;2010.00;30;;;;;;Client existant;2018-05-04;
1361552;92-3E-Boulogne-SGP Gare Pont de Sèvre-201805;won;Devis froid;Commercial;3000.00;30;;;;;;Client existant;2018-05-04;
1366007;75-Sabistone-Paris-Palais Chaillot Cantonnement 3m-201805;closed;Devis froid;Commercial;27743.00;30;;;;;;Appel entrant / Emailing / Marketing;2018-05-09;
1367111;33-LPPromotion-Pessac-Magonty Palissade-201805;closed;Devis froid;Commercial;17374.50;30;;;;;;Appel entrant / Emailing / Marketing;2018-05-09;
1368620;75-Sabistone-Paris-Palais Chaillot Cloture 4m-201805;closed;Devis froid;Commercial;28893.08;30;;;;;;Appel entrant / Emailing / Marketing;2018-05-11;
1368747;75-Fayat-Paris-Bungalow Eylau-201805;lost;Devis froid;Commercial;49832.00;30;;;;;;Appel entrant / Emailing / Marketing;2018-05-11;
1370068;FR-Réclamations-2018;closed;Devis froid;Commercial;0.00;30;;;;;;Client existant;2018-05-14;
1371492;98-SIVIAM-Monaco-Toile Pin-201805;won;Devis froid;Commercial;1537.40;30;;;;;;Client existant;2018-05-15;
1386413;59-Algeco-Mons en Baroeuil-Bureaux AG2R La Mondiale-201805;won;Devis froid;Commercial;3750.00;30;;;;;;Client existant;2018-05-17;
1390961;75-Algeco-Paris 3-OPPIC Quadrilatere des archives-201805;lost;Devis froid;Commercial;0.00;30;;;;;;Client existant;2018-05-18;
1397222;74-Mairie-Passy-Candelize-201805;lost;Devis froid;Commercial;9720.00;30;;;;;;Appel entrant / Emailing / Marketing;2018-05-23;
1398074;92-Ville Garenne Colombes-Garenne Colombes-Palissade com gba-201805;lost;Devis froid;Commercial;21475.25;30;;;;;;Client existant;2018-05-23;
1402441;FR-Algeco-Brochure Algeco Deco-201805;closed;Devis froid;Commercial;2565.00;30;;;;;;Client existant;2018-05-25;
1402739;FR-Pierreval-FR-Grue-Altize-201805;closed;Devis froid;Commercial;0.00;30;;;;;;Client existant;2018-05-25;
1404455;75-Air Liquide-Paris-renouvellement panneaux-201805;closed;Devis froid;Commercial;8175.00;30;;;;;;Client existant;2018-05-28;
1404456;42-Algeco-St Etienne-Mutualité francaise-201805;won;Devis froid;Commercial;2910.00;30;;;;;;Client existant;2018-05-28;
1406452;92-Chaumeil-Nanterre-Enseigne-201805;closed;Devis froid;Commercial;17828.00;30;;;;;;Bouche à oreille / Prescription;2018-05-28;
1407496;75-Air Liquide-Paris-acquisition mobilize-201805;closed;Devis froid;Commercial;9000.00;30;;;;;;Client existant;2018-05-29;
1408948;75-2BDM Architectes-Paris1-OPPIC Palais Royal-201805;closed;Devis froid;Commercial;107100.00;30;;;;;;Appel entrant / Emailing / Marketing;2018-05-30;
1409077;92-Eiffage-Puteaux-Bases Vie Auguste Blanche-201805;closed;Devis froid;Commercial;40732.20;30;;;;;;Bouche à oreille / Prescription;2018-05-30;
1409870;75-SNTPP-Paris-Palissade bois base vie-201806;won;Devis froid;Commercial;24356.50;30;;;;;;Appel entrant / Emailing / Marketing;2018-05-30;
1411184;FR-Sabistone-France-Palissade bois 4 mh classe 4-201805;closed;Devis froid;Commercial;0.00;30;;;;;;Appel entrant / Emailing / Marketing;2018-05-31;
1413341;75-Razel Bec-Pont Alma-Baches pierres-201806;won;Devis froid;Commercial;1776.00;30;;;;;;Client existant;2018-06-01;
1413361;74-Algeco-Poisy-Deco bois Bailkowski-201806;won;Devis froid;Commercial;3810.00;30;;;;;;Client existant;2018-06-01;
1413386;92-Algeco-Nanterre-Deco Allianz-201806;closed;Devis froid;Commercial;3010.00;30;;;;;;Client existant;2018-06-01;
1416808;54-Vilogia-Nancy-Baches-201806;won;Devis froid;Commercial;820.00;30;;;;;;Client existant;2018-06-04;
1417723;44-Algeco-Saint-Lumine-de-Clisson-Pluchon Automobiles-201806;lost;Devis froid;Commercial;1460.00;30;;;;;;Client existant;2018-06-05;
1418944;92-Epiceum-La Défense-Totem de travaux-201806;won;Devis froid;Commercial;14540.45;30;;;;;;Commercial / Partenaire;2018-06-05;
1421509;92-3E-Malakoff-SGP Louis Girard-201806;won;Devis froid;Commercial;800.00;30;;;;;;Commercial / Partenaire;2018-06-06;
1424191;92-Eiffage-Puteaux-Palissades Auguste Blanche-201805;closed;Devis froid;Commercial;25880.00;30;;;;;;Appel entrant / Emailing / Marketing;2018-06-08;
1425566;75-Eurovia-Paris-Tx Trottoirs chaussées-201806;lost;Budget;Commercial;0.00;0;;;;;;Appel entrant / Emailing / Marketing;2018-06-08;
1428811;92-Atelier Giboulées-PLD-renouvellement adhésif Saint Gobain-201806;won;Devis froid;Commercial;1300.36;30;;;;;;Client existant;2018-06-11;
1431156;94-Eiffage-Igny-Panneau chantier Massy Atlantis-201806;won;Devis froid;Commercial;2273.20;30;;;;;;Appel entrant / Emailing / Marketing;2018-06-12;
1434819;95-Saguez-CergyLeHaut-Palissade-201806;lost;Devis froid;Commercial;0.00;30;;;;;;Commercial / Partenaire;2018-06-13;
1435555;33-Spie Batignolles-Léognan-Habillage Clôture grillagée Château Haut Bailly-201806;lost;Devis froid;Commercial;14045.54;30;;;;;;Appel entrant / Emailing / Marketing;2018-06-13;
1447985;IDF-Sennse-Ile de France-lettres monumentales-201806;closed;Devis froid;Commercial;74010.40;30;;;;;;Client existant;2018-06-20;
1449242;37-Générale de Téléphone-Tours-habillage palissade-201806;won;Devis froid;Commercial;3499.00;30;;;;;;Appel entrant / Emailing / Marketing;2018-06-21;
1450380;60-Algeco-Ercuis-Ecole-201806;won;Devis froid;Commercial;2920.00;30;;;;;;Client existant;2018-06-21;
1451841;75-HChevalier-Paris-Palissade bois-201806;closed;Budget;Commercial;0.00;20;;;;;;Appel entrant / Emailing / Marketing;2018-06-22;
1453887;91-Saentys-Massy-Palissade streetart 50ml-201806;closed;Devis froid;Commercial;12590.00;30;;;;;;Appel entrant / Emailing / Marketing;2018-06-25;
1456733;33-Eysines-Algeco-habillage module-201806;won;Devis froid;Commercial;3810.00;30;;;;;;Client existant;2018-06-26;
1458445;92-SPLA Rueil Amenagement-Rueil-Habillage Palissade-201806;closed;Devis froid;Commercial;24985.20;30;;;;;;Client existant;2018-06-27;
1459847;62-Algeco-Libercourt-Toile aimantée-201806;closed;Devis froid;Commercial;0.00;30;;;;;;Client existant;2018-06-28;
1460296;93-Spirit Entreprises-Tremblay en France-Habillage com palissade-201806;cancelled;Devis froid;Commercial;11187.50;30;;;;;;Appel entrant / Emailing / Marketing;2018-06-28;
1462381;91-OZ-Viry Chatillon-Renault Sport-201806;cancelled;Devis froid;Commercial;2296.40;30;;;;;;Appel entrant / Emailing / Marketing;2018-06-29;
1463916;92-3E-Cachan-SGP Rue Coopérative-201807;won;Devis froid;Commercial;3000.00;30;;;;;;Client existant;2018-07-02;
1464875;92-3E-Issy-SGP Fermeture ABriand Aout 18-201807;won;Devis froid;Commercial;3000.00;30;;;;;;Client existant;2018-07-02;
1473135;93-Syctom-St Ouen-Palissade-201807;lost;Devis froid;Commercial;9632.00;30;;;;;;Client existant;2018-07-08;
1475929;44-Algeco-Vertou-Super Vertou-201807;won;Devis froid;Commercial;2410.00;30;;;;;;Client existant;2018-07-10;
1477073;92-Algeco-Neuilly sur Seine-Groupe scolaire Madeleine Michelis-201807;won;Devis froid;Commercial;15664.00;30;;;;;;Client existant;2018-07-10;
1477099;60-Sogebasas-Compiègne-Palissade bois-201807;lost;Devis froid;Commercial;30404.93;30;;;;;;Appel entrant / Emailing / Marketing;2018-07-10;
1477879;92-Algeco-Meudon-Stade Milandry-201807;won;Devis froid;Commercial;4260.00;30;;;;;;Client existant;2018-07-11;
1479500;78-PSG-Poissy-Toile sur sol-201807;lost;Devis froid;Commercial;10600.00;30;;;;;;Bouche à oreille / Prescription;2018-07-12;
1479504;62-La Poste-Pas de Calais-Panneau 4x3 bois-201807;closed;Devis froid;Commercial;3200.00;30;;;;;;Appel entrant / Emailing / Marketing;2018-07-12;
1481212;75-Dumez-Paris-Bache Terrasse Champs Elysées-201807;cancelled;Devis froid;Commercial;2085.40;30;;;;;;Client existant;2018-07-13;
1481250;62-Algeco-Lille-Communauté agglo Boulonnais-201807;won;Devis froid;Commercial;17250.00;30;;;;;;Client existant;2018-07-13;
1482055;75-CBRE-Paris-Vitrophanie Champs Elysées Groupama CBRE-201807;won;Devis froid;Commercial;9920.00;30;;;;;;Client existant;2018-07-13;
1487420;20-Rocca-Sarrola-Habillage maison+foirefouille-201807;lost;Devis froid;Commercial;44019.76;30;;;;;;Appel entrant / Emailing / Marketing;2018-07-16;
1488048;91-Pierreval-Orsay-Impression Panneau-201807;lost;Devis froid;Commercial;1311.28;30;;;;;;Client existant;2018-07-17;
1488647;93-Mairie Romainville-Romainville-Habillage palissade Cité maraichère -201807;lost;Devis froid;Commercial;4869.22;30;;;;;;Appel entrant / Emailing / Marketing;2018-07-17;
1489111;92-Foncière Habitat-Rueil-Palissade SCCV RUEILMALMAISON 1-201807;won;Devis froid;Commercial;5262.10;30;;;;;;Client existant;2018-07-17;
1489736;38-Algeco-Villemoirieu-Ao Enseigne dibond-201807;closed;Devis froid;Commercial;740.40;30;;;;;;Client existant;2018-07-18;
1492142;77-Maison Dureau-Fontainebleau-Habillage échaf Château-201807;closed;Budget;Commercial;26716.25;0;;;;;;Appel entrant / Emailing / Marketing;2018-07-19;
1496388;92-PLD-La Défense-totem de communication-201807;won;Devis froid;Commercial;14230.00;30;;;;;;Client existant;2018-07-22;
1499203;75-Rent-Paris-SignaVillette-201807;won;Devis froid;Commercial;2132.80;30;;;;;;Client existant;2018-07-24;
1501841;69-Algeco-Meyzieu-Deco tricolore 800m2-201807;closed;Devis froid;Commercial;45605.00;30;;;;;;Client existant;2018-07-25;
1502104;67-Algeco-Mittelhausen-deco Groupe Colin-201807;won;Devis froid;Commercial;1910.00;30;;;;;;Client existant;2018-07-25;
1507032;92-Algeco-La Défense-Vitrophanie Bureau-201807;won;Devis froid;Commercial;12565.00;30;;;;;;Client existant;2018-07-30;
1507780;75-Rougier et Plé-Paris3-Refection façade-201807;won;Devis froid;Commercial;3200.00;30;;;;;;Client existant;2018-07-30;
1512778;91-Freyssinet-Chamarande-Habillage Pal. Grillagée 150ml-201808;lost;Devis froid;Commercial;8158.00;30;;;;;;Appel entrant / Emailing / Marketing;2018-08-01;
1515725;75-Bouygues-Paris-Porte Maillot-201808;closed;Devis froid;Commercial;53919.58;30;;;;;;Appel entrant / Emailing / Marketing;2018-08-02;
1515795;56-Mairie-Theix-Palissade bois-201708;closed;Budget;Commercial;48359.75;0;;;;;;Appel entrant / Emailing / Marketing;2018-08-02;
1517869;60-Etat d'Esprit-Eragny sur Epte-Pose de panneaux-201808;lost;Devis froid;Commercial;3150.40;30;;;;;;Bouche à oreille / Prescription;2018-08-03;
1517950;75-JDLC-Paris-Totem Bus-201808;closed;Devis froid;Commercial;6960.00;30;;;;;;Appel entrant / Emailing / Marketing;2018-08-03;
1518081;78-AMH-Sartrouville-Palissades chantier-201808;closed;Devis froid;Commercial;0.00;30;;;;;;Appel entrant / Emailing / Marketing;2018-08-03;
1546814;38-Algeco-St Egreve-Carrefour Property-201808;closed;Devis froid;Commercial;1110.00;30;;;;;;Client existant;2018-08-09;
1548047;06-Dezigner numérique-Menton-Habillage Basilique-201808;lost;Budget;Commercial;0.00;20;;;;;;Appel entrant / Emailing / Marketing;2018-08-10;
1548054;93-Vilogia-Blanc Mesnil-Com chantier palissade-201808;lost;Devis froid;Commercial;138276.31;30;;;;;;Client existant;2018-08-10;
1548963;75-Legendre-Paris-St Lazare Cour Intérieure-201808;cancelled;Devis froid;Commercial;4693.87;30;;;;;;Client existant;2018-08-12;
1549308;75-Pitch-Paris-Palissade + Echafaudage 36 rue Montparnasse-201808;won;Devis froid;Commercial;12587.24;30;;;;;;Client existant;2018-08-12;
1551626;91-Algeco-Ris Orangis-Lycee P.Mendes-201808;won;Devis froid;Commercial;17451.00;30;;;;;;Client existant;2018-08-13;
1556700;91-Algeco-Bretigny sur Orge-Deco Université Paris Saclay-201808;won;Devis froid;Commercial;9760.00;30;;;;;;Client existant;2018-08-13;
1560885;94-3E-Cachan-CP Jardin Panoramique-201808;won;Devis froid;Commercial;3000.00;30;;;;;;Client existant;2018-08-14;
1560908;87-Spie Citynetworks-Limoges-Affichage sur candélabres -201808;closed;Devis froid;Commercial;0.00;30;;;;;;Appel entrant / Emailing / Marketing;2018-08-14;
1561480;75-MGP-Paris-Toile sur façade-201808;closed;Budget;Commercial;0.00;20;;;;;;Appel entrant / Emailing / Marketing;2018-08-15;
1569565;94-Razel Bec-Villiers sur Marne-Habillage module-201808;closed;Devis froid;Commercial;1375.00;30;;;;;;Appel entrant / Emailing / Marketing;2018-08-20;
1569593;64-David Thomas Solution-Biarritz-Palisade boutique-201808;closed;Identifié;Commercial;0.00;0;;;;;;Appel entrant / Emailing / Marketing;2018-08-20;
1572266;67-Algeco-Wolfisheim-Paul Kroely Mercedes VI-201808;won;Devis froid;Commercial;1110.00;30;;;;;;Client existant;2018-08-22;
1584806;91-YERRES-Habillage facade rue Charles de Gaulle-201808;lost;Devis froid;Commercial;31440.54;30;;;;;;Appel entrant / Emailing / Marketing;2018-08-23;
1607038;17-Eiffage-Rochefort-Déplacement Toile-201808;won;Devis froid;Commercial;1835.00;30;;;;;;Client existant;2018-08-28;
1608200;92-Bourg La Reine-Habillage divers-201808;closed;Qualifié;Commercial;0.00;0;;;;;;Appel entrant / Emailing / Marketing;2018-08-28;
1610768;92-AMT-Antony-Toile imprimée-201808;closed;Devis froid;Commercial;1350.00;30;;;;;;Appel entrant / Emailing / Marketing;2018-08-29;
1610817;67-Algeco-Strasbourg-Parlement Européen Changement-201808;closed;Devis froid;Commercial;400.00;30;;;;;;Client existant;2018-08-29;
1611480;97-Préférecture-Saint Martin-Habillage façade modules-201808;closed;Devis froid;Commercial;0.00;30;;;;;;Appel entrant / Emailing / Marketing;2018-08-29;
1623473;75-Pitch-Paris-Intérieur 36 rue Montparnasse-201808;won;Devis froid;Commercial;9971.70;30;;;;;;Client existant;2018-09-05;
1625751;75-LagardereSE-Paris-Fan Zone-201809;lost;Devis froid;Commercial;85247.60;30;;;;;;Appel entrant / Emailing / Marketing;2018-09-06;
1625856;92-Eiffage-Puteaux-Vitrage Bungalow Eria-201809;won;Devis froid;Commercial;1456.00;30;;;;;;Client existant;2018-09-06;
1626015;98-Charles III-Monaco-Palissade echafaudage bvd charles III-201809;lost;Devis froid;Commercial;8190.27;30;;;;;;Appel entrant / Emailing / Marketing;2018-09-06;
1627169;91-Pierreval-Monthléry-Mainenance Clos Bouquet-201809;won;Devis froid;Commercial;11598.42;30;;;;;;Client existant;2018-09-07;
1629577;76-Métropole Rouen Normandie-Rouen-Palissade coloriage géant-201809;lost;Devis froid;Commercial;15816.79;30;;;;;;Appel entrant / Emailing / Marketing;2018-09-07;
1640192;62-Cabre-Courrieres-Palissade communicante-2018809;won;Devis froid;Commercial;2360.00;30;;;;;;Appel entrant / Emailing / Marketing;2018-09-14;
1641288;35-Suitcase Hospitality-Rennes-Habillage echafaudage-201809;closed;Devis froid;Commercial;21558.40;30;;;;;;Appel entrant / Emailing / Marketing;2018-09-14;
1645309;91-GRB Construction-Morangis-Palissade-201809;closed;Devis froid;Commercial;14142.15;30;;;;;;Appel entrant / Emailing / Marketing;2018-09-18;
1645392;92-Algeco-Meudon-Stade Milandry Complement-201807;won;Devis froid;Commercial;4664.00;30;;;;;;Client existant;2018-09-18;
1655767;80-Etat-d'esprit-Amiens-Esplanade Branly-201809;closed;Devis froid;Commercial;3750.00;30;;;;;;Client existant;2018-09-24;
1655941;92-3E-Bagneux-SGP Calepinage Martyrs-201809;won;Devis froid;Commercial;600.00;30;;;;;;Client existant;2018-09-24;
1656253;92-Artegalore-La Défense-Expo Festin-201809;won;Devis froid;Commercial;25819.14;30;;;;;;Appel entrant / Emailing / Marketing;2018-09-24;
1657138;75-Groupe Pichet-Paris-Palissade connectée domotique-201809;closed;Budget;Commercial;20000.00;0;;;;;;Appel entrant / Emailing / Marketing;2018-09-24;
1657270;94-Pierreval-Fresnes-Coeur de Ville Adhésif-201804;won;Devis froid;Commercial;424.00;30;;;;;;Client existant;2018-09-24;
1667013;75-Vilogia-Paris-Bache Batignolles-201709;won;Devis froid;Commercial;0.00;30;;;;;;Client existant;2018-09-26;
1682448;93-Ville Clichy sous bois-soldats grands formats11/01-201809;lost;Devis froid;Commercial;8174.00;30;;;;;;Appel entrant / Emailing / Marketing;2018-09-28;
1684086;93-Ville Noisy le Grand-Exposition 9panneaux-201809;closed;Devis froid;Commercial;12126.04;30;;;;;;Bouche à oreille / Prescription;2018-10-01;
1685755;92-3E-Bagneux-SGP CP Gare Bagneux AO Puits Robespierre-201810;won;Devis froid;Commercial;1500.00;30;;;;;;Client existant;2018-10-01;
1687602;64-DI environnement-Bayonne-Palissade com lame-201810;won;Devis froid;Commercial;34199.48;30;;;;;;Appel entrant / Emailing / Marketing;2018-10-02;
1690530;33-Algeco-Villenave d'Ornon-Ecole Joliot Curie-201810;won;Devis froid;Commercial;4360.00;30;;;;;;Client existant;2018-10-03;
1691733;92-3E-Malakoff-SGP CP Ouvrage fort de Vanves-201810;won;Devis froid;Commercial;600.00;30;;;;;;Client existant;2018-10-03;
1692616;47-Algeco-Marmande-Groupe Lisi-201810;won;Devis froid;Commercial;8831.56;30;;;;;;Client existant;2018-10-04;
1696082;59-Tera-Lille-Yogurt Factory-201810;lost;Devis froid;Commercial;6681.71;30;;;;;;Appel entrant / Emailing / Marketing;2018-10-05;
1696144;94-IP13-Ivry-Palissade Lame-201810;closed;Devis froid;Commercial;78591.20;30;;;;;;Appel entrant / Emailing / Marketing;2018-10-05;
1701716;06-Algeco-Cagnes sur mer-Polygone Riviera-201810;won;Devis froid;Commercial;1110.00;30;;;;;;Client existant;2018-10-08;
1702012;37-Beta 2i-Joué-lès-Tours-toile façade chateau de la Borde-201810;lost;Devis froid;Commercial;8500.00;30;;;;;;Client existant;2018-10-08;
1703944;92-My Beauty Corner-Puteaux-Palissade CNIT  4temps-201810;lost;Devis froid;Commercial;0.00;30;;;;;;Appel entrant / Emailing / Marketing;2018-10-09;
1707942;92-Pitch Promotion-Asnières-Panneaux-201810;won;Devis froid;Commercial;26126.94;30;;;;;;Client existant;2018-10-09;
1710481;94-Sinio-Rungis-Panneau chantier 4x5-201810;lost;Devis froid;Commercial;14183.97;30;;;;;;Appel entrant / Emailing / Marketing;2018-10-10;
1719925;33-Algeco-Saint Eulalie-Bordeaux Metropole-201810;won;Devis froid;Commercial;1973.76;30;;;;;;Client existant;2018-10-12;
1725550;75-Roche Bobois-Paris-Nettoyage Grande Armée-201810;lost;Devis froid;Commercial;600.00;30;;;;;;Client existant;2018-10-15;
1728657;94-SOGEA-Chevilly-Panneaux Aquilux-201810;won;Devis froid;Commercial;160.50;30;;;;;;Client existant;2018-10-16;
1729179;68-Algeco-Burnaupt-Bandeau JT Automobiles-201810;won;Devis froid;Commercial;650.00;30;;;;;;Client existant;2018-10-16;
1736469;75-Eurovia-Paris-Cloture bois ancien Hotel Bourvallais-201810;closed;Devis froid;Commercial;17427.00;30;;;;;;Client existant;2018-10-18;
1744104;75-OCDE-Paris-Dépose adhésif-201810;lost;Devis froid;Commercial;3700.00;30;;;;;;Client existant;2018-10-22;
1747037;03-Ville Saint Quentin-Totem ville et chantier-201810;lost;Devis froid;Commercial;0.00;30;;;;;;Appel entrant / Emailing / Marketing;2018-10-24;
1748120;69-Algeco-Lyon-Fete des Lumières-201810;won;Devis froid;Commercial;4710.00;30;;;;;;Client existant;2018-10-24;
1748257;33-EDELIS-Merignac-Palissade communicante av. Bedat-201810;won;Devis froid;Commercial;8968.27;30;;;;;;Appel entrant / Emailing / Marketing;2018-10-24;
1750059;92-Maison du Chocolat-Roissy-Totem toile-201810;lost;Devis froid;Commercial;3950.00;30;;;;;;Client existant;2018-10-25;
1753714;69-UNAA-Lyon-Palissade Total-201810;closed;Budget;Commercial;0.00;0;;;;;;Appel entrant / Emailing / Marketing;2018-10-26;
1757502;75-Matamata-Paris-Remplacement pièce-201810;won;Devis froid;Commercial;524.90;30;;;;;;Client existant;2018-10-29;
1757694;64-CC Leclerc-Urrugne-Candelize-201810;closed;Devis froid;Commercial;3267.75;30;;;;;;Appel entrant / Emailing / Marketing;2018-10-29;
1761489;33-Algeco-Louchats-Les Bienheureux-201810;won;Devis froid;Commercial;4975.44;30;;;;;;Client existant;2018-10-30;
1776136;75-Yeeels-Paris-Habillage Echafaudage Evenementiel-201811;won;Devis froid;Commercial;4335.00;30;;;;;;Appel entrant / Emailing / Marketing;2018-11-07;
1777514;77-Nexity-Chelles-Cloture chantier-201811;lost;Devis froid;Commercial;28458.50;30;;;;;;Appel entrant / Emailing / Marketing;2018-11-07;
1777592;31-Iot Valley-Toulouse-Habillage facade-201811;closed;Budget;Commercial;0.00;0;;;;;;Appel entrant / Emailing / Marketing;2018-11-07;
1783535;33-ATP-Bordeaux-Bache habillage barrière sur gba-2018;closed;Devis froid;Commercial;7790.00;30;;;;;;Client existant;2018-11-09;
1783561;44-Algeco-St Colomban-Ile aux doudous-201811;won;Devis froid;Commercial;3233.45;30;;;;;;Client existant;2018-11-09;
1786647;75-Iglou-Paris-Bache couvrir abris-201811;closed;Devis froid;Commercial;0.00;30;;;;;;Appel entrant / Emailing / Marketing;2018-11-12;
1786683;59-Algeco-Denain-Ecole Voltaire-201811;won;Devis froid;Commercial;1798.00;30;;;;;;Client existant;2018-11-12;
1787672;91-Doyere-Massy-Panneau et palissade-201811;won;Devis froid;Commercial;696.00;30;;;;;;Appel entrant / Emailing / Marketing;2018-11-12;
1790841;75-GCC-Paris8-Cloture et permis construire-201811;closed;Devis froid;Commercial;0.00;30;;;;;;Appel entrant / Emailing / Marketing;2018-11-13;
1794825;FR-Regietandem-NC-Affichage candélabre-201811;closed;Budget;Commercial;2260.00;0;;;;;;Appel entrant / Emailing / Marketing;2018-11-14;
1797233;78-Algeco-Mantes la ville-Ecole Armand Gaillard-201811;won;Devis froid;Commercial;650.00;30;;;;;;Client existant;2018-11-15;
1797549;33-GTM-Bordeaux-Habillage échafaudage RAL7015-201811;closed;Devis froid;Commercial;2590.00;30;;;;;;Appel entrant / Emailing / Marketing;2018-11-15;
1803467;75-Inedit Joaillier-Paris-evolution palissade-201811;won;Devis froid;Commercial;5624.40;30;;;;;;Client existant;2018-11-16;
1803688;IDF-Eurovia-Bache chantiers-201811;won;Devis froid;Commercial;3520.00;30;;;;;;Appel entrant / Emailing / Marketing;2018-11-16;
1812136;76-TERH-Le Havre-Habillage echafaudage Cathedrale-201811;lost;Devis froid;Commercial;9274.00;30;;;;;;Appel entrant / Emailing / Marketing;2018-11-19;
1816323;91-Cougnaud-Saint Michel sur Orge-Habillage bardage bois PSG-201811;lost;Devis froid;Commercial;4267.01;30;;;;;;Commercial / Partenaire;2018-11-20;
1818456;92-Algeco-Plessis Robinson-Maison Projet-201811;won;Devis froid;Commercial;2542.72;30;;;;;;Client existant;2018-11-21;
1824549;80-Groupe Prodirect-Amiens-Habillage chantier Promeo-201811;closed;Budget;Commercial;0.00;0;;;;;;Appel entrant / Emailing / Marketing;2018-11-23;
1832900;13-Algeco-Marseille-Prefecture Bouches du Rhone-201811;won;Devis froid;Commercial;17895.42;30;;;;;;Client existant;2018-11-27;
1835893;75-Saphyr AtelierJV-Paris-Palissade bois 20x3mH-201811;closed;Devis froid;Commercial;17970.71;30;;;;;;Appel entrant / Emailing / Marketing;2018-11-28;
1841558;91-Algeco-Wissous-Couleur unie ral7022-201811;won;Devis froid;Commercial;3112.08;30;;;;;;Client existant;2018-11-29;
1841965;33-Algeco-Bordeaux-Mairie Base marine-201811;won;Devis froid;Commercial;4526.08;30;;;;;;Client existant;2018-11-29;
1842380;27-SNA27-Vernon-12 panneaux caisson bois-201811;lost;Devis froid;Commercial;25070.00;30;;;;;;Appel entrant / Emailing / Marketing;2018-11-29;
1843704;59-Algeco-Avelin-Bostik vitres depoli-201811;won;Devis froid;Commercial;650.00;30;;;;;;Client existant;2018-11-29;
1847745;76-Mairie-Petit Quevilly-Palissade communicante av. J.Jaures-201811;lost;Budget;Commercial;11368.00;0;;;;;;Appel entrant / Emailing / Marketing;2018-11-30;
1847837;92-Ville-Fontenay aux roses-Palissade-201811;closed;Identifié;Commercial;0.00;0;;;;;;Appel entrant / Emailing / Marketing;2018-11-30;
1847915;64-DI environnement-Bayonne-Déplacement Palissade-201811;closed;Devis froid;Commercial;19739.38;30;;;;;;Client existant;2018-11-30;
1854702;56-Ville-Quiberon-Habillage facade-201811;lost;Devis froid;Commercial;3840.00;30;;;;;;Appel entrant / Emailing / Marketing;2018-12-04;
1880241;92-Parenge-Meudon-Palissade stade-201812;lost;Devis froid;Commercial;47925.00;30;;;;;;Bouche à oreille / Prescription;2018-12-06;
1883042;77-Mairie-Chevry Cossigny-Toile tendue-201812;lost;Devis froid;Commercial;6781.00;30;;;;;;Appel entrant / Emailing / Marketing;2018-12-07;
1885043;92-PLD-AO Comm Chantier-201812;lost;Devis froid;Commercial;1500000.00;30;;;;;;Client existant;2018-12-10;
1885522;75-Pitch Promotion-Paris-Aménagement Bureau-201812;won;Devis froid;Commercial;1720.00;30;;;;;;Client existant;2018-12-10;
1886947;75-EPSAA-Paris-Affichages autoportes event Parc zoologique-201812;closed;Qualifié;Commercial;0.00;0;;;;;;Appel entrant / Emailing / Marketing;2018-12-11;
1887465;75-Dorenavant Studio-Paris-Palissade Brasserie fbg poissonniere-201812;lost;Devis froid;Commercial;10709.11;30;;;;;;Appel entrant / Emailing / Marketing;2018-12-11;
1891674;63-Algeco Lyon-Murol-Algeco Deco Chateau-201812;closed;Devis froid;Commercial;1087.94;30;;;;;;Client existant;2018-12-12;
1894892;92-Algeco-Sceaux-Deco ocre-201812;lost;Devis froid;Commercial;9094.00;30;;;;;;Client existant;2018-12-14;
1898144;92-FoncièreHabitat-Puteaux-SCCV Puteaux 2 panneaux-201812;won;Devis froid;Commercial;840.00;30;;;;;;Client existant;2018-12-17;
1898775;64-Mairie-Bayonne-Rideau-201812-OPP-00620;won;Devis froid;Commercial;470.00;30;;;;;;Bouche à oreille / Prescription;2018-12-17;
1900335;FR-Klepierre-AO Palissade-201812;lost;Budget;Commercial;0.00;0;;;;;;Bouche à oreille / Prescription;2018-12-17;
1903632;93-Syctom-St Ouen-Palissade-201812;lost;Devis froid;Commercial;23765.60;30;;;;;;Client existant;2018-12-18;
1905376;91-Eiffage-Essonne-Palissade150ml-201812;closed;Identifié;Commercial;0.00;0;;;;;;Appel entrant / Emailing / Marketing;2018-12-19;
1906540;66-ATELIER ARTISANAL DE COUTURE-Toulouges-Bache judo-201812;closed;Devis froid;Commercial;820.00;30;;;;;;Appel entrant / Emailing / Marketing;2018-12-20;
1918343;92-Eurovia-Saint Arnoult-Totem bois-201812;won;Devis froid;Commercial;3405.00;30;;;;;;Bouche à oreille / Prescription;2019-01-02;
1918356;75-FonciereHabitat-Paris-Tableau-201901;won;Devis froid;Commercial;660.00;30;;;;;;Client existant;2019-01-03;
1920020;75-Rougier&Ple-Paris-Autorisation-201901;closed;Devis froid;Commercial;450.00;30;;;;;;Client existant;2019-01-03;
1922926;MKT-communication Celize-2019;closed;Devis froid;Commercial;0.00;30;;;;;;Aucune;2019-01-05;
1923773;REC-86-Algeco-Avanton-déco Ecole maternelle-201812;won;SAV;Commercial;0.00;0;;;;;;Client existant;2019-01-07;
1923930;REC-92-Algeco-Plessis Robinson-Maison Projet-201901;closed;SAV;Commercial;0.00;0;;;;;;Client existant;2019-01-07;
1923978;REC-44-Algeco-Vertou-Super Vertou-201901;closed;SAV;Commercial;0.00;0;;;;;;Client existant;2019-01-07;
1933555;75-BrainSonic-Paris-habillage tours echafaudage-201901;closed;Budget;Commercial;30000.00;20;;;;;;Appel entrant / Emailing / Marketing;2019-01-10;
1933871;75- Delaunay-Paris-Habillage écrans acoustiques-201901;closed;Devis froid;Commercial;8382.00;30;;;;;;Client existant;2019-01-10;
1935095;53-BdP-Laval-Palissade-201901;lost;Devis froid;Commercial;4135.00;30;;;;;;Appel entrant / Emailing / Marketing;2019-01-11;
1935738;95-Maia Sonnier-Argenteuil-Fourniture panneaux-201901;lost;Devis froid;Commercial;534.00;30;;;;;;Appel entrant / Emailing / Marketing;2019-01-11;
1947370;19-Algeco-Montaignac-depose pose deco-201901;lost;Devis froid;Commercial;4742.72;30;;;;;;Client existant;2019-01-16;
1947502;77-Algeco-Emerainville-Arconance-201901;lost;Devis froid;Commercial;1145.20;30;;;;;;Client existant;2019-01-16;
1948323;63-Algeco-Riom-Logo RLV-201901;won;Devis froid;Commercial;650.00;30;;;;;;Client existant;2019-01-16;
1948824;69-Eiffage-Jonage-Palissade Campus RTE-201901;won;Devis froid;Commercial;18775.00;30;;;;;;Appel entrant / Emailing / Marketing;2019-01-16;
1949537;MA-Pitch-Rallye des Gazelles Covering-201901;won;Devis froid;Commercial;0.00;30;;;;;;Client existant;2019-01-17;
1950562;26-RouxFreres-Suze-la-Rousse-Palissade bois-201901;lost;Devis froid;Commercial;10905.32;30;;;;;;Appel entrant / Emailing / Marketing;2019-01-17;
1959572;64-Vinci associes-Bayonne-Palissade Villa Koegui-201901;won;Devis froid;Commercial;6031.00;30;;;;;;Bouche à oreille / Prescription;2019-01-21;
1962528;60-SushiChantilly-Chantilly-Habillage Palissade-201901;won;Devis froid;Commercial;1359.60;30;;;;;;Client existant;2019-01-22;
1965833;94-Axho-Choisy-panneaux communication-201901;won;Devis froid;Commercial;3466.50;30;;;;;;Bouche à oreille / Prescription;2019-01-24;
1971220;74-Home Construction-Megeve-Palissade Communicante-201901;lost;Devis froid;Commercial;58292.00;30;;;;;;Appel entrant / Emailing / Marketing;2019-01-27;
1973244;CZ-Developpement produit-2019;closed;Devis froid;Commercial;0.00;30;;;;;;Client existant;2019-01-28;
1973584;REC-06-Algeco-Juan les Pins-Ecole catholique-201709;closed;SAV;Commercial;3650.00;0;;;;;;Client existant;2019-01-28;
1975342;92-Fairplay-Neuilly-Bache-201901;won;Devis froid;Commercial;199.00;30;;;;;;Client existant;2019-01-29;
1975528;92-Chaumeil-Boulogne-Pose Silhouettes-201901;lost;Devis froid;Commercial;17885.10;30;;;;;;Bouche à oreille / Prescription;2019-01-29;
1977241;21-Algeco-Dijon-Aire Brognon Total-201901;won;Devis froid;Commercial;11297.00;30;;;;;;Client existant;2019-01-29;
1977365;92-DARRAS ET JOUANIN-Sceaux-Palissade autoportée bois-201901;lost;Devis froid;Commercial;6938.00;30;;;;;;Appel entrant / Emailing / Marketing;2019-01-29;
1983832;95-Demathieu Bard-Bonneuil en France-Panneau permis constuire-201901;lost;Devis froid;Commercial;1250.00;30;;;;;;Appel entrant / Emailing / Marketing;2019-02-01;
1983963;22-Pierreval-Tregueux-Palissade 10ml-201902;won;Devis froid;Commercial;2075.00;30;;;;;;Client existant;2019-02-01;
1984439;92-Pitch-Clichy-Com Castérès-201902;won;Devis froid;Commercial;3100.15;30;;;;;;Client existant;2019-02-01;
1984462;78-Herve-Mantes La Jolie-kit com chantier-201902;closed;Budget;Commercial;29057.00;0;;;;;;Appel entrant / Emailing / Marketing;2019-02-01;
1984768;75-Eiffage-Paris-Accompagnement AO impasse Reille-201901;closed;Qualifié;Commercial;0.00;0;;;;;;Bouche à oreille / Prescription;2019-02-01;
1984879;98-SIVIAM-Monaco-Toile Végétale-201902;won;Devis froid;Commercial;894.15;30;;;;;;Client existant;2019-02-01;
1985369;37-UrbanRhapsody-Tours-Palissade Bois-201902;lost;Devis froid;Commercial;3385.44;30;;;;;;Appel entrant / Emailing / Marketing;2019-02-01;
1988583;67-Izhak-Strasbourg-Toile Haguenau-201902;closed;Devis froid;Commercial;31290.83;30;;;;;;Appel entrant / Emailing / Marketing;2019-02-04;
1993333;29-Algeco-Morbihan-URFM-201902;won;Devis froid;Commercial;650.00;30;;;;;;Client existant;2019-02-06;
1994374;75-Pitch-Paris-Marketing Suite-201902;won;Devis froid;Commercial;1386.79;30;;;;;;Client existant;2019-02-06;
2001214;94-Axho-Choisy-habillage grue-201901;closed;Devis froid;Commercial;2848.00;30;;;;;;Client existant;2019-02-10;
2003315;75-Lefaure et Rigaud-Paris1-Palissade pl. Vendome VAN CLEEF & ARPELS-201902;won;Devis froid;Commercial;59305.41;30;;;;;;Appel entrant / Emailing / Marketing;2019-02-11;
2006727;62-Algeco-Dourges-College Vestiaire-201902;won;Devis froid;Commercial;4153.41;30;;;;;;Client existant;2019-02-12;
2008913;28-Algeco-Mignieres-Deco sur site Algeco-201902;closed;Qualifié;Commercial;1145.20;0;;;;;;Client existant;2019-02-13;
2011597;60-Mairie-Creil-Palissade de communication;closed;Qualifié;Commercial;0.00;0;;;;;;Appel entrant / Emailing / Marketing;2019-02-14;
2012350;75-La Lune Rousse-La Défense-palissade bois event-201902;closed;Devis froid;Commercial;10960.00;30;;;;;;Appel entrant / Emailing / Marketing;2019-02-14;
2014374;BE-Guisse-Villers-Palissade-201902;closed;Devis froid;Commercial;8444.96;30;;;;;;Appel entrant / Emailing / Marketing;2019-02-15;
2014920;77-Pitch-Lognes-Palissade Envertgure-201902;lost;Devis froid;Commercial;16348.27;30;;;;;;Client existant;2019-02-15;
2017621;06-Plansud-StJeanCapFerrat-Habillage Villa-201902;lost;Devis froid;Commercial;54901.32;30;;;;;;Appel entrant / Emailing / Marketing;2019-02-18;
2018000;21-Pommard-Toile Echafaudage-201902;lost;Devis froid;Commercial;7090.50;30;;;;;;Appel entrant / Emailing / Marketing;2019-02-18;
2018671;93-IDF CD-IDF-Com. Chantier-201902;closed;Budget;Commercial;7819.72;0;;;;;;Bouche à oreille / Prescription;2019-02-18;
2020503;18-CG Charente-Angoulême-Totem-201902;lost;Devis froid;Commercial;2655.00;30;;;;;;Appel entrant / Emailing / Marketing;2019-02-19;
2021156;IDF-Eurovia-Bache chantiers-201902;closed;Identifié;Commercial;0.00;0;;;;;;Client existant;2019-02-19;
2024140;77-Eurovia-Montevrain-Baches-201902;won;Devis froid;Commercial;452.00;30;;;;;;Client existant;2019-02-20;
2026979;75-Inluce-Paris-Bâche sur échafaudage-201902;won;Devis froid;Commercial;4447.93;30;;;;;;Bouche à oreille / Prescription;2019-02-21;
2026986;IDF-Teamwork-Ao signaletique chantier JO-201902;closed;Budget;Commercial;0.00;0;;;;;;Appel entrant / Emailing / Marketing;2019-02-21;
2028819;75-Centdegrés-Paris-habillage hangar Emmaus-201902;closed;Devis froid;Commercial;16310.00;30;;;;;;Appel entrant / Emailing / Marketing;2019-02-22;
2042255;75-Caovilla-Paris-Toile sur Echafaudage-201902;won;Devis froid;Commercial;0.00;30;;;;;;Bouche à oreille / Prescription;2019-02-27;
2043514;75-PETIT Vinci Construction-Paris-Baches decoratives Europe1-201902;lost;Devis froid;Commercial;149947.60;30;;;;;;Appel entrant / Emailing / Marketing;2019-02-27;
2045916;92-Algeco-Sceaux-FSEF Deco ocre-201903;closed;Qualifié;Commercial;0.00;0;;;;;;Client existant;2019-02-28;
2047317;76-Perroquet bleu-Grand Quevilly-Palissade Rouen Aménagement-201903;lost;Devis froid;Commercial;18058.50;30;;;;;;Appel entrant / Emailing / Marketing;2019-03-01;
2048853;93-Pierreval-Livry-Gargan-Palissade-201903;won;Devis froid;Commercial;2075.00;30;;;;;;Client existant;2019-03-02;
2051912;92-Woodeum-Nanterre-Palissade Papeteries-201903;lost;Devis froid;Commercial;51483.84;30;;;;;;Appel entrant / Emailing / Marketing;2019-03-04;
2052499;92-Foncière Habitat-Rueil-Palissade SCCV RUEILMALMAISON 1-201903;lost;Devis froid;Commercial;2955.00;30;;;;;;Client existant;2019-03-05;
2054394;30-Mairie-Nimes-Candelize-201903;closed;Identifié;Commercial;0.00;0;;;;;;Appel entrant / Emailing / Marketing;2019-03-05;
2060901;75-AB Arije-Paris-Palissade-201903;won;Devis froid;Commercial;24000.00;30;;;;;;Commercial / Partenaire;2019-03-08;
2061472;75-Ateliers Saint Jacques-Paris-Palissade bois rond point de etoile-201903;closed;Devis froid;Commercial;17041.72;30;;;;;;Appel entrant / Emailing / Marketing;2019-03-08;
2061517;78-Nacarat-Jouy en Josas-Panneaux com chantier-201903;won;Devis froid;Commercial;4997.87;30;;;;;;Bouche à oreille / Prescription;2019-03-08;
2061594;27-Ville-Les Andelys-Com chantier place Nicolas Poussin-201903;closed;Budget;Commercial;0.00;20;;;;;;Appel entrant / Emailing / Marketing;2019-03-08;
2064824;35-Decograph publicite-Rennes-Mobilize-201903;closed;Devis froid;Commercial;19784.32;30;;;;;;Appel entrant / Emailing / Marketing;2019-03-11;
2065509;93-Galerie Jerome Pauchant-Saint Denis-Habillage adhésif facade-201903;closed;Devis froid;Commercial;70879.69;30;;;;;;Appel entrant / Emailing / Marketing;2019-03-11;
2066901;92-Nacarat-Nanterre-Palissade Joffre-201903;won;Devis froid;Commercial;1815.00;30;;;;;;Client existant;2019-03-12;
2066912;92-Schneider Electric-Rueil Malmaison-Mobilize securisation site-201903;lost;Devis froid;Commercial;22842.38;30;;;;;;Appel entrant / Emailing / Marketing;2019-03-12;
2068054;64-Carrefour-Anglet-Kit Clik Clik-201903;won;Devis froid;Commercial;581.85;30;;;;;;Appel entrant / Emailing / Marketing;2019-03-12;
2068194;92-BNP-Boulogne-Metal 57-201903;closed;Qualifié;Commercial;100000.00;0;;;;;;Appel entrant / Emailing / Marketing;2019-03-12;
2068992;19-Pages Agencement- Brive-la-Gaillarde-Mobilize bois-201903;lost;Devis froid;Commercial;0.00;30;;;;;;Appel entrant / Emailing / Marketing;2019-03-13;
2071705;13-Algeco-Lancon-Deco TOTAL boutique provisoire-201903;lost;Devis froid;Commercial;17965.68;30;;;;;;Client existant;2019-03-14;
2075158;69-Rougier et Plé-Lyon-Habillage façade boutique-201903;closed;Devis froid;Commercial;17872.63;30;;;;;;Client existant;2019-03-15;
2075275;62-Afficaps-NC-Consultation TP-201903;closed;Budget;Commercial;0.00;0;;;;;;Appel entrant / Emailing / Marketing;2019-03-15;
2075358;75-RIVP-Paris20-habillage deco palissade-201903;closed;Qualifié;Commercial;0.00;0;;;;;;Appel entrant / Emailing / Marketing;2019-03-15;
2075370;77-Pano-Melun-Bache 3x2-201903;closed;Devis froid;Commercial;300.00;30;;;;;;Appel entrant / Emailing / Marketing;2019-03-15;
2080885;INCIDENT-62-Cabre-Courrieres-Palissade communicante-201903;closed;SAV;Commercial;0.00;0;;;;;;Client existant;2019-03-19;
2082407;92-Triangle Paris-Courbevoie-Palissade bois-201903;lost;Devis froid;Commercial;17563.30;30;;;;;;Appel entrant / Emailing / Marketing;2019-03-19;
2083875;44-Rougier & Plé-Nantes-Palissade Vannes-201903;lost;Devis froid;Commercial;9516.86;30;;;;;;Client existant;2019-03-20;
2084011;98-Larchi-tecte-Monaco-Habillage chantier Palais de la Plage-201903;lost;Budget;Commercial;0.00;0;;;;;;Appel entrant / Emailing / Marketing;2019-03-20;
2084201;33-Algeco-Arcachon-Deco Bvd Plage-201903;closed;Devis froid;Commercial;8322.80;30;;;;;;Client existant;2019-03-20;
2087296;56-Domaine Suscino-Sarzeau-Habillage tourelles-201903;lost;Devis froid;Commercial;5125.50;30;;;;;;Appel entrant / Emailing / Marketing;2019-03-21;
2088976;94-Algeco-Maisons Alfort-deco bureauxSanofi-201903;won;Devis froid;Commercial;450.00;30;;;;;;Client existant;2019-03-21;
2091478;75-Luminance-Paris-Démontage enseigne-201903;closed;Devis froid;Commercial;2555.00;30;;;;;;Commercial / Partenaire;2019-03-22;
2091917;75-Chaumeil-Paris-Palissade Porte de la Chapelle-201903;won;Devis froid;Commercial;5794.55;30;;;;;;Commercial / Partenaire;2019-03-22;
2092890;01-Algeco-Montrevel en bresse-3B amenagement-201903;won;Devis froid;Commercial;2180.40;30;;;;;;Client existant;2019-03-22;
2098261;13-Pitch-Marseille-Palissade Clot Bey-201903;lost;Devis froid;Commercial;52254.12;30;;;;;;Client existant;2019-03-25;
2105875;93-RATP-Pleyel-Mur Conducteur-201903;closed;Qualifié;Commercial;0.00;0;;;;;;Bouche à oreille / Prescription;2019-03-27;
2110592;91-ZeCom-Evry-Panneaux chantier-201903;closed;Devis froid;Commercial;9235.00;30;;;;;;Appel entrant / Emailing / Marketing;2019-03-29;
2113885;75-Luminance-Paris-Habillage fenetre et palissade Van Cleef-201904;won;Devis froid;Commercial;0.00;30;;;;;;Commercial / Partenaire;2019-04-01;
2119596;78-Transdev-Massy-Modulize-201904;won;Devis froid;Commercial;4321.66;30;;;;;;Appel entrant / Emailing / Marketing;2019-04-03;
2120248;77-Arcev-Mesnil-Amelot-Fourniture panneaux palissade-201904;lost;Devis froid;Commercial;24787.80;30;;;;;;Appel entrant / Emailing / Marketing;2019-04-03;
2120275;17-Baudin Chateauneuf-La Rochelle-Palissade chantier bois-201904;lost;Devis froid;Commercial;82720.97;30;;;;;;Appel entrant / Emailing / Marketing;2019-04-03;
2120280;80-Amiens Energies-Amiens-palissade communicante-201904;lost;Devis froid;Commercial;16569.48;30;;;;;;Appel entrant / Emailing / Marketing;2019-04-03;
2122452;14-Muses design-Blonville-sur-Mer-habillage facade bulle vente-201904;won;Devis froid;Commercial;4398.41;30;;;;;;Appel entrant / Emailing / Marketing;2019-04-04;
2122830;17-Eiffage Metal-La Rochelle-Palissade bois-201904;lost;Devis froid;Commercial;25221.05;30;;;;;;Appel entrant / Emailing / Marketing;2019-04-04;
2124963;78-Somma-Versailles-Habillage bache cloture pl.armes-201904;closed;Qualifié;Commercial;0.00;0;;;;;;Appel entrant / Emailing / Marketing;2019-04-05;
2125120;78-Golf du Prieuré-Sailly-baches deco chantier-201904;closed;Devis froid;Commercial;968.15;30;;;;;;Appel entrant / Emailing / Marketing;2019-04-05;
2125161;75-Creperie Pont Aven-Paris-bache echafaudage montparnasse-201904;won;Devis froid;Commercial;1000.00;30;;;;;;Appel entrant / Emailing / Marketing;2019-04-05;
2126292;06-Pitch-Nice-Palissade Joia-201904;lost;Devis froid;Commercial;44269.92;30;;;;;;Client existant;2019-04-07;
2129717;75-Giboulées-Paris-Congrès Mondial Journalistes-201904;lost;Devis froid;Commercial;4205.50;30;;;;;;Client existant;2019-04-08;
2133855;73-Piantoni-Chambery-palissade-201904;closed;Devis froid;Commercial;28036.40;30;;;;;;Appel entrant / Emailing / Marketing;2019-04-09;
2134063;75-Grillades BA-Paris-bache echafaudage montparnasse-201904;won;Devis froid;Commercial;1000.00;30;;;;;;Bouche à oreille / Prescription;2019-04-09;
2136588;83-STB-Saint Tropez-Palissade trompe oeil-201904;closed;Budget;Commercial;25000.00;0;;;;;;Appel entrant / Emailing / Marketing;2019-04-10;
2138356;33-Keys REIM-Bordeaux-Habillage palissade-201904;lost;Devis froid;Commercial;3955.00;30;;;;;;Bouche à oreille / Prescription;2019-04-11;
2139004;CH-M3 groupe-Geneve-habillage facade filet-201904;lost;Devis froid;Commercial;18891.90;30;;;;;;Appel entrant / Emailing / Marketing;2019-04-11;
2139788;75-ICI-Paris-habillage echaf bache-201904;lost;Devis froid;Commercial;10194.66;30;;;;;;Appel entrant / Emailing / Marketing;2019-04-11;
2139831;78-LesPyramides-Port Marly-bache echafaudage-201904;closed;Budget;Commercial;8500.00;0;;;;;;Appel entrant / Emailing / Marketing;2019-04-11;
2140478;92-Algeco-La Défense-Vitrophanie Bureau-201904;won;Devis froid;Commercial;2775.00;30;;;;;;Client existant;2019-04-12;
2142890;93-Luminance-Montreuil-B&C France Habillage façades-201904;won;Devis froid;Commercial;50641.20;30;;;;;;Commercial / Partenaire;2019-04-13;
2149923;77-Eurovia-Avon-Baches Fontainebleau-201904;closed;Devis froid;Commercial;2070.00;30;;;;;;Client existant;2019-04-16;
2150611;75-SCHWITZKE-Paris-Palissade restaurant Drouant-201904;lost;Devis froid;Commercial;44502.63;30;;;;;;Appel entrant / Emailing / Marketing;2019-04-16;
2156008;75-Eclats de nature-Paris-Palissade-201904;closed;Budget;Commercial;0.00;0;;;;;;Appel entrant / Emailing / Marketing;2019-04-18;
2167582;94-Pierre Promotion-Villejuif-HabillagePalissade-2019004;won;Devis froid;Commercial;7965.51;30;;;;;;Appel entrant / Emailing / Marketing;2019-04-25;
2168753;44-Algeco-Les Sorinieres-Stade-201904;won;Devis froid;Commercial;7359.44;30;;;;;;Client existant;2019-04-26;
2169268;94-AquaRay-Ivry sur Seine-Habillage facade-201904;won;Devis froid;Commercial;3960.00;30;;;;;;Appel entrant / Emailing / Marketing;2019-04-26;
2170373;33-Université Bordeaux-Palissade bois-201904;closed;Budget;Commercial;80000.00;0;;;;;;Appel entrant / Emailing / Marketing;2019-04-26;
2177265;93-Groupe Segex-Noisy le Grand- Socaren Palissade bardage bois-201904;closed;Identifié;Commercial;0.00;0;;;;;;Appel entrant / Emailing / Marketing;2019-04-30;
2177343;92-Euroflor-Clichy-palissade chantier L Oreal-201904;won;Devis froid;Commercial;8416.60;30;;;;;;Appel entrant / Emailing / Marketing;2019-04-30;
2179504;91-Pierreval-Longpont-sur-Orge-Palissade 10ml-201904;won;Devis froid;Commercial;2075.00;30;;;;;;Client existant;2019-05-02;
2179584;91-Pierreval-Ollainville-Palissade 10ml-201905;won;Devis froid;Commercial;2075.00;30;;;;;;Client existant;2019-05-02;
2179713;22-Pierreval-Saint Brieuc-Palissade 10ml-201905;won;Devis froid;Commercial;2075.00;30;;;;;;Client existant;2019-05-02;
2181453;93-AB Group-Romainville-Habillage palissade-201905;lost;Devis froid;Commercial;4983.75;30;;;;;;Appel entrant / Emailing / Marketing;2019-05-03;
2188791;75-Tiffany-Paris-Agilite solution Palissade-201905;lost;Devis froid;Commercial;22666.10;30;;;;;;Appel entrant / Emailing / Marketing;2019-05-07;
2188940;75-Altempo-Paris-Habillage bungalow Ratp-201905;lost;Devis froid;Commercial;52642.71;30;;;;;;Appel entrant / Emailing / Marketing;2019-05-07;
2189150;93-Pierreval-Epinay-Palissade-201905;won;Devis froid;Commercial;3581.25;30;;;;;;Client existant;2019-05-07;
2189836;BE-50N05E-Heppignies-Baches-201905;closed;Budget;Commercial;21890.00;20;;;;;;Appel entrant / Emailing / Marketing;2019-05-08;
2191398;59-etat d esprit-Auby-panneau autoportant-201905;lost;Devis froid;Commercial;0.00;30;;;;;;Appel entrant / Emailing / Marketing;2019-05-09;
2192129;78- Fédération Française de Cyclisme-St Quentin en Yvelines-habillage toile-201905;closed;Identifié;Commercial;0.00;0;;;;;;Appel entrant / Emailing / Marketing;2019-05-09;
2192572;75-Atoagency-paris-bache theatre-201905;closed;Qualifié;Commercial;0.00;10;;;;;;Appel entrant / Emailing / Marketing;2019-05-09;
2193552;92-IbizaCom-RueilMalmaison-Pitch panneau Referentiel-201905;won;Devis froid;Commercial;3933.00;30;;;;;;Bouche à oreille / Prescription;2019-05-10;
2199149;92-Pitch-La Garenne Colombes-L'entratc-201905;won;Devis froid;Commercial;2880.00;30;;;;;;Appel entrant / Emailing / Marketing;2019-05-13;
2200413;75-H.Chevalier-Paris-Dior palissade-201905;lost;Devis froid;Commercial;97063.68;30;;;;;;Appel entrant / Emailing / Marketing;2019-05-14;
2202282;75-H.Chevalier-Paris-Dior chantier adhé vitrine-201905;lost;Devis froid;Commercial;12619.50;30;;;;;;Appel entrant / Emailing / Marketing;2019-05-14;
2205278;60-Chateau Montvillargenne-Gouvieux-Habillage déco murs-201905;closed;Budget;Commercial;18500.00;0;;;;;;Appel entrant / Emailing / Marketing;2019-05-15;
2205283;80-A ET CETERA-Amiens-Palissade  depot bus-201905;closed;Budget;Commercial;4155.59;0;;;;;;Appel entrant / Emailing / Marketing;2019-05-15;
2207902;67-Algeco-Molsheim-Logo-201905;won;Devis froid;Commercial;650.00;30;;;;;;Client existant;2019-05-16;
2220989;92-Malakoff Habitat-Malakoff-Palissade-201905;lost;Devis froid;Commercial;9660.00;30;;;;;;Appel entrant / Emailing / Marketing;2019-05-22;
2221309;75-Stra&act-Paris-Totem RATP-201905;lost;Devis froid;Commercial;11971.98;30;;;;;;Bouche à oreille / Prescription;2019-05-22;
2223924;77-Pierreval-Champagne-Palissade 10ml-201905;won;Devis froid;Commercial;2075.00;30;;;;;;Client existant;2019-05-23;
2224291;75-Algeco-Paris-Plaques dibond-201905;won;Devis froid;Commercial;1671.30;30;;;;;;Client existant;2019-05-24;
2224761;67-Algeco Schiltighem-Affaire Esid-201905;won;Devis froid;Commercial;11444.75;30;;;;;;Client existant;2019-05-24;
2225035;75-Groupe Maison de la Literie-Paris-Palissade bvd haussmann-201905;lost;Devis froid;Commercial;23645.71;30;;;;;;Appel entrant / Emailing / Marketing;2019-05-24;
2225828;64-Eiffage-Biarritz-Habillage Bungalow Hotel du Palais-201905;closed;Devis froid;Commercial;39779.26;30;;;;;;Client existant;2019-05-24;
2229035;75-Luminance-Nantes-Matériel aéroport-201905;cancelled;Devis froid;Commercial;3160.00;30;;;;;;Client existant;2019-05-27;
2229327;44-Pierreval-Pornic-Palissade 5ml-201905;won;Devis froid;Commercial;1389.50;30;;;;;;Client existant;2019-05-27;
2232016;17-Ville Aytre-totems expo 30 ans oeuvre cheval-201905;lost;Devis froid;Commercial;3529.32;30;;;;;;Appel entrant / Emailing / Marketing;2019-05-28;
2232466;75-La Mode en Images-Paris-toiles echafaudage-201905;lost;Devis froid;Commercial;73863.60;30;;;;;;Appel entrant / Emailing / Marketing;2019-05-28;
2232659;69-Societe Chauvin-Saint Romain en Gal-totem carre expo-201905;closed;Devis froid;Commercial;53046.00;30;;;;;;Appel entrant / Emailing / Marketing;2019-05-28;
2232961;35-St Malo agglo-st Malo-totems expo journee national olympisme-201905;lost;Devis froid;Commercial;2932.76;30;;;;;;Appel entrant / Emailing / Marketing;2019-05-28;
2233306;92-Chaumeil-Vaucresson-Panneau 4x3-201905;closed;Devis;Commercial;2955.00;30;;;;;;Client existant;2019-05-28;
2233440;14-Bulsink-Caen-Palissade Rituals-201905;lost;Devis froid;Commercial;10498.15;30;;;;;;Appel entrant / Emailing / Marketing;2019-05-28;
2235120;94-Pierreval-Sucy-Habillage Palissade-201905;won;Devis froid;Commercial;21317.18;30;;;;;;Client existant;2019-05-29;
2235649;78-Phileog-Massy-Habillage Palissade SNCF-201905;cancelled;Devis froid;Commercial;6463.10;30;;;;;;Appel entrant / Emailing / Marketing;2019-05-29;
2237621;BE-Monument Hainaut-Villers La Ville-echafaudage toile anc. pharmacie-201905;lost;Devis froid;Commercial;10108.70;30;;;;;;Appel entrant / Emailing / Marketing;2019-05-31;
2241400;93-Eurovia-Saint Denis-palissade bois amenagement rue Poulmarch-201906;lost;Devis froid;Commercial;24967.10;30;;;;;;Client existant;2019-06-03;
2243842;93-Pierreval-Noisy Le Grand-Palissade-201906;lost;Identifié;Commercial;0.00;0;;;;;;Client existant;2019-06-04;
2246822;75-LPDM-Paris-Palissade Invalides-201906;lost;Devis froid;Commercial;27034.08;30;;;;;;Appel entrant / Emailing / Marketing;2019-06-05;
2249819;75-SCHWITZKE-Paris-Palissade Canada Goose-201906;lost;Devis froid;Commercial;45576.65;30;;;;;;Appel entrant / Emailing / Marketing;2019-06-06;
2252015;68-Algeco-Ottmarsheim-Borealis-201906;won;Devis froid;Commercial;1559.28;30;;;;;;Client existant;2019-06-07;
2252337;NY-Zahabian-MANHATTAN-Scaffolding Elizabeth Street-201906;closed;Devis froid;Commercial;10000.00;30;;;;;;Commercial / Partenaire;2019-06-07;
2258069;94-Chaumeil-Villejuif-Palissade-201906;lost;Devis froid;Commercial;14428.13;30;;;;;;Client existant;2019-06-11;
2261887;94-Axho-Choisy-Communication Régate-201906;won;Devis froid;Commercial;626.00;30;;;;;;Client existant;2019-06-13;
2262748;02-Ville Saint Quentin-Totem-201906;lost;Devis;Commercial;9487.50;0;;;;;;Appel entrant / Emailing / Marketing;2019-06-13;
2268320;78-Rambouillet Territoire-Rambouillet-Habillage Palissade-201906;lost;Devis;Commercial;7961.00;30;;;;;;Appel entrant / Emailing / Marketing;2019-06-17;
2269283;95-ADP-Roissy-Palissade Intérieure-201906;lost;Devis froid;Commercial;103253.50;30;;;;;;Appel entrant / Emailing / Marketing;2019-06-17;
2269321;01-Algeco-Miribel-Pignon-201906;won;Devis froid;Commercial;1145.20;30;;;;;;Client existant;2019-06-17;
2276776;75-Chaumeil-Paris-Fenêtre Vaugirard-201906;won;Devis froid;Commercial;3880.00;30;;;;;;Client existant;2019-06-19;
2277097;75-DLG-Paris-Toile rue de la Paix-201906;closed;Devis froid;Commercial;66451.80;30;;;;;;Appel entrant / Emailing / Marketing;2019-06-19;
2277357;94-Snerct-Bry-s/Marne-bâche-201906;won;Devis froid;Commercial;365.50;30;;;;;;Client existant;2019-06-19;
2282031;75-MBPC-Paris-Filet PDG-201906;won;Devis froid;Commercial;345.00;30;;;;;;Bouche à oreille / Prescription;2019-06-20;
2282193;BE-Monument Hainaut-Liège-toile Collégiale Sainte-Croix-201906;lost;Devis froid;Commercial;6480.00;30;;;;;;Appel entrant / Emailing / Marketing;2019-06-21;
2283873;94-Eiffage Génie Civil-Chevilly-Larue-Mobilize-201906;won;Devis froid;Commercial;12750.25;30;;;;;;Appel entrant / Emailing / Marketing;2019-06-21;
2283957;71-Algeco-Buxy-Mansuy Funéraire-201906;closed;Identifié;Commercial;0.00;0;;;;;;Client existant;2019-06-21;
2283971;33-Algeco-Cenon-Vinci immo centre medical-201906;lost;Perdu;Commercial;25868.46;0;;;;;;Client existant;2019-06-21;
2283976;02-Algeco-Courmelles-Hydro Building-201906;lost;Devis froid;Commercial;0.00;30;;;;;;Client existant;2019-06-21;
2287538;78-Sennse-St Germain en Laye-adhésif T13-201906;closed;Identifié;Commercial;7585.00;0;;;;;;Client existant;2019-06-24;
2289201;13-Algeco-Vitrolles-Deco-201906;closed;Identifié;Commercial;0.00;0;;;;;;Client existant;2019-06-25;
2290942;03-Algeco-Bayet-Bandeau RAL5002-201906;lost;Devis froid;Commercial;1035.00;30;;;;;;Client existant;2019-06-26;
2295962;92-Ville-La Garenne-Colombes-marche com chantier gd format-201906;lost;Budget;Commercial;0.00;0;;;;;;Client existant;2019-06-28;
2296201;06-Gagneraud-Cagnes sur Mer-Palissade-201906;lost;Devis froid;Commercial;25264.20;30;;;;;;Appel entrant / Emailing / Marketing;2019-06-28;
2300689;92-Petit-Courbevoie-Mobilize Tour Cedre-201907;closed;Devis froid;Commercial;20714.60;30;;;;;;Appel entrant / Emailing / Marketing;2019-07-02;
2306511;92-Pitch Promotion-Asnières-Panneaux-201907;won;Devis froid;Commercial;7061.00;30;;;;;;Client existant;2019-07-04;
2308679;75-Hotel Plaza Athenee-Paris-Couverture-201907;lost;Devis froid;Commercial;54890.00;30;;;;;;Appel entrant / Emailing / Marketing;2019-07-05;
2311768;54-Algeco-Nancy-Stradim-201907;won;Devis froid;Commercial;2076.88;30;;;;;;Client existant;2019-07-08;
2311815;01-Ville-Bourg-en-Bresse-Palissade-201907;lost;Devis froid;Commercial;24108.87;30;;;;;;Appel entrant / Emailing / Marketing;2019-07-08;
2312821;63-Sanchez btp-Clermont Ferrand-com chantier-201907;closed;Qualifié;Commercial;0.00;0;;;;;;Appel entrant / Emailing / Marketing;2019-07-09;
2315436;93-Mig28-LeBouget-Habillage-201907;closed;Devis froid;Commercial;3983.04;30;;;;;;Commercial / Partenaire;2019-07-10;
2323549;75-WAST-Paris-Habillage 3 vitrines chantier-201907;lost;Identifié;Commercial;0.00;0;;;;;;Appel entrant / Emailing / Marketing;2019-07-15;
2324732;13-Girard-Ventabren-Bache Aqueduc de Roquefavour-201907;lost;Devis froid;Commercial;151630.00;30;;;;;;Appel entrant / Emailing / Marketing;2019-07-15;
2326336;17-Vercheenne-La Rochelle-Palissade mobile bois-201907;lost;Devis froid;Commercial;83161.97;30;;;;;;Appel entrant / Emailing / Marketing;2019-07-16;
2327254;95-Pitch-Sannois-Palissade André Le Goas-201907;won;Devis froid;Commercial;14333.13;30;;;;;;Client existant;2019-07-16;
2328786;33-BMA-Bordeaux-Habillage echafaudage-201907;lost;Identifié;Commercial;0.00;0;;;;;;Appel entrant / Emailing / Marketing;2019-07-17;
2331862;59-Ma-Geo-Lille-Palissade Euralille Saint Sauveur-201907;lost;Budget;Commercial;23220.00;0;;;;;;Appel entrant / Emailing / Marketing;2019-07-18;
2332242;33-Luminance Keys REIM-Bordeaux-Habillage vitrines-201904;closed;Devis froid;Commercial;25642.40;30;;;;;;Client existant;2019-07-18;
2332496;28-Regis Martin-Eure et Loire-toile imprimée MH-2019;closed;Identifié;Commercial;0.00;0;;;;;;Appel entrant / Emailing / Marketing;2019-07-18;
2333507;75-Luminance-Paris-Vitrine DS-201907;won;Devis froid;Commercial;650.00;30;;;;;;Client existant;2019-07-19;
2339985;67-Algeco-Schiltigheim-Ecole Leclerc-201907;won;Devis froid;Commercial;1265.20;30;;;;;;Client existant;2019-07-23;
2340446;01-Algeco-Vonnas-Panelco-201907;won;Devis froid;Commercial;6902.48;30;;;;;;Client existant;2019-07-23;
2340534;76-Rene Cottrell-Le Havre-filet pour Martinique-201907;lost;Devis;Commercial;8250.00;30;;;;;;Appel entrant / Emailing / Marketing;2019-07-23;
2340910;CH-Prader Losinger-Monthey-Palissade bois-201907;closed;Devis froid;Commercial;48228.94;30;;;;;;Appel entrant / Emailing / Marketing;2019-07-23;
2340929;57-Aire Publique-Metz-Totem caisson bois-201907;lost;Devis froid;Commercial;7614.00;30;;;;;;Appel entrant / Emailing / Marketing;2019-07-23;
2343603;50-Lefevre-Cherbourg-Habillage echafaudage-201907;lost;Devis froid;Commercial;60202.12;30;;;;;;Appel entrant / Emailing / Marketing;2019-07-25;
2349051;78-Algeco-Carriere-sous-Poissy-Ecole Jean Giono-201907;closed;Devis froid;Commercial;32047.17;30;;;;;;Client existant;2019-07-29;
2354348;92-Art Boulevard-Asnières-Bâche Toyota-201907;won;Devis froid;Commercial;978.40;30;;;;;;Appel entrant / Emailing / Marketing;2019-07-30;
2354551;75-Eiffage-Paris-Bâches imprimées pour salon-201907;lost;Devis froid;Commercial;1360.80;30;;;;;;Appel entrant / Emailing / Marketing;2019-07-30;
2356465;92-Sennse-Rueil Malmaison-2 Panneaux 3x4-201907;won;Devis froid;Commercial;8470.00;30;;;;;;Client existant;2019-07-31;
2359573;75-RATP-Paris-Palissade intérieure Vaugirard-201908;closed;Budget;Commercial;0.00;0;;;;;;Bouche à oreille / Prescription;2019-08-01;
2365706;77-Groupe NC-Dammarie-les-lys-Palissade autolestee-201908;closed;Qualifié;Commercial;0.00;0;;;;;;Appel entrant / Emailing / Marketing;2019-08-06;
2368556;13-Algeco-Marignane-Modules Ecole Helene Boucher-201908;lost;Identifié;Commercial;3008.56;0;;;;;;Client existant;2019-08-08;
2371971;FR-Groupe Chaumeil-National-Signaletique Creche Attitude-201908;lost;Budget;Commercial;0.00;0;;;;;;Bouche à oreille / Prescription;2019-08-12;
2372907;75-Sennse-Paris-Panneaux en bois 0,80x1,20m-201908;lost;Devis froid;Commercial;723.40;30;;;;;;Client existant;2019-08-13;
2377462;59-Pierreval-La Chapelle-d'Armentieres-Habillage 4mx2m-201908;won;Devis froid;Commercial;1370.00;30;;;;;;Client existant;2019-08-14;
2378148;68-IBA Basel-Saint Louis-Fourniture de panneaux et stèles-201908;closed;Budget;Commercial;0.00;20;;;;;;Appel entrant / Emailing / Marketing;2019-08-14;
2380826;92-PLD-La Défense-Palissade végétale-201908;closed;Devis;Commercial;15511.94;30;;;;;;Client existant;2019-08-18;
2388759;33-Vinci Construction-Bordeaux-Consultation Panneaux-201908;lost;Devis froid;Commercial;1512.50;30;;;;;;Client existant;2019-08-23;
2392228;59-Pierreval-Raisme-Habillage Palissade-201908;won;Gagné;Commercial;1390.00;100;;;;;;Client existant;2019-08-26;
2392383;92-Woodeum-Nanterre-Totem-201908;lost;Devis froid;Commercial;67550.31;30;;;;;;Appel entrant / Emailing / Marketing;2019-08-26;
2392567;92-Algeco-Plessis Robinson-Maison Projet MBDA-201908;lost;Perdu;Commercial;6102.30;0;;;;;;Client existant;2019-08-26;
2394990;92-Woodeum-Nanterre-Habillage Palissade-201908;cancelled;Devis froid;Commercial;15860.00;30;;;;;;Appel entrant / Emailing / Marketing;2019-08-27;
2398825;18-Kaefer Wanner-Ainay Le Vieil-Bâche Château-201908;lost;Devis froid;Commercial;15260.00;30;;;;;;Client existant;2019-08-28;
2399150;75-Razel Bec-Pont Alma-Palissade Bois-201908;won;Devis froid;Commercial;4012.39;30;;;;;;Client existant;2019-08-28;
2400485;75-SGIV-Paris-Palissade-201908;closed;Devis froid;Commercial;15649.04;30;;;;;;Appel entrant / Emailing / Marketing;2019-08-29;
2413295;94-Pierreval-Sucy-Habillage Palissade-201909;lost;Identifié;Commercial;7273.88;0;;;;;;Client existant;2019-09-03;
2414548;92-Altempo-Neuilly-Habillage bungalow-201909;lost;Devis froid;Commercial;28693.08;30;;;;;;Appel entrant / Emailing / Marketing;2019-09-03;
2415436;75-Algeco-Paris-Fondation de Rothschild-201909;won;Devis froid;Commercial;6838.80;30;;;;;;Client existant;2019-09-03;
2416985;93-Syctom-St Ouen-Panneaux-201909;won;Devis froid;Commercial;1288.20;30;;;;;;Client existant;2019-09-04;
2427290;82-Algeco-Montauban-Archean Technologie-201909;won;Devis froid;Commercial;3008.56;30;;;;;;Client existant;2019-09-05;
2428247;75-Chaumeil-Paris-Palissade Capucines-201909;lost;Devis froid;Commercial;14973.43;30;;;;;;Client existant;2019-09-06;
2428335;75-Ville-Paris-GroupeScolaire rue Miollis-201909;lost;Devis froid;Commercial;23520.50;30;;;;;;Appel entrant / Emailing / Marketing;2019-09-06;
2428446;59-YNCREA ex-Atelier 9.81-Lille-Palissade Palais Rameau-201909;lost;Budget;Commercial;80000.00;20;;;;;;Appel entrant / Emailing / Marketing;2019-09-06;
2433680;BE-Sennse-Bruxelles-QR code3x3m-201909;cancelled;Devis froid;Commercial;5110.50;30;;;;;;Client existant;2019-09-09;
2433755;91-Co propriété BM2-Gif sur Yvette-Deco Crinolines-201909;closed;Devis froid;Commercial;2156.80;30;;;;;;Appel entrant / Emailing / Marketing;2019-09-09;
2435283;FR-Pitch-IDF-Remplacement adhésif-201909;closed;Devis froid;Commercial;2480.00;30;;;;;;Client existant;2019-09-10;
2436173;33-Ellipse-Bordeaux-partenariat-201909;closed;Identifié;Commercial;0.00;0;;;;;;Appel entrant / Emailing / Marketing;2019-09-10;
2441952;93-Algeco-Villepinte-Tas Promotion-201909;won;Devis froid;Commercial;1145.20;30;;;;;;Client existant;2019-09-13;
2442456;33-Cite du vin-Bordeaux-Exposition autoportee-201909;lost;Devis froid;Commercial;11131.00;30;;;;;;Appel entrant / Emailing / Marketing;2019-09-13;
2447672;34-ComdaB-Saint jean de Vedas-Pelliculage-201909;lost;Devis froid;Commercial;3972.00;30;;;;;;Appel entrant / Emailing / Marketing;2019-09-16;
2447714;74-SCI Mehari-Duingt-communication sur cloture hotel-201909;lost;Devis froid;Commercial;9540.00;30;;;;;;Appel entrant / Emailing / Marketing;2019-09-16;
2449023;77-College Capucins-Melun-Palissade-201909;lost;Devis froid;Commercial;13930.80;30;;;;;;Appel entrant / Emailing / Marketing;2019-09-17;
2449576;75-Idenium-Paris-Tableau-201909;lost;Devis froid;Commercial;852.00;30;;;;;;Bouche à oreille / Prescription;2019-09-17;
2457140;94-Snerct-Bry-s/Marne-Filet-201909;lost;Devis froid;Commercial;2218.75;30;;;;;;Client existant;2019-09-18;
2460626;69-Algeco-Lyon Fete des Lumieres-201909;won;Devis froid;Commercial;4986.00;30;;;;;;Client existant;2019-09-19;
2462768;IDF-Legalcom-Panneaux sur plot beton-201909;lost;Budget;Commercial;5490.00;0;;;;;;Appel entrant / Emailing / Marketing;2019-09-20;
2463088;49-Commune-Chalonnes-Candelize-201909;won;Devis froid;Commercial;2132.00;30;;;;;;Appel entrant / Emailing / Marketing;2019-09-20;
2467038;74-GSB Legendre-Annecy-Palissade-201909;won;Devis froid;Commercial;16162.50;30;;;;;;Appel entrant / Emailing / Marketing;2019-09-23;
2467389;91-Pierreval-Villebon-4x3 Baltique-201909;won;Devis froid;Commercial;2260.00;30;;;;;;Client existant;2019-09-23;
2467414;57-Algeco-Le Ban-Saint-Martin-Stade Football-201909;won;Devis froid;Commercial;2830.96;30;;;;;;Client existant;2019-09-23;
2469236;75-Pradeau Morin-Paris-Palissade Vicaire Pérée-201909;lost;Devis froid;Commercial;46258.65;30;;;;;;Client existant;2019-09-24;
2470414;92-Theop-Rueil Malmaison-Fourniture Panneaux imprimés-201909;won;Devis froid;Commercial;12385.86;30;;;;;;Appel entrant / Emailing / Marketing;2019-09-24;
2474156;77-Soprema-Hotel Sequoia Lodge Disney FILET-201909;lost;Devis froid;Commercial;1392.50;30;;;;;;Appel entrant / Emailing / Marketing;2019-09-24;
2481556;75-TDS-Paris-Palissade Seiko-201909;lost;Devis froid;Commercial;53597.25;30;;;;;;Bouche à oreille / Prescription;2019-09-26;
2483727;92-Arbonis-Nanterre-palissade bois-201909;lost;Devis froid;Commercial;79908.40;30;;;;;;Appel entrant / Emailing / Marketing;2019-09-27;
2483765;64-ACBL Echafaudage-Pau-habillage echaf bache blanche-201909;won;Devis froid;Commercial;7250.00;0;;;;;;Appel entrant / Emailing / Marketing;2019-09-27;
2494200;92-Quodam-Villeneuve La Garenne-3 projets concomitants-201909;won;Devis froid;Commercial;18250.00;30;;;;;;Appel entrant / Emailing / Marketing;2019-10-01;
2495112;51-Batisec-Reims-Palissade-201910;closed;Devis froid;Commercial;100073.00;0;;;;;;Commercial / Partenaire;2019-10-02;
2499867;59-Algeco-Grande-Synthe-Musee siderurgie-201910;won;Devis froid;Commercial;1145.20;30;;;;;;Client existant;2019-10-02;
2500157;92-Ville-La Garenne-Colombes-Place des Vallées-201910;closed;Budget;Commercial;18200.00;20;;;;;;Client existant;2019-10-02;
2500221;92-Ville-La Garenne-Colombes-Complexe culturel-201910;closed;Budget;Commercial;53500.00;20;;;;;;Client existant;2019-10-02;
2500244;92-Ville-La Garenne-Colombes-Panneau 4x3-201910;closed;Budget;Commercial;4850.00;20;;;;;;Client existant;2019-10-02;
2500314;77-AgencityPromotion-Jossigny-Panneaux4x12m-201910;lost;Devis froid;Commercial;14412.00;0;;;;;;Bouche à oreille / Prescription;2019-10-02;
2502242;05-Ville-Gap-habillage facade-201910;lost;Devis froid;Commercial;27021.00;30;;;;;;Appel entrant / Emailing / Marketing;2019-10-03;
2502541;01-Algeco-Viriat-bandeau-201910;lost;Devis froid;Commercial;3260.00;30;;;;;;Client existant;2019-10-03;
2507390;75-Luminance-Paris-Bache 3 Van Cleef-201910;won;Devis froid;Commercial;11405.00;30;;;;;;Client existant;2019-10-04;
2514200;33-SERPE-Merignac-Palissade-201910;lost;Devis froid;Commercial;128377.00;30;;;;;;Appel entrant / Emailing / Marketing;2019-10-07;
2521838;95-Algeco-SaintOuenLaumone-Prototype Pickngo-201910;closed;Identifié;Commercial;0.00;0;;;;;;Client existant;2019-10-08;
2534730;77-SpieBatignolles-Chelles-GrandParis Gare ligne 16 lot3-201910;lost;Budget;Commercial;0.00;20;;;;;;Appel entrant / Emailing / Marketing;2019-10-10;
2535118;75-ISEG-Paris-Habillage toile blanche pour streetart-201910;lost;Devis froid;Commercial;16459.20;30;;;;;;Appel entrant / Emailing / Marketing;2019-10-10;
2535197;02-Omniloca-Soissons-Toile sur échafaudage-201910;won;Devis froid;Commercial;16789.60;30;;;;;;Appel entrant / Emailing / Marketing;2019-10-10;
2556133;75-OSPREY-Paris-Bâche Pagode Le Bateau Phare-201910;closed;Qualifié;Commercial;30000.00;10;;;;;;Bouche à oreille / Prescription;2019-10-15;
2556265;92-Ville-Montrouge-Vitrophanie boutique-201910;lost;Devis froid;Commercial;2630.95;30;;;;;;Appel entrant / Emailing / Marketing;2019-10-15;
2556650;92-Pitch-Rueil Malmaison-Palissade Référenciel-201910;won;Devis froid;Commercial;7204.50;30;;;;;;Client existant;2019-10-15;
2557088;75-Syndic-paris12-deco mur 5x10mH-201910;lost;Devis froid;Commercial;9080.00;30;;;;;;Appel entrant / Emailing / Marketing;2019-10-15;
2587984;92-Pitch-Clichy-Palissade Prysm-201910;won;Devis froid;Commercial;4567.00;30;;;;;;Client existant;2019-10-16;
2595174;91-Ensta-Palaiseau-Palissade intérieure-201910;lost;Devis froid;Commercial;8636.00;30;;;;;;Appel entrant / Emailing / Marketing;2019-10-18;
2596811;27-Villemain-Dreux-Bâche Eglise St Pierre-201910;lost;Devis froid;Commercial;14971.00;30;;;;;;Appel entrant / Emailing / Marketing;2019-10-20;
2600944;17-Ville-Jonzac-Bache-201910;closed;Qualifié;Commercial;17566.75;10;;;;;;Appel entrant / Emailing / Marketing;2019-10-22;
2600971;02-MD Conseil-Lille-Palissade Canal-201910;closed;Devis froid;Commercial;3525.00;30;;;;;;Appel entrant / Emailing / Marketing;2019-10-22;
2601520;39-Algeco-St Amour-Modules-201910;closed;Devis froid;Commercial;7190.56;30;;;;;;Client existant;2019-10-22;
2612820;06-Iceberg-Nice-habillage toile module-201910;won;Devis froid;Commercial;11090.97;30;;;;;;Appel entrant / Emailing / Marketing;2019-10-25;
2613384;14-Pierreval-Mondeville-Palissade-201910;won;Devis froid;Commercial;14005.10;30;;;;;;Client existant;2019-10-25;
2616978;92-Engie Cofely-Rueil Malmaison-Habillage Palissade-201910;won;Devis froid;Commercial;4135.00;30;;;;;;Appel entrant / Emailing / Marketing;2019-10-28;
2623465;77-Pierreval-Coubert-Palissade Jean Jaures-201910;won;Devis froid;Commercial;2075.00;30;;;;;;Client existant;2019-10-30;
2623673;BE-Eiffage Valens-Bruxelles-Habillage Echaf Bourse-201910;lost;Budget;Commercial;0.00;0;;;;;;Appel entrant / Emailing / Marketing;2019-10-30;
2624546;93-Syctom-St Ouen-Serres Vitrophanie-201910;closed;Devis froid;Commercial;21593.76;30;;;;;;Client existant;2019-10-31;
2635789;14-Caron-Dives sur Mer-Hotel place de la république-201911;closed;Budget;Commercial;0.00;20;;;;;;Appel entrant / Emailing / Marketing;2019-11-05;
2646979;49-Commune-Chalonnes-Candelize Renouvellement Kakemono-201911;won;Devis froid;Commercial;400.00;30;;;;;;Client existant;2019-11-08;
2647635;75-Sade CGTH-Paris-Modulize Eau de Paris Ronsard-201911;lost;Budget;Commercial;45988.40;0;;;;;;Appel entrant / Emailing / Marketing;2019-11-08;
2653752;92-Eiffage Rail-Nanterre-Panneaux Eole-201911;lost;Devis froid;Commercial;1994.02;30;;;;;;Appel entrant / Emailing / Marketing;2019-11-12;
2655252;60-Algeco-Barbery-Deco-201911;won;Devis froid;Commercial;5027.20;30;;;;;;Client existant;2019-11-13;
2659385;94-Algeco-Mandres-les-Roses-College Simone Veil-201911;won;Devis froid;Commercial;7965.00;30;;;;;;Client existant;2019-11-14;
2664060;75-Pitch-Paris-Complément Palissade 36 rue Montparnasse-201911;won;Devis froid;Commercial;1528.13;30;;;;;;Client existant;2019-11-17;
2665465;13-Algeco-Fos-DecoGRTGAZ-201911;won;Devis froid;Commercial;1973.36;30;;;;;;Client existant;2019-11-18;
2665488;44-Algeco-Saint Nazaire-Sauveteurs en mer-201911;won;Devis froid;Commercial;3705.04;30;;;;;;Client existant;2019-11-18;
2667284;92-Petites Canailles-IDF-Totem-201911;lost;Devis froid;Commercial;4446.80;30;;;;;;Appel entrant / Emailing / Marketing;2019-11-18;
2669375;91-Mairie-Palaiseau-Palissade-201911;closed;Devis froid;Commercial;30675.50;30;;;;;;Appel entrant / Emailing / Marketing;2019-11-19;
2670095;95-Pierreval-Viarmes-Totem 4x3-201911;lost;Devis froid;Commercial;3050.00;30;;;;;;Client existant;2019-11-19;
2670097;77-Pierreval-Savigny-Totem 4x3-201911;lost;Devis froid;Commercial;3050.00;30;;;;;;Client existant;2019-11-19;
2670847;02-Algeco-Villers-Cotterets-bache centre monuments historiques-201911;closed;Devis froid;Commercial;32905.00;30;;;;;;Client existant;2019-11-20;
2673153;78-Algeco-St Rémy lès Chevreuse-GTT escalier-201911;lost;Devis froid;Commercial;7824.05;30;;;;;;Client existant;2019-11-20;
2673318;33-Agence 2 degrés-Villenave d'Ornon-palissade bois com urbaine-201911;lost;Devis froid;Commercial;33860.40;30;;;;;;Appel entrant / Emailing / Marketing;2019-11-20;
2673451;93-Groupe Optim-Tremblay en France-palissade interieure-201911;closed;Devis froid;Commercial;80215.27;30;;;;;;Appel entrant / Emailing / Marketing;2019-11-20;
2674066;94-Cobat-Gentilly-Habillage mur-201911;closed;Devis froid;Commercial;8114.50;0;;;;;;Appel entrant / Emailing / Marketing;2019-11-20;
2674221;93-GTA Lexus-Noisy Legrand-Habillage Tour-201911;won;Devis froid;Commercial;24370.57;30;;;;;;Client existant;2019-11-20;
2684812;75-Iceberg-Paris-Palissade St Florentin-201911;lost;Devis froid;Commercial;10237.00;30;;;;;;Client existant;2019-11-25;
2684830;94-Pierreval-Sucy-Habillage Palissade-201911;won;Devis froid;Commercial;3855.75;30;;;;;;Client existant;2019-11-25;
2687532;77-Phileog-Everly-panneaux chantier-201911;won;Devis froid;Commercial;7315.12;30;;;;;;Appel entrant / Emailing / Marketing;2019-11-26;
2691468;94-Ibiza-L’hay les Roses-250ml Palissade-201911;won;Devis froid;Commercial;19747.50;30;;;;;;Client existant;2019-11-27;
2696983;13-Agilis-Marseille-Ste Marthe palissade bois écoquartier-201911;won;Devis froid;Commercial;44080.60;30;;;;;;Appel entrant / Emailing / Marketing;2019-11-29;
2704550;95-Louise Cosmetics-Argenteuil-Cote Seine palissade-201912;closed;Qualifié;Commercial;0.00;10;;;;;;Appel entrant / Emailing / Marketing;2019-12-02;
2707415;33-Pierreval-Vayres-Palissade 10ml-201912;won;Devis froid;Commercial;2075.00;0;;;;;;Client existant;2019-12-03;
2713633;13-Agilis-Marseille-palissade St Louis-201912;lost;Devis froid;Commercial;72161.90;30;;;;;;Appel entrant / Emailing / Marketing;2019-12-05;
2718677;75-Algeco-Paris-Musée de la Marine-201912;lost;Devis froid;Commercial;60985.64;30;;;;;;Client existant;2019-12-09;
2722486;75-Esprimm-Paris-Palissade rue Couche-201912;won;Devis froid;Commercial;3900.00;30;;;;;;Client existant;2019-12-10;
2733881;33-Crealantique-Bordeaux-Exposition-201912;closed;Qualifié;Commercial;0.00;10;;;;;;Appel entrant / Emailing / Marketing;2019-12-16;
2738749;75-Luminance-Paris-Kakemono Rue de la Paix-201912;lost;Devis froid;Commercial;7097.00;30;;;;;;Client existant;2019-12-17;
2744390;92-Algeco-FR-GSE Habillage corporate adhé/escalier/enseigne-201912;closed;Budget;Commercial;4660.00;0;;;;;;Client existant;2019-12-19;
2745382;92-Pitch-Asnières-Panneaux Henri Barbusse-201912;won;Devis froid;Commercial;3566.03;30;;;;;;Client existant;2019-12-20;
2745549;31-Mairie-Labarthe sur Lèze-Totem-201912;closed;Devis froid;Commercial;7114.80;30;;;;;;Appel entrant / Emailing / Marketing;2019-12-20;
2756593;26-Algeco-Valence-Stade Pompidou poste medical-201912;won;Devis froid;Commercial;1731.04;30;;;;;;Client existant;2019-12-30;
2763571;95-Groupe Bollore-Roissy en France-habillage auvent-201912;lost;Devis froid;Commercial;27519.10;30;;;;;;Appel entrant / Emailing / Marketing;2019-12-31;
2766076;59-Algeco-Orchies-Vestiaire au cer orchies-202001;lost;Devis froid;Commercial;5803.60;30;;;;;;Client existant;2020-01-02;
2771093;75-Dumez-Paris8-Palissade chantier FSH-202001;lost;Devis froid;Commercial;32210.00;30;;;;;;Appel entrant / Emailing / Marketing;2020-01-03;
2778151;92-Algeco-La Défense-Vitrophanie Bureau achat +reunion-202001;won;Devis froid;Commercial;767.25;30;;;;;;Client existant;2020-01-06;
2778705;75-SGIV-Paris-Palissade Moncler-202001;lost;Devis froid;Commercial;30490.00;30;;;;;;Appel entrant / Emailing / Marketing;2020-01-06;
2779949;93-GTA Lexus-Villiers s/ Marne-Renouvellement Habillage Tour-202001;won;Devis froid;Commercial;7695.60;30;;;;;;Client existant;2020-01-06;
2782564;92-Algeco-FR-Enseigne GSE kitchenette-202001;closed;Budget;Commercial;3888.56;0;;;;;;Client existant;2020-01-07;
2797277;31-Algeco-Villefranche de lauragais-Bureau CDC-202001;lost;Devis froid;Commercial;17183.30;30;;;;;;Client existant;2020-01-09;
2800236;06-Ecole st Philippe Neri-Juan les Pins-Algeco Deco école-202001;lost;Devis froid;Commercial;1608.40;30;;;;;;Client existant;2020-01-10;
2800376;FR-OTV Veolia-Marché Comm Chantier-202001;lost;Budget;Commercial;1179.14;0;;;;;;Appel entrant / Emailing / Marketing;2020-01-10;
2800514;92-Pitch-La Garenne Colombes-L'entract repiquage-202001;won;Devis froid;Commercial;1192.00;30;;;;;;Client existant;2020-01-10;
2803611;94-AquaRay-Ivry sur Seine-Realisation Habillage facade-202001;lost;Devis froid;Commercial;46407.77;30;;;;;;Client existant;2020-01-13;
2805378;92-Iceberg-Clichy/Levallois-Bâches Swell-202001;closed;Qualifié;Commercial;0.00;10;;;;;;Client existant;2020-01-13;
2808424;FR-Algeco-MAJ catalogue 2020;closed;Devis froid;Commercial;8910.00;0;;;;;;Client existant;2020-01-14;
2809437;74-GSB Legendre-Annecy-Palissade-202001;won;Devis froid;Commercial;16480.50;30;;;;;;Client existant;2020-01-14;
2811023;13-Algeco-Saint Paul les Durance-Signaletique BaseVie ONET-202001;closed;Budget;Commercial;6233.50;0;;;;;;Client existant;2020-01-15;
2819912;67-Eurométropole-Strasbourg-Habillage cloture toile-202001;lost;Devis froid;Commercial;12031.50;30;;;;;;Appel entrant / Emailing / Marketing;2020-01-17;
2819940;13-Espacs-Marseille-habillage palissade Ste Marthe-202001;lost;Budget;Commercial;32710.50;0;;;;;;Appel entrant / Emailing / Marketing;2020-01-17;
2820084;92-L&P-Issy-Palissade 12 rue Danton-202001;won;Devis froid;Commercial;3271.96;30;;;;;;Appel entrant / Emailing / Marketing;2020-01-17;
2831412;21-Rinck-Saulon-la-Rue-Signaletique Chateau de Saulon-202001;lost;Devis froid;Commercial;7335.00;30;;;;;;Appel entrant / Emailing / Marketing;2020-01-21;
2836925;MKT-communication Celize-2020;closed;Devis froid;Commercial;0.00;30;;;;;;Aucune;2020-01-22;
2851770;84-Klostab-Vaucluse-Palissade autoroute Vinci-202001;lost;Devis froid;Commercial;20060.00;30;;;;;;Bouche à oreille / Prescription;2020-01-23;
2854433;92-L&P-Issy-Palissade 40 bd Rodin-202001;lost;Devis froid;Commercial;9053.05;30;;;;;;Client existant;2020-01-23;
2856939;75-Luminance-Paris-Palissade 53 rue Chateaudun-202001;won;Devis froid;Commercial;5908.83;30;;;;;;Client existant;2020-01-24;
2857763;83-Elle assure-Fréjus-Graphisme + Adhésif-202001;won;Devis froid;Commercial;300.09;30;;;;;;Bouche à oreille / Prescription;2020-01-24;
2862117;94-ONF-Maison Alfort-Palissade50ml-202001;lost;Budget;Commercial;12430.50;20;;;;;;Appel entrant / Emailing / Marketing;2020-01-27;
2868193;44-Algeco-Reze-Leclerc-202001;lost;Devis froid;Commercial;1731.04;30;;;;;;Client existant;2020-01-28;
2868254;78-Marie-Rambouillet-Habillage palissade-202001;won;Devis froid;Commercial;9472.50;30;;;;;;Appel entrant / Emailing / Marketing;2020-01-28;
2868278;78-Algeco-Louveciennes-SSR KORIAN Val-de-Seine-202001;won;Devis froid;Commercial;22302.00;30;;;;;;Client existant;2020-01-28;
2872658;84-Algeco-Avignon-GSE habillage corporate-2022001;closed;Qualifié;Commercial;67200.80;10;;;;;;Client existant;2020-01-29;
2876818;75-Watt-db-Paris10-Palissade 47 rue Enghien-202001;closed;Identifié;Commercial;0.00;0;;;;;;Appel entrant / Emailing / Marketing;2020-01-30;
2877328;31-Algeco-Colomiers-Arcelor Metal-202001;won;Devis froid;Commercial;2093.36;30;;;;;;Client existant;2020-01-30;
2882181;93-Theop-La Courneuve-Palissade Mercury-202001;lost;Devis froid;Commercial;18140.76;30;;;;;;Client existant;2020-01-31;
2882924;77-Kompan-Dammarie-Les-Lys-Toile sur entrepot-202001;won;Devis froid;Commercial;4766.40;30;;;;;;Bouche à oreille / Prescription;2020-01-31;
2887622;92-Sage Engineering-Levallois Perret-Pelliculage entrée-202002;won;Devis froid;Commercial;1267.00;30;;;;;;Bouche à oreille / Prescription;2020-02-03;
2892516;91-CA Grand Paris Sud-Evry-Courcouronnes-Totem-202002;lost;Devis froid;Commercial;10805.00;30;;;;;;Appel entrant / Emailing / Marketing;2020-02-04;
2894410;75-Iceberg-Paris-Palissade Pergolèse-202002;lost;Devis froid;Commercial;10034.63;30;;;;;;Client existant;2020-02-05;
2902716;75-SAM MAU-Paris-Palissade 1 Printemps-202002;closed;Devis froid;Commercial;8872.16;30;;;;;;Appel entrant / Emailing / Marketing;2020-02-07;
2902780;75-SAM MAU-Paris-Palissade 2 Printemps-202002;closed;Devis froid;Commercial;6479.73;30;;;;;;Appel entrant / Emailing / Marketing;2020-02-07;
2902895;92-Quodam-Villeneuve La Garenne-Redesign Panneaux-202002;closed;Devis froid;Commercial;720.00;30;;;;;;Client existant;2020-02-07;
2903163;MA-Comar Gest-Marrakech-Graphisme Palissade-202001;closed;Qualifié;Commercial;0.00;10;;;;;;Appel entrant / Emailing / Marketing;2020-02-07;
2910404;92-Orfeo-La Defense-Palissade Végétale-202002;lost;Devis froid;Commercial;21000.00;30;;;;;;Bouche à oreille / Prescription;2020-02-11;
2911800;75-Luminance-Paris-Habillage fenetre et palissade Van Cleef/***FENETRES***-202002;won;Devis froid;Commercial;7553.29;30;;;;;;Client existant;2020-02-11;
2912400;REC-92-Pitch-Clichy-Palissade Prysm-202002;won;SAV;Commercial;0.00;0;;;;;;Client existant;2020-02-11;
2915845;31-Commune de la Salvetat-Gilles-Potence Candelize-202002;lost;Devis froid;Commercial;5750.00;30;;;;;;Appel entrant / Emailing / Marketing;2020-02-12;
2915966;92-Pitch-La Garenne Colombes-L'entract redressement-202002;won;Devis froid;Commercial;1150.00;30;;;;;;Client existant;2020-02-12;
2923683;75-OPPIC-Paris-Palissade bois Palais Chaillot-202002;lost;Devis froid;Commercial;39923.07;30;;;;;;Appel entrant / Emailing / Marketing;2020-02-14;
2927762;69-Demathieu et Bard-Genay-Totem LIZ-202002;lost;Devis froid;Commercial;4260.00;30;;;;;;Appel entrant / Emailing / Marketing;2020-02-17;
2933447;74-Algeco-Annecy-Lafayette-202002;won;Devis froid;Commercial;3100.40;30;;;;;;Client existant;2020-02-19;
2933494;94-Snerct-Bry-s/Marne-bâche-202002;lost;Devis froid;Commercial;559.50;30;;;;;;Client existant;2020-02-19;
2938410;78-Corem-Jouars Ponchartrain-Habillage échafaudage-202002;lost;Devis froid;Commercial;10824.00;30;;;;;;Bouche à oreille / Prescription;2020-02-20;
2948574;93-Theop-La Courneuve-Panneau de chantier-202002;lost;Devis froid;Commercial;2671.00;30;;;;;;Client existant;2020-02-24;
2948660;75-Moteco-Paris-Palissade Comédie Française-202002;lost;Devis froid;Commercial;10416.67;30;;;;;;Appel entrant / Emailing / Marketing;2020-02-24;
2951107;CZ-Developpement produit-2020;closed;Devis froid;Commercial;0.00;0;;;;;;Aucune;2020-02-25;
2953313;83-Algeco-Cogolin-Groupe Ital Developer-202002;lost;Devis froid;Commercial;1611.04;30;;;;;;Client existant;2020-02-25;
2956738;74-GSB Legendre-Annecy-Palissade-202002;won;Devis froid;Commercial;11868.00;30;;;;;;Client existant;2020-02-26;
2960086;92-Quodam-Villeneuve La Garenne-3 façades-202002;won;Devis froid;Commercial;10993.40;30;;;;;;Client existant;2020-02-27;
2969214;62-Megarama-Boulogne sur Mer-Panneau 4x3-202002;lost;Devis froid;Commercial;3435.00;30;;;;;;Client existant;2020-03-01;
2972314;74-GSB Legendre-Annecy-Palissade-202003;lost;Devis froid;Commercial;651.80;30;;;;;;Client existant;2020-03-02;
2973712;71-Algeco-Macon-Total-202002;lost;Devis froid;Commercial;8976.32;30;;;;;;Client existant;2020-03-02;
2973755;44-Algeco-St Nazaire-EDF-202002;won;Devis froid;Commercial;22000.00;30;;;;;;Client existant;2020-03-02;
2980500;75-Rougier et Plé-Paris3-Habillage façade boutique-202003;won;Devis froid;Commercial;22388.72;30;;;;;;Appel entrant / Emailing / Marketing;2020-03-04;
2983624;51-LCY-Mesnil sur Oger-Palissade-202003;closed;Devis froid;Commercial;12947.60;30;;;;;;Appel entrant / Emailing / Marketing;2020-03-04;
2985717;92-UrbanRhapsody-Nanterre-Cheminement-202003;won;Devis froid;Commercial;23190.00;30;;;;;;Appel entrant / Emailing / Marketing;2020-03-05;
2988453;92-Atelier Images-Hauts de Seine-Totem-202003;lost;Devis froid;Commercial;11815.00;30;;;;;;Appel entrant / Emailing / Marketing;2020-03-06;
2990246;75-Landmarkarchi-Paris6-Palissade place Michel Debré-202003;lost;Budget;Commercial;15000.00;20;;;;;;Appel entrant / Emailing / Marketing;2020-03-06;
2995372;13-Exprimer-Aix-Totem-202003;lost;Devis froid;Commercial;20624.00;30;;;;;;Appel entrant / Emailing / Marketing;2020-03-09;
3002393;93-Luminance-Montreuil-B&C France Palissade-202003;won;Devis froid;Commercial;6329.84;30;;;;;;Appel entrant / Emailing / Marketing;2020-03-11;
3003623;77-AEGE-Emerainville-Palissade interieure-202003;lost;Devis froid;Commercial;9186.00;30;;;;;;Appel entrant / Emailing / Marketing;2020-03-11;
3007086;31-SEG FAYAT-Toulouse-Palissade TISSEO-202003;lost;Devis froid;Commercial;29520.55;30;;;;;;Appel entrant / Emailing / Marketing;2020-03-12;
3014129;92-Centre Evenementiel et Culturel-Courbevoie-Exposition photo-202003;won;Devis froid;Commercial;7421.43;30;;;;;;Appel entrant / Emailing / Marketing;2020-03-16;
3016530;44-Guerlais-Nantes-Palissade Indoor-202003;lost;Devis froid;Commercial;8406.20;30;;;;;;Appel entrant / Emailing / Marketing;2020-03-18;
3017165;75-Epiceum-Paris-Prolongement T3-202003;lost;Devis froid;Commercial;14693.72;30;;;;;;Client existant;2020-03-18;
3022849;93-Avelis industrie-Drancy-Bache protection escalier-202003;lost;Devis froid;Commercial;7511.04;30;;;;;;Appel entrant / Emailing / Marketing;2020-03-23;
3025525;75-SIRPA MER-Paris-Totem LIZ Outdoor-202003;lost;Budget;Commercial;0.00;20;;;;;;Appel entrant / Emailing / Marketing;2020-03-25;
3029413;13-CO2 Communication-Marseille-Totem LIZ Indoor-202003;lost;Budget;Commercial;20000.00;20;;;;;;Appel entrant / Emailing / Marketing;2020-03-26;
3032560;85-O Connection-Sables d Olonnes-Habillage Echafaudage Vendee Globe-202003;lost;Devis froid;Commercial;3260.00;30;;;;;;Appel entrant / Emailing / Marketing;2020-03-30;
3034811;93-Pierreval-Clichy s/s Bois-Habillage palissade-202003;lost;Devis froid;Commercial;13129.78;30;;;;;;Client existant;2020-03-31;
3034816;44-Pierreval-Nantes-Habillage palissade-202003;lost;Devis froid;Commercial;3577.08;30;;;;;;Client existant;2020-03-31;
3034821;94-Pierreval-Champigny s/ Marne-Habillage palissade-202003;won;Devis froid;Commercial;4180.00;30;;;;;;Client existant;2020-03-31;
3036205;54-Bouygues-Nancy-Habillage Palissade-202004;lost;Devis froid;Commercial;16610.00;30;;;;;;Appel entrant / Emailing / Marketing;2020-04-01;
3045551;92-LeonGrosse-Courbevoie-Palissade semi-transparente-202004;lost;Devis froid;Commercial;8095.80;30;;;;;;Appel entrant / Emailing / Marketing;2020-04-08;
3045928;78-Algeco-Maisons Laffitte-Ecole avenue Eglé-202004;closed;Qualifié;Commercial;0.00;10;;;;;;Client existant;2020-04-08;
3081567;BE-La Ruche Chapelloise-Chapelle-lez-Herlaimont-Palissade Bois-202004;lost;Devis froid;Commercial;12430.50;30;;;;;;Appel entrant / Emailing / Marketing;2020-04-22;
3082322;BE-Beliris-Bruxelles-Palissade chantier com et deco-202004;closed;Qualifié;Commercial;0.00;10;;;;;;Appel entrant / Emailing / Marketing;2020-04-23;
3091700;93-Algeco-Pierrefite-Palissade-202004;won;Devis froid;Commercial;9376.98;30;;;;;;Client existant;2020-04-27;
3092555;33-Algeco-Martillac-Module Merck Biodevelopment-202004;won;Devis froid;Commercial;3112.08;30;;;;;;Client existant;2020-04-27;
3097991;92-SMT-Gennevilliers-Palissade-202004;lost;Devis froid;Commercial;7369.20;30;;;;;;Appel entrant / Emailing / Marketing;2020-04-29;
3103214;94-Algeco-Fontenay s/s Bois- Bandeau Eiffage-202005;lost;Devis froid;Commercial;2257.80;30;;;;;;Client existant;2020-05-04;
3103560;41-Francois Chatillon-Chambord-Echafaudage Château-202005;closed;Qualifié;Commercial;120000.00;0;;;;;;Appel entrant / Emailing / Marketing;2020-05-04;
3104693;95-Demathieu Bard-Gonesse-Palissade-202003;lost;Devis froid;Commercial;91289.31;30;;;;;;Appel entrant / Emailing / Marketing;2020-05-04;
3114893;78-IDEC-Montigny Le Bretonneux-Altize Montigny Manet-202005;won;Devis froid;Commercial;2864.95;30;;;;;;Commercial / Partenaire;2020-05-06;
3119621;44-Algeco-Mairie St. Etienne de Montluc-Algeco Deco Ecole-202005;won;Devis froid;Commercial;4500.00;30;;;;;;Client existant;2020-05-10;
3121346;38-Algeco-Livet et Gavet-Ferropem-202005;lost;Devis froid;Commercial;4012.08;0;;;;;;Client existant;2020-05-11;
3121808;92-Novaxia-Levallois-Palissade rue Jean Jaurès-202005;lost;Devis froid;Commercial;3999.82;30;;;;;;Commercial / Partenaire;2020-05-11;
3123483;93-Est Ensemble-Pantin-Habillage Palissade-202005;lost;Devis froid;Commercial;5999.00;30;;;;;;Bouche à oreille / Prescription;2020-05-12;
3124358;67-Eiffage-Strasbourg-Panneaux-202005;won;Devis froid;Commercial;666.00;30;;;;;;Client existant;2020-05-12;
3127940;74-GSB Legendre-Annecy-Palissade-202005;won;Devis froid;Commercial;4555.50;30;;;;;;Client existant;2020-05-13;
3130864;78-IDEC-Montigny Le Bretonneux-Altize Montigny Plougastel-202005;won;Devis froid;Commercial;2864.95;0;;;;;;Commercial / Partenaire;2020-05-15;
3131611;92-Algeco-FR-Adhésif 30x10-2022005;lost;Devis froid;Commercial;1980.00;0;;;;;;Client existant;2020-05-15;
3131668;92-Freo-Suresnes-Habillage palissade-202005;lost;Devis froid;Commercial;780.00;30;;;;;;Client existant;2020-05-15;
3135317;27-Eiffage Route-Vernon-Mobilize-202005;lost;Devis froid;Commercial;13694.80;30;;;;;;Appel entrant / Emailing / Marketing;2020-05-18;
3144109;75-Wifirst-Paris-Toile sur mur-202005;lost;Devis froid;Commercial;9810.00;30;;;;;;Appel entrant / Emailing / Marketing;2020-05-19;
3144316;93-Est Ensemble-Montreuil-Totem Caisson bois-202005;lost;Devis froid;Commercial;3764.00;30;;;;;;Commercial / Partenaire;2020-05-19;
3145470;77-Pierreval-Meaux-Altize-202005;won;Devis froid;Commercial;4600.00;30;;;;;;Client existant;2020-05-20;
3146259;REC-Algeco-Clermont Ferrand-CHU-201706-202005;closed;SAV;Commercial;0.00;0;;;;;;Client existant;2020-05-20;
3153189;FR-Uperio-FR-Altize-202005;lost;Devis froid;Commercial;3700.00;30;;;;;;Bouche à oreille / Prescription;2020-05-25;
3154880;93-La Folie de Pantin-Pantin-Habillage Global-202005;lost;Devis froid;Commercial;33644.75;30;;;;;;Appel entrant / Emailing / Marketing;2020-05-26;
3156111;77-BT France-Claye Souilly-Altize Promogim-202005;lost;Devis froid;Commercial;4325.00;30;;;;;;Bouche à oreille / Prescription;2020-05-26;
3158443;21-Algeco-Dijon-Musicall Studio-202005;lost;Qualifié;Commercial;2000.00;0;;;;;;Client existant;2020-05-27;
3158525;77-CC BRIE DES RIVIERES ET CHATEAUX-Le Châtelet-Totem A1-202005;lost;Devis froid;Commercial;3680.00;30;;;;;;Appel entrant / Emailing / Marketing;2020-05-27;
3158859;93-Novaxia-Bagnolet-Altize-202005-OPP-01070;won;Devis froid;Commercial;1490.00;30;;;;;;Commercial / Partenaire;2020-05-27;
3159408;27-Colas-Vernon-Mobilize-202005;lost;Devis froid;Commercial;13694.80;30;;;;;;Appel entrant / Emailing / Marketing;2020-05-27;
3162156;75-CPAM-Paris-Bache Echafaudage-202005;won;Devis froid;Commercial;1055.00;0;;;;;;Appel entrant / Emailing / Marketing;2020-05-28;
3164416;92-Epiceum-Courbevoie-Totem piste cyclable-202005;lost;Qualifié;Commercial;30000.00;0;;;;;;Client existant;2020-05-29;
3164831;38-Algeco-Crolles-Algeco Deco Ecole-202005;won;Devis froid;Commercial;4999.76;30;;;;;;Client existant;2020-05-29;
3166314;78-Agence Markus-St Germain en Laye-Programme République-202005;lost;Devis froid;Commercial;27505.00;30;;;;;;Bouche à oreille / Prescription;2020-05-31;
3179885;78-Esprimm-Versailles-Bâche Maréchal-Foch-202006;won;Devis froid;Commercial;462.50;30;;;;;;Client existant;2020-06-05;
3180555;92-Mairie-Nanterre-Totem-202006;won;Devis froid;Commercial;6167.90;30;;;;;;Appel entrant / Emailing / Marketing;2020-06-05;
3180604;93-Nacarat-Neuilly Plaisance-Palissade Bois-2020606;won;Devis froid;Commercial;7782.45;30;;;;;;Client existant;2020-06-05;
3181220;92-Pitch Promotion-Asnières-Démontage-202006;won;Devis froid;Commercial;3000.00;30;;;;;;Client existant;2020-06-05;
3183613;80-Amiens Métropole-Amiens-Modulize Toile-202006;lost;Devis froid;Commercial;20043.00;30;;;;;;Appel entrant / Emailing / Marketing;2020-06-08;
3183849;93-Algeco-Pierrefite-Ecoles Algeco Deco-202004;won;Devis chaud;Commercial;19017.58;90;;;;;;Client existant;2020-06-08;
3184714;27-Le Foll-Vernon-Mobilize-202006;lost;Devis froid;Commercial;13694.80;30;;;;;;Appel entrant / Emailing / Marketing;2020-06-08;
3189833;94-Pierreval-Champigny s/ Marne-Altize-202006;closed;Qualifié;Commercial;0.00;10;;;;;;Client existant;2020-06-10;
3191752;93-Algeco-Pierrefite-Ecoles Bardage bois-202006;lost;Qualifié;Commercial;0.00;10;;;;;;Client existant;2020-06-10;
3194542;27-Guintoli-Vernon-Mobilize-202005;lost;Devis froid;Commercial;13694.80;30;;;;;;Appel entrant / Emailing / Marketing;2020-06-11;
3194776;75-Luminance-Paris-Habillage fenetre et palissade Van Cleef/***FENETRES***-202006;won;Devis froid;Commercial;1475.00;30;;;;;;Client existant;2020-06-11;
3195237;BE-ACT Mettet-Biesme-Habillage Echafaudage-202006;lost;Devis froid;Commercial;36065.00;30;;;;;;Appel entrant / Emailing / Marketing;2020-06-11;
3197812;75-Ateliers de France-Paris-Palissade rue Martignac-202006;lost;Devis froid;Commercial;51547.24;30;;;;;;Appel entrant / Emailing / Marketing;2020-06-12;
3198227;75-Previt-Paris-Palissade Bulgari-202006;lost;Devis froid;Commercial;125000.00;30;;;;;;Appel entrant / Emailing / Marketing;2020-06-12;
3202658;57-Brand-Carling-habillage échafaudage blanc-202006;lost;Devis froid;Commercial;41722.41;30;;;;;;Appel entrant / Emailing / Marketing;2020-06-15;
3207345;69-DWA-Marcy-l'Étoile-Domaine de Lacroix-Laval-202006;lost;Devis froid;Commercial;9202.00;30;;;;;;Appel entrant / Emailing / Marketing;2020-06-16;
3208622;27-Signature-Vernon-Mobilize-202005;lost;Devis froid;Commercial;13694.80;30;;;;;;Appel entrant / Emailing / Marketing;2020-06-17;
3209312;69-Algeco-St Fons-BUREAUX STARTERRE-202006;lost;Identifié;Commercial;0.00;0;;;;;;Client existant;2020-06-17;
3212004;69-Algeco-Lyon-HCL-202006;lost;Devis froid;Commercial;10910.00;30;;;;;;Client existant;2020-06-17;
3213951;75-AVDLV-Paris-Habillage module toile microperforee-202006;lost;Budget;Commercial;0.00;20;;;;;;Appel entrant / Emailing / Marketing;2020-06-18;
3214003;75-AVDLV-Paris-Palissade bois-202006;lost;Budget;Commercial;200000.00;20;;;;;;Appel entrant / Emailing / Marketing;2020-06-18;
3216202;28-Mairie-Neron-Bache-202006;won;Devis froid;Commercial;420.00;30;;;;;;Appel entrant / Emailing / Marketing;2020-06-18;
3219958;77-LTE Construction-Serris-Grue Nacarat-202006;won;SAV;Commercial;3800.00;100;;;;;;Bouche à oreille / Prescription;2020-06-19;
3225784;94-Novaxia-Nogent sur Marne-Drapeau-202006;won;Devis froid;Commercial;895.00;30;;;;;;Client existant;2020-06-23;
3232128;31-INRAE-Toulouse-Expo 50ans-202006;lost;Qualifié;Commercial;0.00;10;;;;;;Appel entrant / Emailing / Marketing;2020-06-24;
3233619;85-Semios-Sables d'Olonne-Totem Vendée Globe-202006;lost;Devis froid;Commercial;2344.00;30;;;;;;Appel entrant / Emailing / Marketing;2020-06-24;
3233821;93-GTA Lexus-Villiers s/ Marne-Renouvellement Habillage Tour-202006;won;Devis froid;Commercial;5572.80;30;;;;;;Client existant;2020-06-24;
3236351;77-EPA Marne-Torcy-Habillage Palissade-202006;won;Devis froid;Commercial;8022.00;30;;;;;;Commercial / Partenaire;2020-06-25;
3237835;75-Previt-Paris-Toiture Bulgari-202006;lost;Qualifié;Commercial;0.00;10;;;;;;Appel entrant / Emailing / Marketing;2020-06-26;
3239034;13-Algeco-Marignane-Module de Plage-202006;won;Devis froid;Commercial;5078.96;30;;;;;;Client existant;2020-06-26;
3239644;29-Bonduelle-Rosporden-Totem LIZ 60-202006;lost;Devis froid;Commercial;4874.00;30;;;;;;Appel entrant / Emailing / Marketing;2020-06-26;
3244342;50-JSFR-Roubais-Palissade 103ml-202006;closed;Budget;Commercial;0.00;20;;;;;;Appel entrant / Emailing / Marketing;2020-06-29;
3247916;33-Woko-Bordeaux Lac-Totem Sign-IZ-202006;lost;Devis froid;Commercial;2565.00;30;;;;;;Appel entrant / Emailing / Marketing;2020-06-30;
3248675;27-Vision de Marques-Vernon-4x3-202006;lost;Devis froid;Commercial;3435.00;30;;;;;;Appel entrant / Emailing / Marketing;2020-06-30;
3256702;27-Vision de Marques-Vernon-Habillage Palissade-202007;lost;Devis froid;Commercial;5512.50;30;;;;;;Appel entrant / Emailing / Marketing;2020-07-03;
3262786;77-Vastint-Montévrain-Habillage Palissade-202003;lost;Devis froid;Commercial;13177.35;30;;;;;;Bouche à oreille / Prescription;2020-07-06;
3262974;92-BT France-Clichy-Habillage Palissade-202007;lost;Devis froid;Commercial;2988.20;30;;;;;;Bouche à oreille / Prescription;2020-07-06;
3263193;74-UTD-Messery-Habillage Palissade-202007;lost;Devis froid;Commercial;4699.70;30;;;;;;Appel entrant / Emailing / Marketing;2020-07-06;
3263982;69-CA Immobilier-Lyon-Echafaudage Rue Garibaldi-202007;closed;Identifié;Commercial;0.00;0;;;;;;Commercial / Partenaire;2020-07-06;
3266998;33-A2LC-Bordeaux-Palissade Bois-202007;lost;Devis froid;Commercial;155548.23;30;;;;;;Appel entrant / Emailing / Marketing;2020-07-07;
3267782;44-Cardinal Edifice-Nantes-Habillage palissade-202007;closed;Identifié;Commercial;0.00;0;;;;;;Appel entrant / Emailing / Marketing;2020-07-08;
3267984;59-Aventim-Villeneuve d'Ascq-Habillage palissade-202007;lost;Devis froid;Commercial;42978.00;30;;;;;;Commercial / Partenaire;2020-07-08;
3269291;78-Pierre Promotion-Viroflay-Bache location de bureau-202008;lost;Devis froid;Commercial;726.00;30;;;;;;Commercial / Partenaire;2020-07-08;
3270475;92-Cougnaud-Courbevoie-Vitres Modules-202007;lost;Devis froid;Commercial;6714.12;30;;;;;;Commercial / Partenaire;2020-07-08;
3272256;59-Aventim-Marcq en Baroeul-Habillage palissade-202007;closed;Identifié;Commercial;0.00;0;;;;;;Commercial / Partenaire;2020-07-09;
3273203;75-Edile Construction-Paris-Palissade Jardin des plantes-202007;lost;Devis froid;Commercial;32997.00;30;;;;;;Appel entrant / Emailing / Marketing;2020-07-09;
3276516;01-Pierreval-Dagneux-Drapreau Grue-202007;won;Devis froid;Commercial;820.00;30;;;;;;Client existant;2020-07-10;
3276809;92-Aermont Capital-La Defense-Habillage Chantier-202007;won;Devis froid;Commercial;7482.00;30;;;;;;Appel entrant / Emailing / Marketing;2020-07-10;
3281779;BE-Denys-Bruxelles-Habillage Echaf Bourse-202007;lost;Devis froid;Commercial;212066.00;30;;;;;;Bouche à oreille / Prescription;2020-07-13;
3282078;44-Le Sporting-St Herblain-Bache Cloture-202007;closed;Budget;Commercial;525.00;20;;;;;;Appel entrant / Emailing / Marketing;2020-07-13;
3287778;75-Eiffage-Paris-Module Grande Armée-202007;lost;Devis froid;Commercial;37412.96;30;;;;;;Client existant;2020-07-16;
3291620;64-Charles-Biarritz-Palissade 100 ml-202007;lost;Budget;Commercial;2260.00;20;;;;;;Appel entrant / Emailing / Marketing;2020-07-17;
3299045;58-Commune-Clamecy-Eglise+Maison-202007;won;Devis froid;Commercial;13651.40;30;;;;;;Appel entrant / Emailing / Marketing;2020-07-21;
3299464;78-Nacarat-Conflans Ste Honorine-Habillage Palissade-202007;won;Devis froid;Commercial;2600.00;30;;;;;;Client existant;2020-07-21;
3299546;92-Quodam-Villeneuve La Garenne-quai Sisley-202007;lost;Qualifié;Commercial;0.00;10;;;;;;Client existant;2020-07-21;
3301015;FR-K&B-FR-AO Com Chantier-202007;closed;Budget;Commercial;0.00;0;;;;;;Commercial / Partenaire;2020-07-21;
3301041;94-Claudine Drai-Bry s/ Marne-Pelliculage mural-202007;won;Devis froid;Commercial;1800.00;30;;;;;;Bouche à oreille / Prescription;2020-07-21;
3303500;69-Algeco-Venissieux-Pelliculage siège-202007;won;Devis froid;Commercial;1120.00;30;;;;;;Client existant;2020-07-22;
3304460;69-EM2C-Lyon-Palissade bd de l'artillerie-202007;lost;Devis froid;Commercial;56936.20;30;;;;;;Appel entrant / Emailing / Marketing;2020-07-22;
3310746;75-Reactif-Paris-Palissade 27 Malesherbes-202007;lost;Devis froid;Commercial;15277.75;30;;;;;;Appel entrant / Emailing / Marketing;2020-07-24;
3314652;69-K&B-Lyon-Altize-202007;won;Devis froid;Commercial;6690.00;30;;;;;;Commercial / Partenaire;2020-07-27;
3320074;93-Pierreval-Le Blanc Mesnil-Habillage Palissade-202007;lost;Devis froid;Commercial;3670.00;30;;;;;;Client existant;2020-07-29;
3323497;93-Nacarat-Gagny-Palissade Gustave Courbert-202007;won;Devis froid;Commercial;1915.00;30;;;;;;Client existant;2020-07-29;
3328270;92-Ortec-Boulogne-Palissade OGD IDF-202007;lost;Devis froid;Commercial;85790.41;30;;;;;;Appel entrant / Emailing / Marketing;2020-07-30;
3328320;75-Aimko-Paris-Habillage Façade INSEP-202007;lost;Devis froid;Commercial;6810.00;30;;;;;;Appel entrant / Emailing / Marketing;2020-07-30;
3342732;69-Algeco-Limonest-GROUPE FOREL / DEVELOPER 12-202008;won;Devis froid;Commercial;1836.04;30;;;;;;Client existant;2020-08-06;
3347064;92-Quodam-Villeneuve La Garenne-panneau 58/62 avenue Jean Moulin-202007;won;Devis froid;Commercial;650.00;30;;;;;;Appel entrant / Emailing / Marketing;2020-08-09;
3349321;75-Guinier-Paris-Palissade Quai du Marché Neuf-202008;lost;Devis froid;Commercial;13940.10;30;;;;;;Appel entrant / Emailing / Marketing;2020-08-11;
3360531;93-Humanité-Saint-Denis-Liz-202008;lost;Budget;Commercial;0.00;20;;;;;;Appel entrant / Emailing / Marketing;2020-08-17;
3362829;60-Algeco-Creil-Gare SNCF-202008;won;Devis froid;Commercial;670.00;30;;;;;;Client existant;2020-08-18;
3362901;57-Hotel la Citadelle-Metz-Habillage chantier couloir-202008;closed;Qualifié;Commercial;0.00;10;;;;;;Appel entrant / Emailing / Marketing;2020-08-18;
3363461;SALES-Commercial externe-2020;closed;Identifié;Commercial;0.00;0;;;;;;Aucune;2020-08-18;
3366994;75-Pitch-Paris-Habillage grue-202008;lost;Devis froid;Commercial;16565.00;30;;;;;;Client existant;2020-08-19;
3367081;92-Mairie-Nanterre-Fourniture Totem-202008;lost;Devis froid;Commercial;890.00;30;;;;;;Client existant;2020-08-20;
3369661;94-Eiffage-L Hays les Roses-Elagage-202008;won;Devis froid;Commercial;675.00;30;;;;;;Bouche à oreille / Prescription;2020-08-21;
3374435;33-Algeco-Gradignan-College Alfred Mauguin-202008;won;Devis froid;Commercial;650.00;30;;;;;;Client existant;2020-08-24;
3374680;75-Vulcan Studio-Paris-Palissade Poissonnerie-202008;lost;Budget;Commercial;3000.00;20;;;;;;Appel entrant / Emailing / Marketing;2020-08-24;
3375077;92-Haropa-Genneviliers-Totem Caisson bois-202008;closed;Qualifié;Commercial;0.00;10;;;;;;Appel entrant / Emailing / Marketing;2020-08-24;
3378237;75-Algeco-Paris-Prototype Pickngo-Odyssee-202008;closed;Devis froid;Commercial;0.00;30;;;;;;Client existant;2020-08-25;
3386912;85-Semios-Sables d'Olonne-Cadre Bache Vendée Globe-202008;lost;Devis froid;Commercial;7706.00;30;;;;;;Appel entrant / Emailing / Marketing;2020-08-27;
3387207;02-DRAC-Soissons-Reproduction imprimée-202008;won;Devis froid;Commercial;3118.00;30;;;;;;Bouche à oreille / Prescription;2020-08-27;
3387502;94-Eiffage-Velizy-Fourniture baches-202008;won;Devis froid;Commercial;423.40;30;;;;;;Appel entrant / Emailing / Marketing;2020-08-27;
3400004;92-Marie-Levallois-Totem Liz-202009;lost;Devis froid;Commercial;9120.00;30;;;;;;Appel entrant / Emailing / Marketing;2020-09-01;
3400041;89-Marie-Sens-Totem Liz-202009;closed;Budget;Commercial;15770.00;20;;;;;;Appel entrant / Emailing / Marketing;2020-09-01;
3400123;89-Marie-Sens-Habillage palissade-202009;closed;Identifié;Commercial;3010.00;0;;;;;;Appel entrant / Emailing / Marketing;2020-09-01;
3402795;92-Pitch Promotion-Asnières-Altize-202009;lost;Devis froid;Commercial;3800.00;30;;;;;;Bouche à oreille / Prescription;2020-09-02;
3404802;93-AREP-St Denis-Gare Mobilize avec support bois-202009;closed;Identifié;Commercial;0.00;0;;;;;;Appel entrant / Emailing / Marketing;2020-09-03;
3406470;02-Mairie-Laon-Palissade Bd de Lyon-202009;closed;Budget;Commercial;0.00;20;;;;;;Bouche à oreille / Prescription;2020-09-03;
3416908;33-Algeco-Pessac-College François Mitterrand-202009;lost;Devis froid;Commercial;1869.80;30;;;;;;Client existant;2020-09-08;
3418942;93-Algeco-Pierrefite-Palissade prolongation-202009;won;Devis froid;Commercial;1901.80;30;;;;;;Client existant;2020-09-08;
3419040;76-Algeco-Déville-lès-Rouen-Remplacement visuel Panneau-202009;lost;Qualifié;Commercial;2640.00;10;;;;;;Client existant;2020-09-08;
3421300;75-Eiffage Infrastructure-Paris-Habillage chantier Caulaincourt-202009;lost;Budget;Commercial;14594.50;20;;;;;;Appel entrant / Emailing / Marketing;2020-09-09;
3421934;92-Pitch-Asnières-Panneau Commercialisation-202009;won;Devis froid;Commercial;1754.80;30;;;;;;Client existant;2020-09-09;
3427411;21-K&B-Dijon-Altize Hall 12-202007;lost;Devis froid;Commercial;15366.00;30;;;;;;Commercial / Partenaire;2020-09-10;
3427766;93-Luminance-Montreuil-B&C France Portiques-202009;won;Devis froid;Commercial;2200.00;30;;;;;;Client existant;2020-09-10;
3428388;91-Aximum-Saclay-Habillage plot béton-202009;lost;Budget;Commercial;0.00;20;;;;;;Appel entrant / Emailing / Marketing;2020-09-10;
3431588;92-Iceberg-Paris La Défense-Bache Altiplano-202009;won;Devis chaud;Commercial;2808.40;90;;;;;;Client existant;2020-09-11;
3444640;78-CODIC-Montigny Le Bretonneux-Habillage Palissade-202009;lost;Devis froid;Commercial;5447.50;30;;;;;;Appel entrant / Emailing / Marketing;2020-09-15;
3448723;69-Huttopia-Lyon-Palissade-202009;lost;Devis froid;Commercial;8706.30;30;;;;;;Appel entrant / Emailing / Marketing;2020-09-16;
3448854;83-Algeco-Le Val-DDE-202009;lost;Devis froid;Commercial;3112.08;30;;;;;;Client existant;2020-09-16;
3449277;39-Syndicat-Les Rousses-Totem-202009;closed;Identifié;Commercial;0.00;0;;;;;;Appel entrant / Emailing / Marketing;2020-09-16;
3449359;44-Nacarat-Nantes-Altize-202009;lost;Devis froid;Commercial;1500.00;30;;;;;;Client existant;2020-09-16;
3476629;MAU-IPG-Maurice-Toile échafaudage-202009;closed;Budget;Commercial;0.00;20;;;;;;Appel entrant / Emailing / Marketing;2020-09-24;
3477207;AO-Atland-FR-Pack Communication Chantier-202009;closed;Qualifié;Commercial;0.00;10;;;;;;Commercial / Partenaire;2020-09-24;
3487775;69-Previt-Lyon-Palissade LVMH-202009;lost;Budget;Commercial;0.00;20;;;;;;Appel entrant / Emailing / Marketing;2020-09-28;
3489960;75-Luminance-Paris-Palissade 53 rue Chateaudun-202009;lost;Devis froid;Commercial;1887.60;30;;;;;;Client existant;2020-09-29;
3493542;FR-Nespresso-FR-Palissade et recyclage-202009;lost;Devis froid;Commercial;0.00;30;;;;;;Commercial / Partenaire;2020-09-29;
3493551;75-Previt-Paris-Palissade Dolce&Gabbana-202009;lost;Devis froid;Commercial;16999.99;30;;;;;;Client existant;2020-09-29;
3497573;69-Algeco-Dardilly-Huttopia-202009;closed;Devis froid;Commercial;1145.20;30;;;;;;Client existant;2020-09-30;
3497970;92-Bouygues Immobilier-Asnieres-Altize-202009;lost;Devis froid;Commercial;5200.00;30;;;;;;Commercial / Partenaire;2020-09-30;
3497978;92-Bouygues Immobilier-Bois Colombes-Altize-202009;won;Devis froid;Commercial;6482.88;30;;;;;;Commercial / Partenaire;2020-09-30;
3503385;75-Iceberg-Paris-Generali rue Réaumur-202009;lost;Devis froid;Commercial;40952.24;30;;;;;;Client existant;2020-10-01;
3508050;68-Chaumeil-Haguenau-Palissade Indoor 150ml-202010;closed;Identifié;Commercial;0.00;0;;;;;;Client existant;2020-10-02;
3508307;56-Bretagne Sud Habitat-Vannes-Toile bd de la paix-202010;closed;Budget;Commercial;0.00;20;;;;;;Appel entrant / Emailing / Marketing;2020-10-02;
3518469;44-Marie-Vair s/ Loire-Panneaux dibond-202009;closed;Budget;Commercial;1920.00;20;;;;;;Appel entrant / Emailing / Marketing;2020-10-05;
3518694;13-Atelier Mira-Marseille-Palissade bois-202010;closed;Budget;Commercial;18400.00;20;;;;;;Appel entrant / Emailing / Marketing;2020-10-05;
3520350;IDF-Quai36-IDF-Habillage palissade bois streetart-202010;closed;Qualifié;Commercial;0.00;10;;;;;;Appel entrant / Emailing / Marketing;2020-10-05;
3522198;94-Pierreval-Ivry-Palissade Rue Maurice Couderchet-202010;won;Devis froid;Commercial;2395.00;30;;;;;;Client existant;2020-10-06;
3522376;93-UrbanRhapsody-Le Bourget-Signaletique Ecole-202010;lost;Devis froid;Commercial;5860.00;30;;;;;;Commercial / Partenaire;2020-10-06;
3524522;IDF-Sennse-IDF-Communication Gares-202010;lost;Budget;Commercial;0.00;20;;;;;;Client existant;2020-10-06;
3529776;93-SNCF-St Denis-Totem Caissons bois+4x3-202010;closed;Budget;Commercial;9147.00;20;;;;;;Appel entrant / Emailing / Marketing;2020-10-07;
3530186;34-Passe Muraille-Clapiers-Totem-202010;closed;Budget;Commercial;17000.00;20;;;;;;Appel entrant / Emailing / Marketing;2020-10-07;
3533389;33-SERI-Pessac-Plots Béton-202010;won;Devis froid;Commercial;2616.00;30;;;;;;Bouche à oreille / Prescription;2020-10-08;
3533548;78-Nacarat-St Remy-Altize-202010;won;Devis froid;Commercial;5425.00;30;;;;;;Client existant;2020-10-08;
3535598;78-Transdev-Satory-Palissade-202010;lost;Devis froid;Commercial;8803.60;30;;;;;;Client existant;2020-10-08;
3542033;91-Maven-Brétigny-4x3-202010;closed;Budget;Commercial;15002.00;20;;;;;;Appel entrant / Emailing / Marketing;2020-10-11;
3542139;BE-Ville-Bruxelles-Totem LIZ-202010;closed;Budget;Commercial;11906.00;20;;;;;;Appel entrant / Emailing / Marketing;2020-10-11;
3545749;63-Eiffage-Clermont Ferrand-Palissade Bois Lycée-202010;lost;Devis froid;Commercial;28778.00;30;;;;;;Client existant;2020-10-12;
3555087;84-Algeco-Carpentras-Creche Hameau Les Vignes-202010;won;SAV;Commercial;3651.36;0;;;;;;Client existant;2020-10-14;
3575900;67-Eiffage-Strasbourg-Panneaux rue St Nazaire-202010;lost;Devis froid;Commercial;791.00;30;;;;;;Client existant;2020-10-20;
3576442;92-NACARAT-Meudon-la-Forêt-Palissade Avenue Villacoublay-202010;won;Devis froid;Commercial;2625.78;30;;;;;;Client existant;2020-10-20;
3578327;64-Robert ALDAY-Anget-Les Portes d'Aguilera-202010;lost;Devis froid;Commercial;4470.00;30;;;;;;Appel entrant / Emailing / Marketing;2020-10-21;
3582930;63-Entreprise Electrique-Clermont Ferrand-Totem Caisson Bois-202010;lost;Devis froid;Commercial;31674.84;30;;;;;;Appel entrant / Emailing / Marketing;2020-10-22;
3584999;78-Marie-Rambouillet-Renouvellement habillage palissade-202010;lost;Devis froid;Commercial;7384.40;30;;;;;;Client existant;2020-10-22;
3594262;77-LEMBAT-Marne La Vallée-Palissade Disney-202010;lost;Devis froid;Commercial;83538.00;30;;;;;;Bouche à oreille / Prescription;2020-10-26;
3594269;75-Ministere Culture-Paris1-AO-Oeuvres artistiques chantier CAMUS-202010;lost;Budget;Commercial;0.00;0;;;;;;Commercial / Partenaire;2020-10-26;
3595698;85-SEML SAINT JEAN ACTIVITES-St jean de monts-TOTEM LIZ-202010;closed;Identifié;Commercial;0.00;0;;;;;;Appel entrant / Emailing / Marketing;2020-10-26;
3596160;92-Iceberg-Issy-Chantier Sefri Cime-202010;lost;Devis froid;Commercial;36070.42;30;;;;;;Client existant;2020-10-26;
3597867;REC-69-Algeco-Limonest-GROUPE FOREL / DEVELOPER 12-202008;closed;SAV;Commercial;0.00;0;;;;;;Client existant;2020-10-27;
3598791;77-K&B-Savigny le Temple-Altize-Coeur Verde-202010;won;Devis froid;Commercial;5905.00;30;;;;;;Client existant;2020-10-27;
3599528;95-Mairie-Montmorency-TOTEM-202010;closed;Qualifié;Commercial;86210.00;10;;;;;;Appel entrant / Emailing / Marketing;2020-10-27;
3602761;92-Cogedim Club-Puteaux-Enseigne-202010;closed;Devis froid;Commercial;7370.00;30;;;;;;Client existant;2020-10-28;
3603488;75-Victor & Charly-Paris-Palissade Brasserie rue Saint Denis-202010;lost;Devis froid;Commercial;14910.00;30;;;;;;Appel entrant / Emailing / Marketing;2020-10-28;
3608252;57-Algeco-Metz-Club football vestiaire-202010;won;Devis froid;Commercial;9893.80;30;;;;;;Client existant;2020-10-29;
3609938;93-Algeco-Pierrefite-Palissade prolongation-202010;won;Devis froid;Commercial;721.60;30;;;;;;Client existant;2020-10-30;
3615629;92-Novaxia-Levallois-Habillage Grue rue Jean Jaurès-202010;won;Devis froid;Commercial;505.00;30;;;;;;Client existant;2020-11-02;
3617171;59-LAUNAY DANSERVILLE-Lille- Bâche trompe l'oeil-202011;closed;Identifié;Commercial;701.40;0;;;;;;Appel entrant / Emailing / Marketing;2020-11-02;
3624562;92-Nespresso-Affaires-BlackFriday-202011;won;Devis froid;Commercial;960.00;30;;;;;;Bouche à oreille / Prescription;2020-11-04;
3635822;92-UrbanRhapsody-Nanterre-Expo Pont Anatole France-202011;won;Devis chaud;Commercial;16500.00;90;;;;;;Client existant;2020-11-06;
3640221;78-Nacarat-St Remy-3 logos dibond-202011;lost;Devis froid;Commercial;345.00;30;;;;;;Client existant;2020-11-09;
3640258;59-NACARAT-Serris Magellan-10 logos Dibond-202011;won;Devis froid;Commercial;625.00;30;;;;;;Client existant;2020-11-09;
3647995;92-Mairie-Nanterre-Totem-202011;lost;Devis froid;Commercial;9880.00;30;;;;;;Client existant;2020-11-10;
3651814;78-Transdev-Satory-Caisson Electrique-202011;won;Devis froid;Commercial;1584.74;30;;;;;;Client existant;2020-11-12;
3653068;92-Novaxia-Levallois-Palissade rue Jean Jaurès-202011;closed;Devis froid;Commercial;7106.25;30;;;;;;Client existant;2020-11-12;
3660576;92-Pitch-Clichy-Panneau Prysm-202011;won;Devis froid;Commercial;1386.00;30;;;;;;Client existant;2020-11-16;
3662309;78-Algeco-Saint germain- Modulize Ecole-202011;lost;Devis froid;Commercial;77305.88;30;;;;;;Client existant;2020-11-16;
3664447;93-Algeco-St Denis-Solideo Base vie-202011;lost;Devis froid;Commercial;102654.50;30;;;;;;Client existant;2020-11-17;
3665663;69-Nexity-Vaulx-En-Velin-Palissade-202011;won;Devis froid;Commercial;7078.78;30;;;;;;Commercial / Partenaire;2020-11-17;
3669083;76-Science Action Normandie-Rouen-Totem Liz90-202011;lost;Devis froid;Commercial;6096.00;30;;;;;;Appel entrant / Emailing / Marketing;2020-11-18;
3677317;95-Mairie-St Brice-Habillage mairie-202011;closed;Budget;Commercial;6755.00;20;;;;;;Appel entrant / Emailing / Marketing;2020-11-20;
3681954;35-Nexity-Rennes-bache facade-202011;lost;Devis froid;Commercial;12548.18;30;;;;;;Commercial / Partenaire;2020-11-23;
3682080;56-Nexity-Vannes-Habillage Palissade-202011;lost;Devis froid;Commercial;7238.50;30;;;;;;Commercial / Partenaire;2020-11-23;
3682657;69-Algeco-Chassieu-Bardage bois foncé-202011;lost;Devis froid;Commercial;10854.40;30;;;;;;Client existant;2020-11-23;
3682682;33-Eiffage Route-Aquitaine-Caisson Grue Clinique-202011;lost;Devis froid;Commercial;6675.00;30;;;;;;Appel entrant / Emailing / Marketing;2020-11-23;
3685073;93-Algeco-Pierrefite-Palissade prolongation-202011;won;Devis froid;Commercial;639.00;30;;;;;;Client existant;2020-11-24;
3686617;76-Comwest-Rouen-Enseigne Chantier-202011;lost;Devis froid;Commercial;3690.00;30;;;;;;Appel entrant / Emailing / Marketing;2020-11-24;
3688970;77-BT France-Claye Souilly-Altize Promogim-202011;lost;Devis froid;Commercial;8565.00;30;;;;;;Client existant;2020-11-25;
3689205;50-Transdev-Cherbourg-Totem Scellé et module-202011;lost;Devis froid;Commercial;16300.00;30;;;;;;Appel entrant / Emailing / Marketing;2020-11-25;
3695375;14-IDEC-Deauville-Drapeau Grue-202011;closed;Devis froid;Commercial;5400.00;30;;;;;;Client existant;2020-11-26;
3695526;94-IDEC-Villejuif-Altize Horizon V-202011;won;Devis froid;Commercial;5400.00;30;;;;;;Client existant;2020-11-26;
3698956;75-Sully Immobilier-Paris-Palissade-202011;won;Devis froid;Commercial;1200.00;30;;;;;;Commercial / Partenaire;2020-11-27;
3703309;75-Groupama-Paris-Chantier Washington-202011;lost;Devis froid;Commercial;31603.23;30;;;;;;Client existant;2020-11-29;
3706004;63-Algeco-Clermont Ferrand-Gen-Bio Les Gravanches-202011;lost;Devis froid;Commercial;5854.01;30;;;;;;Client existant;2020-11-30;
3706658;75-Sice Previt-Paris-Loewe avenue Montaigne-202011;lost;Devis froid;Commercial;25542.00;30;;;;;;Client existant;2020-11-30;
3709127;30-Algeco-Bagnols-CEA Marcoule-202012;won;Devis froid;Commercial;827.50;30;;;;;;Client existant;2020-12-01;
3709531;69-K&B-Villefranche-Altize VILLA MARTINE-202012;lost;Devis froid;Commercial;6685.00;30;;;;;;Client existant;2020-12-01;
3710834;93-COFFIM-Bagnolet-Altize-202012;won;Devis froid;Commercial;3045.00;30;;;;;;Appel entrant / Emailing / Marketing;2020-12-01;
3717397;75-Sice Previt-Paris-Burberry rue Saint Honore-202011;closed;Qualifié;Commercial;2260.00;10;;;;;;Client existant;2020-12-03;
3721618;31-GTM-Toulouse-Palissade bois-202012;lost;Devis froid;Commercial;39697.58;30;;;;;;Appel entrant / Emailing / Marketing;2020-12-04;
3723022;91-Cougnaud-IDF-Habillage COVID-202012;lost;Devis froid;Commercial;4576.00;30;;;;;;Bouche à oreille / Prescription;2020-12-06;
3723066;75-Pierre Noel-Paris-Assemblée Nationale-202012;lost;Devis froid;Commercial;81536.00;30;;;;;;Appel entrant / Emailing / Marketing;2020-12-06;
3723119;22-Dpt Cote d'Armor-Saint Brieuc-Habillage Echafaudage-202012;lost;Devis froid;Commercial;3005.00;30;;;;;;Appel entrant / Emailing / Marketing;2020-12-06;
3724631;44-ENTREPRISE BALLET-Palissade bois Stade de la Beaujoire-202012;lost;Devis froid;Commercial;133924.40;30;;;;;;Appel entrant / Emailing / Marketing;2020-12-07;
3730340;93-MONTCOCOL-Aulnay-sous-Bois-4X3Aménagement cyclable-202012;lost;Devis froid;Commercial;6240.00;30;;;;;;Appel entrant / Emailing / Marketing;2020-12-08;
3732191;38-Jean Nallet-Grenoble-Palissade-202012;lost;Budget;Commercial;0.00;20;;;;;;Appel entrant / Emailing / Marketing;2020-12-09;
3745172;78-Sully Immobilier-Viroflay-Palissade-202012;lost;Budget;Commercial;2595.00;0;;;;;;Commercial / Partenaire;2020-12-14;
3748529;69-Algeco-Saint Priest-Rugby avec Pierre Mendes France-202012;won;SAV;Commercial;5226.72;0;;;;;;Client existant;2020-12-15;
3748658;92-Quodam-Villeneuve La Garenne-Démontage 62 avenue Jean Moulin-202012;won;Devis froid;Commercial;1975.00;30;;;;;;Client existant;2020-12-15;
3749731;75-Dumez-Paris-Opération BHB Bd Haussmann - Bâche publicitaire-202012;closed;Budget;Commercial;0.00;20;;;;;;Client existant;2020-12-16;
3755517;44-Algeco-Donges-Total-202012;won;SAV;Commercial;11100.00;100;;;;;;Client existant;2020-12-17;
3755545;92-Panorama-Antony-Panneau 4x3-202012;lost;Devis froid;Commercial;9825.00;30;;;;;;Appel entrant / Emailing / Marketing;2020-12-18;
3757624;78-Mairie-Montesson-Cadre pour exposition sur grille-202012;closed;Qualifié;Commercial;0.00;10;;;;;;Appel entrant / Emailing / Marketing;2020-12-18;
3757691;06-Office du tourisme-Antibes-Exposition-202012;closed;Budget;Commercial;0.00;0;;;;;;Appel entrant / Emailing / Marketing;2020-12-18;
3769634;17-Nexity-La Rochelle-palissade-202012;won;Devis froid;Commercial;14135.85;30;;;;;;Commercial / Partenaire;2020-12-21;
3769646;37-Nexity-Tours-Altize+drapeau-202012;won;Devis froid;Commercial;5905.00;30;;;;;;Commercial / Partenaire;2020-12-21;
3770115;67-K&B-Strasbourg-Kakemono-202012;won;Devis froid;Commercial;565.00;30;;;;;;Commercial / Partenaire;2020-12-21;
3777396;02-Algeco-Montigny-Lengrain-INTERSNACK-202012;won;Devis froid;Commercial;4493.76;30;;;;;;Client existant;2020-12-23;
3793195;78-Prettre espaces verts-Méré-Château de Versailles-202101;closed;Devis froid;Commercial;4340.00;30;;;;;;Appel entrant / Emailing / Marketing;2021-01-04;
3794073;93-Yuman Immobilier-Romainville-Palissade-202101;won;Devis froid;Commercial;10156.65;30;;;;;;Appel entrant / Emailing / Marketing;2021-01-04;
3800645;75-Arthur Loyd-Paris-Immeuble ave d'Iéna-202101;closed;Identifié;Commercial;0.00;0;;;;;;Appel entrant / Emailing / Marketing;2021-01-05;
3800691;54-PLS-Jarville-AO Structure Autoportante-202101;closed;Budget;Commercial;0.00;0;;;;;;Appel entrant / Emailing / Marketing;2021-01-05;
3801783;98-Musée Océanographique-Monaco-Toile sur façade-202101;closed;Identifié;Commercial;0.00;0;;;;;;Appel entrant / Emailing / Marketing;2021-01-05;
3801843;98-NMI-Monaco-One Monte-Carlo - Galerie H&W-202010;closed;Identifié;Commercial;0.00;0;;;;;;Appel entrant / Emailing / Marketing;2021-01-05;
3801849;98-NMI-Monaco-Musée anthropologique-202010;closed;Identifié;Commercial;0.00;0;;;;;;Appel entrant / Emailing / Marketing;2021-01-05;
3804940;REC-78-IDEC-Montigny Le Bretonneux-Altize Montigny-202005;closed;SAV;Commercial;0.00;0;;;;;;Client existant;2021-01-06;
3804969;78-Stand 2B-Plaisir-Palissade 18m-202101;closed;Budget;Commercial;0.00;20;;;;;;Appel entrant / Emailing / Marketing;2021-01-06;
3807561;93-Icade-Aubervilliers-Promotion-202101;lost;Budget;Commercial;0.00;0;;;;;;Appel entrant / Emailing / Marketing;2021-01-06;
3809535;95-Woodeum-Taverny-Altize-202101;lost;Devis froid;Commercial;7350.00;30;;;;;;Commercial / Partenaire;2021-01-07;
3815716;95-SAEC-Herblay-Panneau-202101;closed;Devis froid;Commercial;3861.00;30;;;;;;Appel entrant / Emailing / Marketing;2021-01-07;
3819654;MKT-communication Celize-2021;closed;Identifié;Commercial;0.00;0;;;;;;Aucune;2021-01-08;
3819833;93-Valoptim-Aubervilliers-Palissade-202101;closed;Budget;Commercial;7500.00;0;;;;;;Commercial / Partenaire;2021-01-08;
3822682;67-Algeco-VENDENHEIM-STADE DU WALDECK-202101;won;Devis froid;Commercial;650.00;30;;;;;;Client existant;2021-01-11;
3823013;56-Kenleur-Auray-totem Liz 60-202101;lost;Devis froid;Commercial;24980.00;30;;;;;;Appel entrant / Emailing / Marketing;2021-01-11;
3824760;76-Algeco-Offranville-Pharmacie-202101;won;Devis froid;Commercial;1118.16;30;;;;;;Client existant;2021-01-11;
3825046;95-Saint Ouen L'Aumone-Totem Chantier-202101;closed;Budget;Commercial;2500.00;20;;;;;;Appel entrant / Emailing / Marketing;2021-01-11;
3827167;94-Mairie-Fontenay sous bois-Palissade Théatre-202101;closed;Budget;Commercial;0.00;20;;;;;;Appel entrant / Emailing / Marketing;2021-01-12;
3827774;33-City Promotion-Bordeaux-Palissade + altize-202101;closed;Devis froid;Commercial;18587.13;30;;;;;;Commercial / Partenaire;2021-01-12;
3829589;78-Esprimm-Versailles-Sticker pour Bâche Maréchal-Foch-202101;won;Devis froid;Commercial;270.00;30;;;;;;Client existant;2021-01-12;
3830384;22-Pierreval-TOURCOING-adhésif-202101;won;Devis froid;Commercial;365.00;30;;;;;;Client existant;2021-01-12;
3834956;47-Algeco-Marmande-Creuzet aéronautique sticker-202101;won;SAV;Commercial;6114.16;100;;;;;;Client existant;2021-01-13;
3836049;92-CMN-Ville d'Avray-Totem-202101;won;Devis froid;Commercial;15910.00;30;;;;;;Appel entrant / Emailing / Marketing;2021-01-13;
3837285;78-Valoptim-Le Chesnay-palissade-2021-01;closed;Devis froid;Commercial;13688.21;30;;;;;;Commercial / Partenaire;2021-01-14;
3848567;92-Woodeum-Meudon-Altize-202101;lost;Devis froid;Commercial;21360.00;30;;;;;;Commercial / Partenaire;2021-01-18;
3848986;75-Artisans Batisseurs-Paris-Palissade rue St Dominique-202101;lost;Devis froid;Commercial;10025.00;30;;;;;;Appel entrant / Emailing / Marketing;2021-01-18;
3850340;44-K&B-St Nazaire-Permis de construire Le Phare-202101;lost;Qualifié;Commercial;297.04;10;;;;;;Client existant;2021-01-18;
3853145;92-UrbanRhapsody-Nanterre-totem 4x3-202101;won;Devis froid;Commercial;1055.00;30;;;;;;Client existant;2021-01-19;
3891686;33-IS Batiment-Bordeaux-Palissade rue Sauve-202101;lost;Devis froid;Commercial;21664.27;30;;;;;;Appel entrant / Emailing / Marketing;2021-01-21;
3894170;74-Ville-Annecy-Totem-202101;won;Devis chaud;Commercial;39290.00;90;;;;;;Appel entrant / Emailing / Marketing;2021-01-21;
3894702;69-Icade-Lyon-Palissade Décorative-202101;won;Devis chaud;Commercial;28158.11;90;;;;;;Appel entrant / Emailing / Marketing;2021-01-21;
3895775;92-Eurovia-Boulogne-Palissade-202101;closed;Budget;Commercial;25000.00;20;;;;;;Appel entrant / Emailing / Marketing;2021-01-22;
3908495;75-LDV-Paris-Communication SNCF-202101;closed;Identifié;Commercial;0.00;0;;;;;;Appel entrant / Emailing / Marketing;2021-01-26;
3908555;62-Maisons&Cités-Nord-Habillage Palissade;closed;Identifié;Commercial;0.00;0;;;;;;Appel entrant / Emailing / Marketing;2021-01-26;
3908710;94-Mairie-Ivry s/ Seine-Totem-202101;won;Devis chaud;Commercial;35519.50;90;;;;;;Appel entrant / Emailing / Marketing;2021-01-26;
3912387;93-Commune-Tremblay en france-Totem liz-202101;won;Devis froid;Commercial;12500.00;30;;;;;;Appel entrant / Emailing / Marketing;2021-01-27;
3920910;75-InLuce-Paris-Palissade Heurgon-202101;lost;Devis froid;Commercial;2419.92;30;;;;;;Client existant;2021-01-28;
3921227;CZ-Developpement produit-2021;closed;Identifié;Commercial;0.00;0;;;;;;Aucune;2021-01-28;
3922486;92-Annelti-Clichy-Altize-202101;closed;Qualifié;Commercial;0.00;10;;;;;;Appel entrant / Emailing / Marketing;2021-01-29;
3922513;59-Loger Habitat-Palissade + Altize-012021;closed;Budget;Commercial;13340.00;0;;;;;;Commercial / Partenaire;2021-01-29;
3922520;59-Loger Habitat-4x3-012021;lost;Budget;Commercial;6200.00;0;;;;;;Commercial / Partenaire;2021-01-29;
3922530;50-Loger Habitat-Altize-012021;closed;Budget;Commercial;5800.00;0;;;;;;Commercial / Partenaire;2021-01-29;
3923100;17-Mairie-La Jarne-Modulize-202101;closed;Identifié;Commercial;0.00;0;;;;;;Appel entrant / Emailing / Marketing;2021-01-29;
3923161;91-Ezo Bat-Savigny-Caisson Grue-202001;lost;Devis froid;Commercial;5490.00;30;;;;;;Appel entrant / Emailing / Marketing;2021-01-29;
3923915;59-Lafoule-Lille-Chantier Metronom-202101;closed;Qualifié;Commercial;0.00;10;;;;;;Appel entrant / Emailing / Marketing;2021-01-29;
3925881;51-ICP-Reims-Habillage Chantier-202101;lost;Devis froid;Commercial;7509.00;30;;;;;;Appel entrant / Emailing / Marketing;2021-01-31;
3926333;SALES-Commercial externe-2021;closed;Identifié;Commercial;0.00;0;;;;;;Aucune;2021-01-31;
3926555;14-Buildinvest-Honfleur-Habillage Chantier-202101;closed;Identifié;Commercial;0.00;0;;;;;;Appel entrant / Emailing / Marketing;2021-01-31;
3933328;CH-Impresa Percassi-Geneve-Palissade Dior-202102;lost;Devis froid;Commercial;84480.08;30;;;;;;Appel entrant / Emailing / Marketing;2021-02-01;
3938859;75-TRIAX-Paris03-Panneau chantier-202101;lost;Devis froid;Commercial;240.00;30;;;;;;Appel entrant / Emailing / Marketing;2021-02-02;
3939365;83-Pro direct-Frejus-Panneau chantier + Palissade-202101;lost;Devis froid;Commercial;9713.04;30;;;;;;Appel entrant / Emailing / Marketing;2021-02-02;
3943031;78-PITEL-Trappes-COEUR JAURES Altize-202101;lost;Devis froid;Commercial;7845.00;30;;;;;;Appel entrant / Emailing / Marketing;2021-02-03;
3943155;33-Syndicat Dune du Pilat-La Teste-Habillage Palissade-202102;closed;Budget;Commercial;24640.00;20;;;;;;Appel entrant / Emailing / Marketing;2021-02-03;
3943343;91-K&B-Savigny-logos palissade chantier APANAGE-202101;won;Devis froid;Commercial;2371.18;30;;;;;;Client existant;2021-02-03;
3943357;91-K&B-Sainte Geneviève des Bois-logos palissade chantier MAGNIFI’SENS-202101;closed;Qualifié;Commercial;2101.66;10;;;;;;Client existant;2021-02-03;
3946706;94-verrecchia-IDF-Maintenance Altize-202102;closed;Qualifié;Commercial;0.00;10;;;;;;Appel entrant / Emailing / Marketing;2021-02-04;
3957269;93-Mairie-Livry Gargan-Palissade Chantier-202102;won;Devis chaud;Commercial;13625.29;90;;;;;;Appel entrant / Emailing / Marketing;2021-02-05;
3964503;62-Maisons&Cités-Nord-Altize-202101;closed;Identifié;Commercial;7080.00;0;;;;;;Commercial / Partenaire;2021-02-08;
3966898;84-Blachere-Apt-Totem-202002;closed;Qualifié;Commercial;0.00;10;;;;;;Appel entrant / Emailing / Marketing;2021-02-09;
3969051;77-K&B-DAMMARIE-LES-LYS-Flore & Lys-202102;won;Devis froid;Commercial;6930.00;30;;;;;;Client existant;2021-02-09;
3970888;06-Signarama-Nice-altize-202101;lost;Devis froid;Commercial;5855.00;30;;;;;;Appel entrant / Emailing / Marketing;2021-02-10;
3972001;94-Snerct-Bry-s/Marne-bache-202102;closed;Devis froid;Commercial;200.00;30;;;;;;Client existant;2021-02-10;
3972037;94-Logipostel-Bonneuil sur Marne-palissade-202102;closed;Identifié;Commercial;5000.00;10;;;;;;Commercial / Partenaire;2021-02-10;
3972773;92-Algeco-Neuilly-s/seine-Bureau provisoire CTM-202102;lost;Devis froid;Commercial;59950.20;30;;;;;;Client existant;2021-02-10;
3975827;69-Nexity-Givors-Palissade-202102;closed;Budget;Commercial;9997.80;0;;;;;;Commercial / Partenaire;2021-02-11;
3990408;92-Erisma-Clamart-Atlize-202102;lost;Devis froid;Commercial;895.00;30;;;;;;Bouche à oreille / Prescription;2021-02-14;
3993570;77-K&B-SAINT-FARGEAU-PONTHIERRY-Altize + logo-202102;won;Devis froid;Commercial;13671.80;30;;;;;;Commercial / Partenaire;2021-02-15;
3994394;31-Nexity-Toulouse-palissade-202102;lost;Budget;Commercial;9367.21;0;;;;;;Appel entrant / Emailing / Marketing;2021-02-15;
3994473;77-K&B-FONTAINEBLEAU-Altize+logo-202102;won;Devis froid;Commercial;15679.44;30;;;;;;Commercial / Partenaire;2021-02-15;
3997498;75-Timkat-Paris-Totem Mobilize-202102;closed;Qualifié;Commercial;0.00;10;;;;;;Appel entrant / Emailing / Marketing;2021-02-16;
3998420;03-Mairie-Montlucon-Totem-202102;closed;Qualifié;Commercial;0.00;10;;;;;;Appel entrant / Emailing / Marketing;2021-02-16;
3998668;94-Bathelec-Ivry-Bache Chantier-202102;closed;Qualifié;Commercial;0.00;10;;;;;;Appel entrant / Emailing / Marketing;2021-02-16;
4003502;92-Suly-Boulogne-Signaletique intérieure-202102;closed;Devis froid;Commercial;2770.00;30;;;;;;Client existant;2021-02-17;
4015422;06-Mercurio Batiment-Antibes-Altize Parc Bel Azur-202101;lost;Devis froid;Commercial;5225.00;30;;;;;;Bouche à oreille / Prescription;2021-02-22;
4019705;91-ASMT-St Genevieve des Bois-Palissade Leroy Merlin-202102;lost;Devis froid;Commercial;5630.84;30;;;;;;Appel entrant / Emailing / Marketing;2021-02-23;
4020967;44-Angevin-Saint Nicolas de Redon-Palissade Weldom-202102;lost;Devis froid;Commercial;64416.40;30;;;;;;Appel entrant / Emailing / Marketing;2021-02-23;
4023346;78-Stand2B-Plaisir-Module +4x3-202102;closed;Devis froid;Commercial;5695.44;30;;;;;;Commercial / Partenaire;2021-02-23;
4023720;76-De Pierre-Rouen-Bache échafaudage-202102;lost;Devis froid;Commercial;12855.00;30;;;;;;Appel entrant / Emailing / Marketing;2021-02-23;
4025819;2A-CORSEA-Ajaccio-Altize-202102;lost;Devis froid;Commercial;5225.00;30;;;;;;Appel entrant / Emailing / Marketing;2021-02-24;
4025965;77-K&B-Fontainebleau-Panneaux Logo+Altize-202102;closed;Budget;Commercial;14000.00;20;;;;;;Commercial / Partenaire;2021-02-24;
4027837;69-Algeco-St VULBAS-hospices civils-202102;closed;Identifié;Commercial;20350.08;0;;;;;;Client existant;2021-02-24;
4035875;76-Lubrizol-Rouen-Bache-202102;closed;Identifié;Commercial;0.00;0;;;;;;Appel entrant / Emailing / Marketing;2021-02-26;
4041601;69-Algeco-ST VULBAS-Barilla-202103;won;Devis froid;Commercial;2516.88;30;;;;;;Client existant;2021-03-01;
4043160;77-Zebra-Noisel-Signaletique EPA Marne-202102;closed;Qualifié;Commercial;0.00;10;;;;;;Commercial / Partenaire;2021-03-02;
4051364;77-IDF CD-Avon-Panneaux chantier-202103;lost;Devis froid;Commercial;3675.00;30;;;;;;Bouche à oreille / Prescription;2021-03-03;
4056433;59-Mairie-Bray Dunes-Totem-202103;lost;Devis froid;Commercial;3810.00;30;;;;;;Appel entrant / Emailing / Marketing;2021-03-04;
4064245;69-SYG-Villeurbanne-Altize-202103;closed;Identifié;Commercial;0.00;0;;;;;;Appel entrant / Emailing / Marketing;2021-03-08;
4075549;13-Delagarde-Marseille-Palissade Eco-202103;lost;Devis froid;Commercial;26526.00;30;;;;;;Appel entrant / Emailing / Marketing;2021-03-10;
4077208;93-SADE-Livry Gargan-Panneaux-202103;closed;Identifié;Commercial;4611.00;0;;;;;;Appel entrant / Emailing / Marketing;2021-03-10;
4087796;94-Baniti-Vincennes-Caisson Grue-202103;lost;Devis froid;Commercial;5855.00;30;;;;;;Appel entrant / Emailing / Marketing;2021-03-14;
4089409;95-INCE FRERES-EAUBONNE-Altize LE MAYA-202103;lost;Devis froid;Commercial;4325.00;30;;;;;;Appel entrant / Emailing / Marketing;2021-03-15;
4092627;75-DEDALE-PARIS-Affichage-202103;closed;Budget;Commercial;0.00;0;;;;;;Appel entrant / Emailing / Marketing;2021-03-15;
4092910;64-Mairie-Bidart-Habillage Mural-202103;lost;Devis tiède;Commercial;17200.00;60;;;;;;Appel entrant / Emailing / Marketing;2021-03-15;
4092935;74-K&B-Annemasse-Adhesif panneau chantier-202103;closed;Identifié;Commercial;1950.00;0;;;;;;Client existant;2021-03-15;
4095400;77-K&B-Pontault Combault-Panneaux + Altize-202103;won;Qualifié;Commercial;14305.00;10;;;;;;Client existant;2021-03-16;
4103499;92-Theop-Rueil Malmaison-Entretien-202103;won;Devis froid;Commercial;350.00;30;;;;;;Client existant;2021-03-17;
4109639;78-Arche Promotion-Maisons Lafitte-Bache décorative-202103;closed;Budget;Commercial;50000.00;20;;;;;;Commercial / Partenaire;2021-03-19;
4111177;76-Algeco-Elbeuf-College Nelson Mandela-202103;won;Devis chaud;Commercial;13777.56;90;;;;;;Client existant;2021-03-19;
4122437;76-Université-Le Havre-Totem-202103;cancelled;Qualifié;Commercial;0.00;10;;;;;;Appel entrant / Emailing / Marketing;2021-03-22;
4131482;92-Erisma-Montrouge-Altize-202103;won;Qualifié;Commercial;4525.00;10;;;;;;Appel entrant / Emailing / Marketing;2021-03-23;
4131523;75-4 Aout-Paris-Palissade Trocadero-202103;closed;Budget;Commercial;0.00;20;;;;;;Bouche à oreille / Prescription;2021-03-23;
4137421;93-TPCB-Aubervilliers-Caisson Grue Pitch-202103;lost;Devis froid;Commercial;4325.00;30;;;;;;Appel entrant / Emailing / Marketing;2021-03-24;
4137573;44-Algeco-Nantes-Pépinière Grand Blottereau-202103;won;Devis froid;Commercial;1941.68;30;;;;;;Client existant;2021-03-24;
4137937;75-Chartier Corbasson-Paris-Modulize Tour Eiffel-202103;closed;Budget;Commercial;97420.00;0;;;;;;Appel entrant / Emailing / Marketing;2021-03-24;
4138566;59-Prométhée-Lille-Altize-202103;closed;Qualifié;Commercial;0.00;10;;;;;;Appel entrant / Emailing / Marketing;2021-03-24;
4139391;75-LPPR-Paris-Habillage structure metallique-202103;lost;Devis froid;Commercial;2850.00;30;;;;;;Appel entrant / Emailing / Marketing;2021-03-25;
4140267;92-Quodam-Villeneuve La Garenne-Vitrophanie Agence-202103;lost;Devis froid;Commercial;3298.37;30;;;;;;Client existant;2021-03-25;
4140274;92-Quodam-Villeneuve La Garenne-Supérette-202103;won;Devis tiède;Commercial;2055.00;60;;;;;;Client existant;2021-03-25;
4141244;93-AMV-St Ouen-Palissade Retail-202103;lost;Devis froid;Commercial;26682.40;30;;;;;;Appel entrant / Emailing / Marketing;2021-03-25;
4141808;54-Conseil Départemental-Nancy-Habillage mural-202103;closed;Budget;Commercial;12000.00;20;;;;;;Appel entrant / Emailing / Marketing;2021-03-25;
4142259;86-Chartres MTV-Chaunay-Habillage Plot Déchetterie-202103;closed;Qualifié;Commercial;0.00;10;;;;;;Bouche à oreille / Prescription;2021-03-25;
4149223;91-Cougnaud-Saint Michel sur Orge-Film sécurité-202103;won;Devis froid;Commercial;2480.88;30;;;;;;Bouche à oreille / Prescription;2021-03-29;
4150264;20-GRAPHIC TOMASI-Ile Rousse-Bache-202103;lost;Devis froid;Commercial;7275.00;30;;;;;;Appel entrant / Emailing / Marketing;2021-03-29;
4150319;45-Sully Immobilier-Chécy-Kakemono-202103;lost;Devis froid;Commercial;2493.00;30;;;;;;Commercial / Partenaire;2021-03-29;
4153130;94-SMP-Ivry s/ seine-Altize 2x2m-202103;lost;Devis froid;Commercial;6575.00;30;;;;;;Appel entrant / Emailing / Marketing;2021-03-30;
4159852;33-Vignobles de Larose-Saint Laurent Médoc-Projet boutique-202103;closed;Qualifié;Commercial;4666.88;10;;;;;;Appel entrant / Emailing / Marketing;2021-03-31;
4160382;75-CIUP-Paris-Totem Caisson Bois-202103;lost;Devis froid;Commercial;19092.50;30;;;;;;Appel entrant / Emailing / Marketing;2021-03-31;
4167888;91-Algeco-Bondoufle-Modulize-202104;won;Devis chaud;Commercial;4476.08;90;;;;;;Client existant;2021-04-02;
4169442;95-Coriance-St Ouen l'Aumone-Totem-202104;lost;Devis froid;Commercial;18446.00;30;;;;;;Appel entrant / Emailing / Marketing;2021-04-02;
4173886;23-Marie-Gueret-Totem-202104;closed;Qualifié;Commercial;0.00;10;;;;;;Appel entrant / Emailing / Marketing;2021-04-06;
4174569;83-Pitch-Frejus-Drapeau sur grue-202104;lost;Devis froid;Commercial;895.00;30;;;;;;Commercial / Partenaire;2021-04-06;
4180253;68-Mars Rouge-Mulhouse-Caisson Grue SODICO-202104;lost;Budget;Commercial;0.00;20;;;;;;Appel entrant / Emailing / Marketing;2021-04-07;
4180497;92-Care Promotion-Boulogne-Palissade-202104;closed;Budget;Commercial;15351.50;0;;;;;;Commercial / Partenaire;2021-04-07;
4197017;33-Ostara-Pessac-Totem événementiel-202104;closed;Qualifié;Commercial;0.00;10;;;;;;Appel entrant / Emailing / Marketing;2021-04-12;
4197783;91-K&B-Longjumeau-4X3-202104;won;Devis chaud;Commercial;1929.28;90;;;;;;Commercial / Partenaire;2021-04-12;
4201793;35-Mairie-St Malo-Totem Sign IZ-202104;lost;Devis froid;Commercial;16380.00;30;;;;;;Commercial / Partenaire;2021-04-13;
4202810;75-Iceberg-Paris-Facade 5 rue beaujon Atland-202104;won;Devis chaud;Commercial;14000.00;90;;;;;;Client existant;2021-04-13;
4204641;69-Maccary Services-St Laurent de Mure- Altize achat-202104;lost;Devis froid;Commercial;4825.00;30;;;;;;Appel entrant / Emailing / Marketing;2021-04-14;
4204893;56-CSK-Lorient-Altize-202104;lost;Qualifié;Commercial;6000.00;10;;;;;;Appel entrant / Emailing / Marketing;2021-04-14;
4205231;77-Algeco-Servon-Panneau Aquilux-202104;won;Devis froid;Commercial;177.50;30;;;;;;Client existant;2021-04-14;
4206974;93-SPL Le Bourget-Le Bourget-Signaletique Ecole HR-202104;lost;Devis chaud;Commercial;6394.00;90;;;;;;Client existant;2021-04-14;
4213570;77-EPA Marne-Champs-sur-Marne-Habillage Palissade-202104;won;Devis chaud;Commercial;7605.00;90;;;;;;Client existant;2021-04-15;
4215088;74-Altibois-Allonzier La Caille-Altize-202104;lost;Devis froid;Commercial;6150.00;30;;;;;;Appel entrant / Emailing / Marketing;2021-04-16;
4216964;94-SMP-Ivry s/ seine-Altize Icade-202104;lost;Devis froid;Commercial;4500.00;30;;;;;;Appel entrant / Emailing / Marketing;2021-04-16;
4217130;75-HChevalier-Paris-Palissade Palais de Justice-202104;lost;Devis froid;Commercial;5719.72;30;;;;;;Client existant;2021-04-16;
4225074;92-Bouygues Immo-Bois Colombes-Altize-202104;closed;Qualifié;Commercial;10000.00;0;;;;;;Commercial / Partenaire;2021-04-20;
4227030;75-Iceberg-Paris-51 avenue Hoche-202104;won;Devis chaud;Commercial;20351.31;90;;;;;;Client existant;2021-04-20;
4229389;37-K&B-Saint cyr sur loire-Parc royal-202104;lost;Devis chaud;Commercial;27000.00;90;;;;;;Client existant;2021-04-21;
4230466;06-Comback-Nice-Totem-202104;lost;Devis tiède;Commercial;40735.00;60;;;;;;Appel entrant / Emailing / Marketing;2021-04-21;
4230911;75-Anjou tourisme-Paris-Expo La Villette-202104;won;Devis chaud;Commercial;18151.25;90;;;;;;Appel entrant / Emailing / Marketing;2021-04-21;
4235487;74-Terresens-Megeve-Altize-202104;lost;Qualifié;Commercial;0.00;20;;;;;;Commercial / Partenaire;2021-04-22;
4243426;74-Leo Lagrange-Thonon les bains-Totem caisson bois-202104;closed;Identifié;Commercial;6240.50;0;;;;;;Appel entrant / Emailing / Marketing;2021-04-26;
4243512;78-Mairie-Juziers-Totem-202104;closed;Devis tiède;Commercial;19320.00;60;;;;;;Appel entrant / Emailing / Marketing;2021-04-26;
4245134;75-Algeco-paris13-magasin lunette-202104;lost;Budget;Commercial;5182.48;0;;;;;;Client existant;2021-04-26;
4245600;92-Atland-Levallois Perret-Habillage Palissade-202104;won;SAV;Commercial;19099.00;100;;;;;;Commercial / Partenaire;2021-04-26;
4246008;95-Atland-Argenteuil-Habillage Palissade-202104;lost;Devis froid;Commercial;18482.85;30;;;;;;Commercial / Partenaire;2021-04-26;
4249800;75-Be Dandy-Paris-Communication SNCF-202104;lost;Devis froid;Commercial;1881.75;30;;;;;;Appel entrant / Emailing / Marketing;2021-04-27;
4257294;51-Demathieu Bard-Reims-Palissade + module- 202104;cancelled;Budget;Commercial;15000.00;0;;;;;;Commercial / Partenaire;2021-04-29;
4259262;77-K&B-Savigny le Temple-logo Coeur Verde-202104;won;Devis tiède;Commercial;3201.18;60;;;;;;Client existant;2021-04-29;
4260570;69-Algeco-Lyon-Etiquettes-202104;lost;Devis tiède;Commercial;3265.00;60;;;;;;Client existant;2021-04-30;
4267386;93-Coredif-Saint Ouen-Altize-202105;lost;Devis froid;Commercial;12270.00;30;;;;;;Aucune;2021-05-03;
4275697;44-Mairie-Le Pouliguen-Totem-202105;lost;Devis tiède;Commercial;29025.00;60;;;;;;Appel entrant / Emailing / Marketing;2021-05-05;
4276451;75-Terideal-Paris-Ministère Quai d'Orsay-202105;lost;Devis tiède;Commercial;66420.00;60;;;;;;Appel entrant / Emailing / Marketing;2021-05-05;
4280353;74-Office du Tourisme-Le Grand Bornand-Totem-202105;lost;Devis tiède;Commercial;12015.00;60;;;;;;Appel entrant / Emailing / Marketing;2021-05-06;
4286910;92-Craf-Issy les Moulineaux-Altize-202105;lost;Devis tiède;Commercial;4325.00;60;;;;;;Appel entrant / Emailing / Marketing;2021-05-06;
4288393;69-Nexity-Vaulx-En-Velin-Palissade-202105;won;Devis chaud;Commercial;1600.00;90;;;;;;Client existant;2021-05-07;
4290039;92-Dalcans-Boulogne-Habillage facade vitrée-202105;lost;Devis froid;Commercial;49343.68;30;;;;;;Appel entrant / Emailing / Marketing;2021-05-07;
4295133;59-K&B-Lille-Cap Large-202105;lost;Devis chaud;Commercial;4410.05;90;;;;;;Commercial / Partenaire;2021-05-10;
4297534;62-City Construction-Arras-Altize-202105;lost;Devis froid;Commercial;6610.00;30;;;;;;Aucune;2021-05-11;
4306659;84-Desi-gn-Avignon-Gare SNCF Totem arty caisson bois liz-202105;lost;Devis tiède;Commercial;11452.00;60;;;;;;Appel entrant / Emailing / Marketing;2021-05-12;
4306980;72-Mairie-Le Mans-Totem-202105;lost;Devis tiède;Commercial;17520.00;60;;;;;;Appel entrant / Emailing / Marketing;2021-05-12;
4310074;95-Nexity Domaines-Osny-Palissade-202105;closed;Qualifié;Commercial;0.00;0;;;;;;Commercial / Partenaire;2021-05-14;
4314636;38-CClot-Grenoble-Plaque-202005;closed;Qualifié;Commercial;0.00;0;;;;;;Appel entrant / Emailing / Marketing;2021-05-16;
4316387;72-Vallée-Le Mans-Palissade Monplaisir-202105;lost;Devis froid;Commercial;258708.88;30;;;;;;Appel entrant / Emailing / Marketing;2021-05-17;
4319739;69-K&B-SCCV Villeurbanne 25-29 rue Frédéric Fays-Altize-202105;won;Devis chaud;Commercial;8095.00;90;;;;;;Aucune;2021-05-18;
4325142;72-IDVERDE-Le Mans-Palissade Monplaisir-202105;closed;Budget;Commercial;274140.56;0;;;;;;Appel entrant / Emailing / Marketing;2021-05-19;
4325574;78-Jean Lefebvre-Mantes-SNCF Eole-202105;lost;Devis tiède;Commercial;58145.00;60;;;;;;Appel entrant / Emailing / Marketing;2021-05-19;
4326193;75-Monnaie de Paris-Paris-Toile-202105;closed;Identifié;Commercial;0.00;0;;;;;;Appel entrant / Emailing / Marketing;2021-05-19;
4326427;33-Theop-Bordeaux-couloir banque-202105;closed;Qualifié;Commercial;0.00;0;;;;;;Bouche à oreille / Prescription;2021-05-19;
4327281;75-Artegalore-Paris-Expo La Source Trocadero-202105;lost;Devis froid;Commercial;11236.00;30;;;;;;Client existant;2021-05-19;
4329508;94-Eiffage Demolition-Ivry-Pupitre-202105;won;Devis chaud;Commercial;1235.00;90;;;;;;Bouche à oreille / Prescription;2021-05-20;
4336175;87-Office Tourisme-Nexon-Totem-202105;lost;Devis tiède;Commercial;3610.00;60;;;;;;Appel entrant / Emailing / Marketing;2021-05-21;
4347854;01-Mairie-Divonne Les Bains-Candelize-202005;lost;Devis tiède;Commercial;7117.50;60;;;;;;Appel entrant / Emailing / Marketing;2021-05-26;
4349156;06-APICAP-Nice-Bache-202105;lost;Devis froid;Commercial;1800.00;30;;;;;;Appel entrant / Emailing / Marketing;2021-05-26;
4349768;92-Algeco-Issy les Moulineaux- Ecole-202105;lost;Devis froid;Commercial;65384.60;30;;;;;;Client existant;2021-05-26;
4353338;13-Gaudin&Fils-Marseille-Bache-202105;lost;Devis froid;Commercial;445.00;30;;;;;;Aucune;2021-05-27;
4364410;56-Colas-Vannes-Palissade 5mh-202105;lost;Devis froid;Commercial;81596.50;30;;;;;;Appel entrant / Emailing / Marketing;2021-05-31;
4366141;94-Mairie Joinville-le-pont-Joinville-totem achat-202105;won;Devis tiède;Commercial;12315.00;60;;;;;;Aucune;2021-05-31;
4371650;64-Marie-Biarritz-Totem-202106;lost;Devis froid;Commercial;14550.08;30;;;;;;Appel entrant / Emailing / Marketing;2021-06-01;
4376234;92-Veolactif-Montrouge-Echafaudage-202106;lost;Devis froid;Commercial;7480.60;30;;;;;;Appel entrant / Emailing / Marketing;2021-06-02;
4382971;60-CMN-Pierrefonds-Château-202106;won;Devis chaud;Commercial;43.88;90;;;;;;Client existant;2021-06-04;
4382980;51-CMN-Reims-Palais de Tau-202106;won;Devis froid;Commercial;43.88;30;;;;;;Client existant;2021-06-04;
4393514;75-Algeco-Paris-Douvet invest-202106;lost;Devis froid;Commercial;2887.88;30;;;;;;Client existant;2021-06-07;
4393832;91-K&B-Chilly Mazarin- Logos + Altize-202106;won;Devis chaud;Commercial;2270.00;90;;;;;;Commercial / Partenaire;2021-06-07;
4393912;92-Bouygues Immobilier-Chaville-Altize-202106;won;Devis tiède;Commercial;5855.00;60;;;;;;Commercial / Partenaire;2021-06-07;
4394196;92-Foncière Habitat-Issy les Moulineaux-SCCV ISSY 1-202106;lost;Devis tiède;Commercial;10165.69;60;;;;;;Client existant;2021-06-07;
4394209;92-Foncière Habitat-Clichy-SCCV CLICHY 1-202106;lost;Devis froid;Commercial;3545.00;30;;;;;;Client existant;2021-06-07;
4397054;12-Repro Services-Millau-Totem-202106;lost;Devis froid;Commercial;11460.00;30;;;;;;Appel entrant / Emailing / Marketing;2021-06-08;
4397861;27-DE BIASIO-Rouen-Altize Luciline2-202106;lost;Devis froid;Commercial;8095.00;30;;;;;;Aucune;2021-06-08;
4398241;69-EiffageC-Ternay-200 Pochettes-202106;won;Devis chaud;Commercial;1780.00;90;;;;;;Aucune;2021-06-08;
4409880;70-Algeco-Servance-Pharmacie-202106;lost;Devis tiède;Commercial;2315.20;60;;;;;;Client existant;2021-06-11;
4411821;77-Sice-Carre Senart-Palissade Apple-202106;closed;Qualifié;Commercial;0.00;0;;;;;;Client existant;2021-06-11;
4412444;92-Iceberg-Boulogne-Habillage facade vitrée Swell-202106;lost;Devis froid;Commercial;2201.50;30;;;;;;Client existant;2021-06-11;
4416743;91-K&B-Ballainvilliers-logos palissade-202106;won;Qualifié;Commercial;1951.75;0;;;;;;Aucune;2021-06-14;
4420606;37-IDEX-Tours-Sandow-202106;lost;Devis chaud;Commercial;395.00;90;;;;;;Aucune;2021-06-15;
4420950;92-SOMMA-Rueil Malmaison-Palissade bois-202106;lost;Devis tiède;Commercial;19099.52;60;;;;;;Appel entrant / Emailing / Marketing;2021-06-15;
4423257;92-EAS SERVICES-Puteaux-Panneaux-2106;lost;Devis froid;Commercial;4040.30;30;;;;;;Appel entrant / Emailing / Marketing;2021-06-15;
4423685;93-MKI-Noisy Le Grand-Habillage Palissade Villas Urbaines Groupe Bremond-202106;closed;Identifié;Commercial;0.00;0;;;;;;Appel entrant / Emailing / Marketing;2021-06-15;
4433727;38-Portakabin-Grenoble-Biomerieux-202106;lost;Devis chaud;Commercial;54517.94;90;;;;;;Client existant;2021-06-16;
4434497;37-Procontact-Tours-Palissade-202106;closed;Qualifié;Commercial;0.00;0;;;;;;Appel entrant / Emailing / Marketing;2021-06-16;
4436472;33-Algeco-Bordeaux-Simulation bardage bois-212006;closed;Identifié;Commercial;0.00;0;;;;;;Client existant;2021-06-17;
4438838;98-NGE-Monaco-Habillage palissade vegetale-202106;lost;Devis froid;Commercial;24200.00;30;;;;;;Appel entrant / Emailing / Marketing;2021-06-17;
4441076;92-Eurovia-Boulogne-Panneaux-202106;lost;Devis froid;Commercial;686.16;30;;;;;;Aucune;2021-06-18;
4451756;92-Pitch-Saint-Cloud-Palissade-202106;won;Devis froid;Commercial;20514.33;30;;;;;;Commercial / Partenaire;2021-06-21;
4458757;59-Point Triple-Villeneuve d'Ascq-Avemtim-202106;closed;Qualifié;Commercial;0.00;0;;;;;;Appel entrant / Emailing / Marketing;2021-06-22;
4460211;78-Sully Immobilier-Viroflay-Stickers-202106;won;Devis froid;Commercial;1585.60;30;;;;;;Commercial / Partenaire;2021-06-23;
4463273;95-Agglo-Val Parisis-Palissade-202106;lost;Devis froid;Commercial;23672.00;30;;;;;;Appel entrant / Emailing / Marketing;2021-06-23;
4463401;92-Theop-Rueil Malmaison-Entretien-202106;lost;Devis chaud;Commercial;900.00;90;;;;;;Client existant;2021-06-23;
4466651;89-Demartin-Yonne-Kakemono-202106;lost;Devis froid;Commercial;2878.87;30;;;;;;Appel entrant / Emailing / Marketing;2021-06-24;
4475604;86-Altempo-Chatellerault-Habillage 120 fenetres ecole-202106;lost;Devis froid;Commercial;22330.00;30;;;;;;Bouche à oreille / Prescription;2021-06-24;
4485137;75-MC-Paris-Palissade Gare St Lazare-202106;lost;Devis froid;Commercial;33345.24;30;;;;;;Appel entrant / Emailing / Marketing;2021-06-25;
4485251;91-Stra&Act-Grigny-Panneau 4x3-202106;lost;Devis tiède;Commercial;8260.00;60;;;;;;Bouche à oreille / Prescription;2021-06-25;
4487549;75-CESA-Paris-Palissade+Panneau-202106;closed;Devis froid;Commercial;15278.58;30;;;;;;Appel entrant / Emailing / Marketing;2021-06-27;
4489395;47-SGRP-Agen-Théatre-202106;lost;Devis froid;Commercial;1672.08;30;;;;;;Client existant;2021-06-28;
4491011;59-Point Triple-Marcq-en-Barœul-rue du Dr Ducroquet-202106;lost;Devis froid;Commercial;20566.82;30;;;;;;Appel entrant / Emailing / Marketing;2021-06-28;
4491116;93-Coredif-Saint Ouen-4x3-202106;lost;Devis froid;Commercial;3855.00;30;;;;;;Client existant;2021-06-28;
4492171;35-CNR Construction-Altize-202106;lost;Devis tiède;Commercial;4790.00;60;;;;;;Appel entrant / Emailing / Marketing;2021-06-28;
4500675;34-Algeco-Total Parc de Treillières-Antiblast-202106;won;Devis froid;Commercial;2873.59;30;;;;;;Client existant;2021-06-29;
4504947;62-ART BATIMENT-Hardelot-altize 2x2-202106;lost;Devis tiède;Commercial;6460.00;60;;;;;;Appel entrant / Emailing / Marketing;2021-06-30;
4505144;91-Cougnaud-Saint Michel sur Orge-Film sans tain-202106;won;Devis chaud;Commercial;3615.00;90;;;;;;Aucune;2021-06-30;
4505167;06-Elypso-Cannes-Palissade Marriott-202106;won;Devis froid;Commercial;0.00;30;;;;;;Appel entrant / Emailing / Marketing;2021-06-30;
4505930;78-Antin Résidences-Bois-d'Arcy-Palissade rue Jacques Tati-202106;lost;Devis froid;Commercial;5096.94;30;;;;;;Appel entrant / Emailing / Marketing;2021-06-30;
4515163;93-MKI-Noisy Le Grand-Habillage Panneau Chantier Villas Urbaines Groupe Bremond-202106;lost;Devis froid;Commercial;5573.00;30;;;;;;Appel entrant / Emailing / Marketing;2021-07-02;
4524726;59-MAXIBAT62-Loos-Altize-202107;lost;Devis froid;Commercial;4790.00;30;;;;;;Appel entrant / Emailing / Marketing;2021-07-05;
4528244;69-Adjectif-Craponne-Habillage mural-202107;closed;Budget;Commercial;0.00;0;;;;;;Appel entrant / Emailing / Marketing;2021-07-06;
4528706;94-Citron Pressé-Val de Fontenay-Totem Centre commercial-202107;lost;Devis froid;Commercial;12905.76;30;;;;;;Appel entrant / Emailing / Marketing;2021-07-06;
4535218;92-Obiwan-Boulogne-Candelize-202107;lost;Devis froid;Commercial;16300.00;30;;;;;;Appel entrant / Emailing / Marketing;2021-07-06;
4552340;75-Prodigi Events-Paris-Totem Elysee Montmartre-202107;closed;Devis froid;Commercial;6840.00;30;;;;;;Appel entrant / Emailing / Marketing;2021-07-08;
4560367;64-Algeco-OLORON STE MARIE-Adhésif sans tain-202107;closed;Devis tiède;Commercial;3540.00;60;;;;;;Client existant;2021-07-09;
4560397;33-AFC Promotion-Habillage Palaissade-202107;lost;Devis froid;Commercial;22642.73;30;;;;;;Appel entrant / Emailing / Marketing;2021-07-09;
4560512;91-IXIM-Chilly Mazarin-Palissade structure-202107;lost;Devis froid;Commercial;60694.50;30;;;;;;Commercial / Partenaire;2021-07-09;
4567919;59-Amazing Medias-Villeneuve d'Ascq-Totem-202107;won;Devis chaud;Commercial;20065.00;90;;;;;;Appel entrant / Emailing / Marketing;2021-07-12;
4569162;33-Algeco-Pauillac-Baron Philippe de Rothschild-202107;won;Devis tiède;Commercial;8430.00;60;;;;;;Client existant;2021-07-12;
4569428;89-Strat&act-Châtel Censoir-Bache-202107;won;Devis froid;Commercial;418.60;30;;;;;;Aucune;2021-07-12;
4576697;91-Eiffage-Saclay-Habillage Palissade-202107;lost;Devis froid;Commercial;4376.75;30;;;;;;Client existant;2021-07-13;
4590559;34-Bernard Brignon-Montpellier-Altize Icade-202107;lost;Devis froid;Commercial;5375.00;30;;;;;;Appel entrant / Emailing / Marketing;2021-07-16;
4596573;75-Atland-Paris-Panneaux logo-202107;won;Devis tiède;Commercial;4025.00;60;;;;;;Commercial / Partenaire;2021-07-19;
4596687;91-Atland-Chilly Mazarin-Altize-202107;won;Devis tiède;Commercial;5350.00;60;;;;;;Commercial / Partenaire;2021-07-19;
4619048;44-Algeco-La Limouzinière-GP Pilote Bavaria-202107;won;Devis tiède;Commercial;7540.00;60;;;;;;Client existant;2021-07-20;
4625207;IDF-Cougnaud-IDF-RER B-202107;closed;Budget;Commercial;0.00;0;;;;;;Client existant;2021-07-20;
4630651;75-Tour Eiffel-Paris-Modules ALGECO-202107;lost;Devis tiède;Commercial;139002.00;60;;;;;;Client existant;2021-07-20;
4634757;77-B.J.F -Bussy S/t Georges -Palissade bois-202107;closed;Budget;Commercial;30000.00;0;;;;;;Appel entrant / Emailing / Marketing;2021-07-21;
4635995;44-Algeco-Donges-CIPA Antiblast-202107;won;Devis froid;Commercial;4999.99;30;;;;;;Client existant;2021-07-21;
4642903;FR-Bouygues Immo-FR-Consultation Altize-202107;lost;Budget;Commercial;0.00;0;;;;;;Commercial / Partenaire;2021-07-21;
4667945;06-Elypso-Cannes-Palissade Balenciaga-202107;lost;Devis froid;Commercial;21489.00;30;;;;;;Client existant;2021-07-23;
4670654;75-SpieBatignolles-Paris-Modules Hippodrome Auteuil-202107;lost;Devis tiède;Commercial;34340.00;60;;;;;;Appel entrant / Emailing / Marketing;2021-07-24;
4680367;33-Agence Sirocco-Habillage Palissade-202107;lost;Budget;Commercial;0.00;0;;;;;;Appel entrant / Emailing / Marketing;2021-07-26;
4691863;44-WeVan-Saint-Herblain-Totem-202107;lost;Devis froid;Commercial;20170.00;30;;;;;;Appel entrant / Emailing / Marketing;2021-07-27;
4703223;93-EAS Services-Noisy le Sec-Panneaux chantier;closed;Devis froid;Commercial;6460.00;30;;;;;;Commercial / Partenaire;2021-07-30;
4705150;51-Crea Nostra-Reims-Echafaudage Cathédrale-202107;lost;Devis froid;Commercial;21465.00;30;;;;;;Appel entrant / Emailing / Marketing;2021-07-30;
4705539;77-CTD-Seine et Marne-Habillage mural-202107;lost;Devis froid;Commercial;33950.00;30;;;;;;Commercial / Partenaire;2021-07-30;
4711700;33-Commune-Pessac-Totem Liz60-202108;won;Devis froid;Commercial;28000.00;30;;;;;;Appel entrant / Emailing / Marketing;2021-08-02;
4719544;94-ETPO-Ablon-Altize-202108;lost;Devis froid;Commercial;11250.00;30;;;;;;Appel entrant / Emailing / Marketing;2021-08-05;
4719695;94-Comrungis-Chevilly Larue-Totem Liz-202108;lost;Devis tiède;Commercial;3296.80;60;;;;;;Appel entrant / Emailing / Marketing;2021-08-05;
4722712;95-Commune-Bezons-Modulize-202108;lost;Devis tiède;Commercial;42567.94;60;;;;;;Bouche à oreille / Prescription;2021-08-06;
4722725;75-NGE FONDATIONS-Paris-Appel d'offre RER C-202108;lost;Budget;Commercial;0.00;0;;;;;;Appel entrant / Emailing / Marketing;2021-08-06;
4722742;78-MEKA-Maisons Laffitte-Modulize-202108;lost;Devis froid;Commercial;5622.00;30;;;;;;Appel entrant / Emailing / Marketing;2021-08-06;
4742053;69-K&B-Saint Priest-Panneau chantier-202108;won;Devis tiède;Commercial;315.00;60;;;;;;Client existant;2021-08-12;
4749103;78-Pinto-Vernouillet-Altize + Panneaux dibond-202108;lost;Devis froid;Commercial;2410.00;30;;;;;;Appel entrant / Emailing / Marketing;2021-08-17;
4749334;31-Signature-Toulouse-Palissade-202108;won;Devis froid;Commercial;24220.00;30;;;;;;Appel entrant / Emailing / Marketing;2021-08-17;
4749527;75-Top Elevation-Paris-Palissade-202108;lost;Devis froid;Commercial;15373.64;30;;;;;;Appel entrant / Emailing / Marketing;2021-08-17;
4749656;75-Dumez-Paris-150 Champs Elysées-202108;closed;Budget;Commercial;0.00;0;;;;;;Client existant;2021-08-17;
4766773;34-Commune-Beziers-Habillage gare-202108;closed;Budget;Commercial;120000.00;0;;;;;;Aucune;2021-08-23;
4767816;34-Commune-Montpellier-Lunel Totem caisson bois-202108;closed;Identifié;Commercial;0.00;0;;;;;;Aucune;2021-08-23;
4769047;44-Algeco-Pont Saint Martin-Antiblast-202108;lost;Identifié;Commercial;10785.56;0;;;;;;Client existant;2021-08-24;
4769819;75-KARCHER-Paris-bache Obélisque de Louqsor-202108;closed;Qualifié;Commercial;0.00;0;;;;;;Appel entrant / Emailing / Marketing;2021-08-24;
4770795;75-GL EVENT-IDF-Totems-202108;closed;Identifié;Commercial;0.00;0;;;;;;Appel entrant / Emailing / Marketing;2021-08-24;
4771598;67-1variable-Schiltigheim-Palissade-202108;won;Devis tiède;Commercial;13223.66;60;;;;;;Appel entrant / Emailing / Marketing;2021-08-25;
4771925;91-Atland-Chilly-Mazarin-Altize-202108;lost;Devis tiède;Commercial;6455.00;60;;;;;;Commercial / Partenaire;2021-08-25;
4775750;85-TOSKANE-Montaigu-totems caisson bois-202108;lost;Devis froid;Commercial;9527.00;30;;;;;;Appel entrant / Emailing / Marketing;2021-08-26;
4776024;69-K&B-Lyon-Altize-202108;won;Devis chaud;Commercial;8095.00;90;;;;;;Appel entrant / Emailing / Marketing;2021-08-26;
4777339;32-Signature sud-viella-totem revendeur mairie-202108;closed;Identifié;Commercial;0.00;0;;;;;;Aucune;2021-08-26;
4780391;06-Build UP-Cannes-Palissade Retail-202108;lost;Devis froid;Commercial;16465.00;30;;;;;;Appel entrant / Emailing / Marketing;2021-08-27;
4787876;94-RTE-Vitry S/ seine-totem wip-202108;lost;Devis froid;Commercial;3141.44;30;;;;;;Appel entrant / Emailing / Marketing;2021-08-31;
4793336;06-AB architecte-Cannes-bache decor-202108;lost;Devis froid;Commercial;907.13;30;;;;;;Appel entrant / Emailing / Marketing;2021-08-31;
4794896;45-Novatec-Orléans-Pochoirs-202108;lost;Devis froid;Commercial;750.00;30;;;;;;Bouche à oreille / Prescription;2021-08-31;
4796638;18-Algeco-Le Subdray-Antiblast-202109;won;Devis chaud;Commercial;7653.00;90;;;;;;Client existant;2021-09-01;
4799100;33-DEWIJ CONSTRUCTION-Bordeaux-Altize-202109-OPP-01561;lost;Devis froid;Commercial;16905.00;30;;;;;;Aucune;2021-09-01;
4803053;29-Algeco-Roscoff-Modulize-202108;won;Devis chaud;Commercial;2510.00;90;;;;;;Client existant;2021-09-02;
4813457;34-AJ Promotion-Beziers-Altize-202109;lost;Devis tiède;Commercial;5725.00;60;;;;;;Appel entrant / Emailing / Marketing;2021-09-06;
4815227;78-FC BEYNES-Beynes-Module renovation-202109;lost;Devis froid;Commercial;3940.00;30;;;;;;Appel entrant / Emailing / Marketing;2021-09-07;
4819727;78-Atland-Sartrouville-Altize-202109;won;Devis tiède;Commercial;5350.00;60;;;;;;Commercial / Partenaire;2021-09-08;
4821732;67-MUC Habitat-Haguenau-Palissade-202109;lost;Devis tiède;Commercial;7942.00;60;;;;;;Appel entrant / Emailing / Marketing;2021-09-08;
4823943;75-EAS Services-Arc de Triomphe-Panneau-202109;closed;Devis froid;Commercial;3195.00;30;;;;;;Commercial / Partenaire;2021-09-09;
4830523;75-Sevroma-Paris-Palissade-202109;lost;Devis froid;Commercial;9115.10;30;;;;;;Appel entrant / Emailing / Marketing;2021-09-10;
4832831;75-Sonoly-Paris-Habillage facade-202109;lost;Devis froid;Commercial;2798.25;30;;;;;;Appel entrant / Emailing / Marketing;2021-09-12;
4836716;44-Algeco-Nantes-Fourniture antiblast-202109;closed;Identifié;Commercial;461.00;0;;;;;;Client existant;2021-09-13;
4848571;75-AccessProtec-Paris-Kit Palissade-202109;lost;Devis froid;Commercial;3310.00;30;;;;;;Appel entrant / Emailing / Marketing;2021-09-14;
4855634;92-Reprotechnique-Colombes-Candelize-202109;closed;Budget;Commercial;0.00;0;;;;;;Appel entrant / Emailing / Marketing;2021-09-16;
4856205;94-Nacarat-Rungis-Altize-202109;lost;Qualifié;Commercial;13000.00;0;;;;;;Commercial / Partenaire;2021-09-16;
4861816;75-Epiceum-Paris-Palissade Bois-202109;closed;Budget;Commercial;0.00;0;;;;;;Client existant;2021-09-17;
4866094;67-Eiffage-Strasbourg-Panneaux-202109;won;Devis chaud;Commercial;981.68;90;;;;;;Client existant;2021-09-17;
4867147;75-Woodeum-Paris-Panneau chantier marcadet-202109;lost;Devis froid;Commercial;1335.00;30;;;;;;Client existant;2021-09-17;
4881497;49-Rouillaud-Angers-Palissade-202109;lost;Qualifié;Commercial;0.00;0;;;;;;Appel entrant / Emailing / Marketing;2021-09-21;
4881668;34-Eoden-Montpellier-Palissade-202109;lost;Devis froid;Commercial;30450.00;30;;;;;;Appel entrant / Emailing / Marketing;2021-09-21;
4881835;74-Marignan-Collonges sous Salève- Palissade-202109;lost;Devis froid;Commercial;7661.96;30;;;;;;Commercial / Partenaire;2021-09-21;
4893556;92-Iceberg-Issy-Chantier Keiko-202109;won;Devis chaud;Commercial;1200.00;90;;;;;;Client existant;2021-09-23;
4894167;33-Adeimmo-Bordeaux-Palissade-202109;lost;Devis froid;Commercial;8988.50;30;;;;;;Appel entrant / Emailing / Marketing;2021-09-23;
4894225;63-ACI Groupe-Clermont-Ferrand-Altize-202109;lost;Devis froid;Commercial;4075.00;30;;;;;;Commercial / Partenaire;2021-09-23;
4900240;38-Prestalp-Grenoble-Totem-202109;lost;Devis froid;Commercial;40022.00;30;;;;;;Appel entrant / Emailing / Marketing;2021-09-24;
4935241;94-Eiffage-L Hays les Roses-Habillage palissade-202109;won;Devis froid;Commercial;9540.00;30;;;;;;Client existant;2021-09-28;
4935487;75-Europe Echafaudage-Paris-Module Notre Dame-202109;lost;Budget;Commercial;37467.00;0;;;;;;Commercial / Partenaire;2021-09-28;
4938584;64-Algeco-Pau-Module-202109;closed;Identifié;Commercial;0.00;0;;;;;;Client existant;2021-09-29;
4938680;75-AMT-Paris-Altize Loc-202109;won;Devis froid;Commercial;5150.50;30;;;;;;Appel entrant / Emailing / Marketing;2021-09-29;
4938771;59-Promogim-Contrat Cadre Altize;won;Budget;Commercial;0.00;0;;;;;;Commercial / Partenaire;2021-09-29;
4938862;59-Carre Constructeur-projets multiples;closed;Qualifié;Commercial;0.00;0;;;;;;Aucune;2021-09-29;
4945028;92-Bleu Dalcans-La Defense-Bache imprimée-202109;lost;Devis froid;Commercial;7090.00;30;;;;;;Commercial / Partenaire;2021-09-29;
4966731;91-Cougnaud-SaintMichelSurOrge-Film opalisant-202109;lost;Devis froid;Commercial;2245.50;30;;;;;;Client existant;2021-09-30;
4972216;68-Trianon Residences-Lutterbach-Altize-202109;lost;Devis froid;Commercial;6925.00;30;;;;;;Commercial / Partenaire;2021-09-30;
4976533;33-Groupe Quartus-Bordeaux-Cœur AeroParc-Altize-202109;lost;Devis froid;Commercial;8095.00;30;;;;;;Commercial / Partenaire;2021-09-30;
4980914;75-Algeco-Paris-Notre Dame-202109;lost;Devis froid;Commercial;60105.00;30;;;;;;Client existant;2021-10-01;
4982512;92-Chantiers Modernes-Paris La Défense-Habillage Palissade-202109;lost;Devis froid;Commercial;13128.12;30;;;;;;Appel entrant / Emailing / Marketing;2021-10-01;
4990740;76-Theobora-Le Havre-Totem-202109;lost;Devis froid;Commercial;8530.00;30;;;;;;Appel entrant / Emailing / Marketing;2021-10-01;
5000790;33-BTP Expertise-Bordeaux-Palissade bois-202110;lost;Budget;Commercial;127761.00;0;;;;;;Appel entrant / Emailing / Marketing;2021-10-02;
5003722;DE-Goethe Institu-Berlin-Totem-202110;closed;Qualifié;Commercial;0.00;0;;;;;;Appel entrant / Emailing / Marketing;2021-10-04;
5010992;75-Lanfry-Paris-Assemblée Nationale-202110;lost;Devis froid;Commercial;34780.85;30;;;;;;Appel entrant / Emailing / Marketing;2021-10-04;
5038914;33-Algeco-Pauillac-Baron Philippe de Rothschild-202110;won;Devis chaud;Commercial;4580.00;90;;;;;;Client existant;2021-10-05;
5044732;26-Berthouly-Montelimar-Caisson Grue-202110;closed;Qualifié;Commercial;0.00;0;;;;;;Appel entrant / Emailing / Marketing;2021-10-06;
5058809;92-Eiffage Génie Civil Réseaux-La Défense-Panneaux-202110;lost;Devis froid;Commercial;3210.00;30;;;;;;Bouche à oreille / Prescription;2021-10-06;
5060822;33-A2LC-Bordeaux-Palissade Bois-202110;lost;Budget;Commercial;127761.00;0;;;;;;Appel entrant / Emailing / Marketing;2021-10-06;
5062759;62-Algeco-Dunkerque-Habillage vitre-202110;closed;Qualifié;Commercial;0.00;0;;;;;;Client existant;2021-10-06;
5065413;75-Atland-IDF-Panneaux Logo-202110;closed;Budget;Commercial;300.00;0;;;;;;Commercial / Partenaire;2021-10-07;
5082026;73-ESPACS-Saint jean de Maurienne-Palissade-202110;lost;Devis froid;Commercial;68560.00;30;;;;;;Appel entrant / Emailing / Marketing;2021-10-07;
5084042;31-Algeco-Toulouse-CNES-202110;cancelled;Devis froid;Commercial;118412.67;30;;;;;;Client existant;2021-10-07;
5090924;34-Commune-La Grande Motte-Totem-202110;closed;Qualifié;Commercial;0.00;0;;;;;;Appel entrant / Emailing / Marketing;2021-10-08;
5090998;75-Hibana Immo-Paris-Altize-202110;lost;Devis froid;Commercial;10000.00;30;;;;;;Commercial / Partenaire;2021-10-08;
5091109;92-Chantiers Modernes-Paris La Défense-Habillage Mural-202110;lost;Devis froid;Commercial;5967.08;30;;;;;;Appel entrant / Emailing / Marketing;2021-10-08;
5091994;92-Cougnaud-Chatenay Malabry-Bandeau Eiffage-202110;won;Devis froid;Commercial;3113.75;30;;;;;;Client existant;2021-10-08;
5105885;92-Eiffage Energie-Malakoff-Palissade-202110;lost;Devis froid;Commercial;23708.84;30;;;;;;Appel entrant / Emailing / Marketing;2021-10-13;
5107267;02-Intersnack-Montigny-Lengrain-Module-202110;lost;Devis froid;Commercial;4792.69;30;;;;;;Bouche à oreille / Prescription;2021-10-13;
5115666;45-Pierreval-Chapelle Saint-Mesmin-Palissade-202110;lost;Devis froid;Commercial;5170.00;30;;;;;;Client existant;2021-10-15;
5126315;93-Mairie-Bagnolet-Totem-202110;lost;Devis froid;Commercial;11938.00;30;;;;;;Appel entrant / Emailing / Marketing;2021-10-16;
5130048;78-H.Chevalier-Versailles-Echafaudage-202110;closed;Qualifié;Commercial;0.00;0;;;;;;Client existant;2021-10-18;
5130163;FR-IDEC-FR-AO-202110;lost;Devis froid;Commercial;0.00;30;;;;;;Client existant;2021-10-18;
5130704;92-Woodeum-Clichy-Altize-202110;won;Devis chaud;Commercial;7645.00;90;;;;;;Commercial / Partenaire;2021-10-18;
5130999;54-Algeco-Nancy-Habillage Module-202110;won;Devis froid;Commercial;3620.00;30;;;;;;Client existant;2021-10-18;
5147452;77-Hôtel Magic Circus-Magny le Hongre-Habillage palissade-202110;lost;Devis froid;Commercial;10653.36;30;;;;;;Appel entrant / Emailing / Marketing;2021-10-19;
5157091;75-MTTB-Paris-Altize-202110;lost;Devis froid;Commercial;5955.00;30;;;;;;Appel entrant / Emailing / Marketing;2021-10-19;
5157305;92-Eiffage Aménagement-Asnières-Habillage Palissade-202110;lost;Devis tiède;Commercial;50467.40;60;;;;;;Client existant;2021-10-19;
5160560;92-Woodeum-Bagneux-Altize-202110;won;Devis tiède;Commercial;4125.00;60;;;;;;Commercial / Partenaire;2021-10-20;
5163085;34-Marie-Prades Le Lez-Totem-202110;closed;Qualifié;Commercial;0.00;0;;;;;;Appel entrant / Emailing / Marketing;2021-10-20;
5168841;65-Nacarat-Le Touquet-Habillage palissade-202110;lost;Devis tiède;Commercial;10810.15;60;;;;;;Commercial / Partenaire;2021-10-21;
5173516;93-Ville Ouverte-St Denis-Totem-202110;lost;Qualifié;Commercial;14188.74;0;;;;;;Appel entrant / Emailing / Marketing;2021-10-21;
5175536;75-Cougnaud-Paris-Base vie Porte Maillot-202110;closed;Qualifié;Commercial;0.00;0;;;;;;Client existant;2021-10-22;
5176189;33-Mairie-Cenon-Totem-202110;lost;Devis froid;Commercial;9990.00;30;;;;;;Appel entrant / Emailing / Marketing;2021-10-22;
5177539;77-Promoval-Fontainebleau-Altize-202110;lost;Devis froid;Commercial;4325.00;30;;;;;;Commercial / Partenaire;2021-10-22;
5181397;78-UCG-Epone-Caisson grue-202110;closed;Qualifié;Commercial;5955.00;0;;;;;;Appel entrant / Emailing / Marketing;2021-10-25;
5182168;85-Buciol-Montaigu-Altize-202110;closed;Devis froid;Commercial;5790.00;30;;;;;;Appel entrant / Emailing / Marketing;2021-10-25;
5183128;STK-Stockage produit-2021;closed;Identifié;Commercial;0.00;0;;;;;;Aucune;2021-10-25;
5183495;78-Mairie-Croissy sur Seine-Totem-202110;lost;Budget;Commercial;16400.00;0;;;;;;Appel entrant / Emailing / Marketing;2021-10-25;
5187819;06-Prométhée-Mandelieu-Altize-202110;lost;Devis froid;Commercial;5225.00;30;;;;;;Commercial / Partenaire;2021-10-26;
5189040;75-LVDH-Paris-Façade rue Lepic-202110;won;Devis froid;Commercial;5647.26;30;;;;;;Bouche à oreille / Prescription;2021-10-26;
5195472;92-Firodi-Clichy-Altize Galia-202110;closed;Devis froid;Commercial;5880.00;30;;;;;;Appel entrant / Emailing / Marketing;2021-10-26;
5198047;01-Algeco-St Jean de Gonville-Bibliotheque-202110;lost;Qualifié;Commercial;7340.00;0;;;;;;Client existant;2021-10-27;
5201354;13-Mairie-Berre l'Etang-Totem-202110;lost;Devis froid;Commercial;36815.00;30;;;;;;Appel entrant / Emailing / Marketing;2021-10-27;
5202513;78-Cougnaud-Poissy-Bandeau Eiffage-202110;won;Devis froid;Commercial;2451.70;30;;;;;;Client existant;2021-10-27;
5212011;44-Opus Groupe-Nantes-Habillage Design-202110;lost;Devis froid;Commercial;13048.00;30;;;;;;Appel entrant / Emailing / Marketing;2021-10-29;
5212044;94-La Generale de Promotion-Saint Mande-Habillage-202110;lost;Budget;Commercial;0.00;0;;;;;;Commercial / Partenaire;2021-10-29;
5212261;77-Nexity-Melun-4x3-202110;lost;Devis froid;Commercial;4580.00;30;;;;;;Commercial / Partenaire;2021-10-29;
5212343;33-Etixia-Mérignac-Habillage palissade-202110;closed;Budget;Commercial;0.00;0;;;;;;Appel entrant / Emailing / Marketing;2021-10-29;
5222619;75-Hibana Immo-Paris-Permis de construire bois-202111;lost;Devis froid;Commercial;900.00;30;;;;;;Commercial / Partenaire;2021-11-02;
5222756;74-Algeco-Faverges-Staubli-202111;lost;Devis froid;Commercial;15800.00;30;;;;;;Client existant;2021-11-02;
5222944;FR-Alila-FR-AO-202111;closed;Budget;Commercial;0.00;0;;;;;;Commercial / Partenaire;2021-11-02;
5241202;75-BVL-Paris-Toile-202111;lost;Devis froid;Commercial;2622.50;30;;;;;;Appel entrant / Emailing / Marketing;2021-11-04;
5243548;69-Adjectif-Lyon-Bache Grue Woodeum-202110;lost;Devis tiède;Commercial;7631.04;60;;;;;;Commercial / Partenaire;2021-11-04;
5249158;78-Stra&act-Mantes La Ville-Totem-202111;lost;Devis froid;Commercial;10657.00;30;;;;;;Client existant;2021-11-05;
5253826;67-Algeco-Strasbourg-PatchGard-202111;won;Devis chaud;Commercial;3620.00;90;;;;;;Client existant;2021-11-08;
5254037;93-Algeco-Aubervilliers-Ecole Agoudat Or Kafoul-202111;closed;Devis froid;Commercial;3354.00;30;;;;;;Client existant;2021-11-08;
5254871;69-K&B-Lyon-Altize Pur Valmy-202111;lost;Devis froid;Commercial;6855.00;30;;;;;;Client existant;2021-11-08;
5256467;75-Altempo-Paris-Habillage bungalow Tour Eiffel-202111;lost;Devis froid;Commercial;114321.40;30;;;;;;Appel entrant / Emailing / Marketing;2021-11-08;
5265299;13-Icone Communication-Aubagne-Altize-202111;closed;Qualifié;Commercial;0.00;0;;;;;;Appel entrant / Emailing / Marketing;2021-11-09;
5267522;67-Bioburger-Strasbourg-Palissade-202111;won;Devis froid;Commercial;4727.30;30;;;;;;Appel entrant / Emailing / Marketing;2021-11-09;
5269071;35-R&D Prod-St Malo-Totem-202111;closed;Budget;Commercial;207750.00;0;;;;;;Appel entrant / Emailing / Marketing;2021-11-09;
5285028;74-Anthalis-Saint Paul en Chablais-Totem-202111;lost;Devis froid;Commercial;29196.00;30;;;;;;Appel entrant / Emailing / Marketing;2021-11-10;
5285413;FR-Agence Aire-FR-Totem La Poste-202111;lost;Budget;Commercial;150000.00;0;;;;;;Commercial / Partenaire;2021-11-10;
5285423;93-4 Aout-Bobigny-SIPPEREC-202111;lost;Devis tiède;Commercial;9980.00;60;;;;;;Bouche à oreille / Prescription;2021-11-10;
5285477;93-Eurovia-Saint Denis-Palissade Gare-202111;closed;Budget;Commercial;20000.00;0;;;;;;Appel entrant / Emailing / Marketing;2021-11-10;
5285912;13-Arkadea-Marseille-Toile sur façade-202111;lost;Devis froid;Commercial;38660.00;30;;;;;;Appel entrant / Emailing / Marketing;2021-11-11;
5291341;80-Hubert Callec-Amiens-Palissade Médiathèque-202111;lost;Devis froid;Commercial;55860.00;30;;;;;;Appel entrant / Emailing / Marketing;2021-11-14;
5291353;93-Soreqa-St Ouen-Panneaux-202110;closed;Qualifié;Commercial;0.00;0;;;;;;Appel entrant / Emailing / Marketing;2021-11-14;
5291405;77-BAPS-Bussy Saint Georges-Palissade Temple-202111;lost;Devis froid;Commercial;60854.80;30;;;;;;Appel entrant / Emailing / Marketing;2021-11-14;
5295658;97-Amazonie-Cayenne-Bache Echafaudage-202111;closed;Budget;Commercial;0.00;0;;;;;;Appel entrant / Emailing / Marketing;2021-11-15;
5295849;93-Altempo-Ile St Denis-Collège Sisley-202111;lost;Devis froid;Commercial;17814.40;30;;;;;;Appel entrant / Emailing / Marketing;2021-11-15;
5299374;94-Sogeprom-Ivry-sur-Seine-Altize-202111;lost;Devis tiède;Commercial;8355.00;60;;;;;;Appel entrant / Emailing / Marketing;2021-11-16;
5300119;95-Promogim-Jouy-le-Moutier-Altize-202111;closed;Devis tiède;Commercial;7145.00;60;;;;;;Commercial / Partenaire;2021-11-16;
5302005;92-Cougnaud-Clichy-Black City Clichy Bandeau Eiffage-202111;won;Devis tiède;Commercial;6633.00;60;;;;;;Client existant;2021-11-16;
5302262;75-Algeco-Paris-Lariboisière Bandeau Eiffage-202111;lost;Devis froid;Commercial;15280.75;30;;;;;;Client existant;2021-11-16;
5303864;77-Algeco-Chelles-Collège Weczerka-202111;won;Devis tiède;Commercial;36173.92;60;;;;;;Client existant;2021-11-16;
5305639;74-Algeco-Glières-Habillage Module-202111;won;Devis tiède;Commercial;3205.00;60;;;;;;Client existant;2021-11-17;
5320100;38-Portakabin-Grenoble-Biomerieux-202111;won;Devis tiède;Commercial;3320.00;60;;;;;;Client existant;2021-11-19;
5332888;92-Cougnaud-L'Hay Les Roses-Bandeau-202111;won;Devis tiède;Commercial;1831.85;60;;;;;;Client existant;2021-11-22;
5341015;98-ReGroup-Monaco-Totem-202111;closed;Qualifié;Commercial;0.00;0;;;;;;Appel entrant / Emailing / Marketing;2021-11-23;
5356254;97-Gecono-Cayenne-Habillage Modulaire-202111;closed;Budget;Commercial;17780.00;0;;;;;;Appel entrant / Emailing / Marketing;2021-11-24;
5360336;93-Peradotto-Bobigny-Totem-202111;closed;Budget;Commercial;18947.07;0;;;;;;Bouche à oreille / Prescription;2021-11-25;
5366558;94-Verrecchia-IDF-Altize-202111;closed;Budget;Commercial;11325.00;0;;;;;;Aucune;2021-11-26;
5378566;37-Icade-Tours-Palissade ecoresponsable-202111;won;Devis chaud;Commercial;18160.32;90;;;;;;Appel entrant / Emailing / Marketing;2021-11-29;
5388947;93-ETPO-Les Lilas-Altize-202111;lost;Devis froid;Commercial;4380.00;30;;;;;;Appel entrant / Emailing / Marketing;2021-11-30;
5394939;53-Mairie-Saint-Berthevin-Candelize-202111;closed;Budget;Commercial;0.00;0;;;;;;Appel entrant / Emailing / Marketing;2021-12-01;
5396691;35-Alfa Laval-Noyal sur Vilaine-Habillage façade-202111;lost;Devis froid;Commercial;11259.00;30;;;;;;Appel entrant / Emailing / Marketing;2021-12-01;
5409589;93-Algeco-Tremblay-Hopital Vert Galant-202112;won;Devis tiède;Commercial;5060.00;60;;;;;;Client existant;2021-12-03;
5413723;77-Algeco-Sevron-Thales-202112;won;Devis tiède;Commercial;2975.00;60;;;;;;Client existant;2021-12-05;
5417514;44-CHA Constructions-Nantes-Altize-202112;lost;Devis froid;Commercial;5240.00;30;;;;;;Appel entrant / Emailing / Marketing;2021-12-06;
5427415;75-SpieBatignolles-Paris-Palissade-202112;won;Devis froid;Commercial;9560.00;30;;;;;;Commercial / Partenaire;2021-12-07;
5427740;75-Atland-IDF-Panneaux Logo-202112;lost;Devis tiède;Commercial;6275.00;60;;;;;;Commercial / Partenaire;2021-12-07;
5431912;94-Eiffage Génie Civil-Chevilly-Larue-Panneau-202112;won;Devis chaud;Commercial;1600.00;90;;;;;;Client existant;2021-12-08;
5432472;02-SEDA-Soisssons-Habillage Facade-202112;won;Devis froid;Commercial;35716.00;30;;;;;;Appel entrant / Emailing / Marketing;2021-12-08;
5454678;75-HChevalier-Paris-Echafaudage ave Deschanel-202112;lost;Devis froid;Commercial;46810.00;30;;;;;;Commercial / Partenaire;2021-12-13;
5457450;59-Loger Habitat-Tourcoing-Palissade Structure + habillage-202112;lost;Devis froid;Commercial;19482.33;30;;;;;;Commercial / Partenaire;2021-12-13;
5463065;49-Groupe Gambetta-Cholet-SCCV PSLA ABELIA SAINT JEAN-202112;lost;Devis tiède;Commercial;5367.50;60;;;;;;Commercial / Partenaire;2021-12-14;
5466844;78-EiffageC-France-Habillage Palissade recrutement-202112;lost;Devis froid;Commercial;5710.00;30;;;;;;Commercial / Partenaire;2021-12-15;
5469970;75-Iceberg-Paris-Palissade rue Charron-202112;lost;Budget;Commercial;17000.00;0;;;;;;Client existant;2021-12-15;
5470203;93-Vinci Construction France-Palissade bd Paul Vaillant Couturier-202112;closed;Qualifié;Commercial;0.00;0;;;;;;Aucune;2021-12-15;
5473471;75-Bonaventure Agence-Paris-Expo autiste-202112;won;Devis chaud;Commercial;3160.00;90;;;;;;Appel entrant / Emailing / Marketing;2021-12-16;
5474953;75-Grizard agencement-Paris-Palissade avenue des ternes-202112;lost;Devis froid;Commercial;35039.75;30;;;;;;Appel entrant / Emailing / Marketing;2021-12-17;
5478135;60-Impressions Plurielles-Noailles-Totem-202112;lost;Qualifié;Commercial;0.00;0;;;;;;Appel entrant / Emailing / Marketing;2021-12-17;
5486103;93-Cougnaud-St Ouen-MSO ST OUEN - P.2105709-202112;cancelled;Devis chaud;Commercial;2108.70;90;;;;;;Client existant;2021-12-19;
5487481;78-Esprimm-Versailles-Palissade rue du Parc de Clagny-202112;cancelled;Devis froid;Commercial;7699.25;30;;;;;;Client existant;2021-12-20;
5490823;93-Groupe Bremond-Noisy-le-Grand-Habillage Palissade-202112;lost;Devis froid;Commercial;5866.00;30;;;;;;Commercial / Partenaire;2021-12-20;
5491113;35-Tourny Meyer-Rennes-Habillage Chantier Legendre-202112;closed;Identifié;Commercial;0.00;0;;;;;;Commercial / Partenaire;2021-12-20;
5493233;51-ZeTruc-Reims-Bache intérieure-202112;closed;Budget;Commercial;0.00;0;;;;;;Commercial / Partenaire;2021-12-21;
5501694;94-SGIV-Rungis-habillage bardage-202112;lost;Devis froid;Commercial;63194.00;30;;;;;;Appel entrant / Emailing / Marketing;2021-12-23;
5503386;77-Algeco-Réau-TOTAL Aire de Galande-202112;won;Devis froid;Commercial;1344.00;30;;;;;;Client existant;2021-12-24;
5534033;49-CQFD-Angers-Palissade Vinci-202112;lost;Devis froid;Commercial;9544.50;30;;;;;;Appel entrant / Emailing / Marketing;2021-12-29;
5548493;93-Cougnaud-St ouen-OLYMPIQUE BV1 CANTO-P.2100968-202201;cancelled;Devis tiède;Commercial;2368.00;60;;;;;;Aucune;2022-01-03;
5548788;78-Cougnaud-Poissy-PSG-P.2105449-202201;won;Devis tiède;Commercial;1861.95;60;;;;;;Appel entrant / Emailing / Marketing;2022-01-03;
5554694;76-Algeco-Lillebonne-Modulize-202201;lost;Qualifié;Commercial;5580.00;0;;;;;;Client existant;2022-01-04;
5558446;13-IMMO DL-Marseille-altize-202201;closed;Budget;Commercial;0.00;0;;;;;;Aucune;2022-01-05;
5558614;67-Centre équestre des deux rives-Strasbourg-Modulize-202201;closed;Budget;Commercial;3500.00;0;;;;;;Bouche à oreille / Prescription;2022-01-05;
5558917;44-MAIRIE SAINTE PAZANNE-SAINTE PAZANNE-CANDELIZE-202201;lost;Devis froid;Commercial;545.00;30;;;;;;Appel entrant / Emailing / Marketing;2022-01-05;
5567213;03-MAYANE-Montluçon-Totems-202201;lost;Devis tiède;Commercial;14460.00;60;;;;;;Appel entrant / Emailing / Marketing;2022-01-05;
5568693;62-HDBM IMMOBILIER-Arras-Altize-202201;closed;Identifié;Commercial;0.00;0;;;;;;Aucune;2022-01-06;
5571976;59-KENEO-Lille-Toile sur façade-202201;lost;Devis froid;Commercial;13235.00;30;;;;;;Bouche à oreille / Prescription;2022-01-06;
5574800;SALES 2022-Dev Commercial;closed;Identifié;Commercial;0.00;0;;;;;;Aucune;2022-01-07;
5574815;DEV 2022-Dev produit;closed;Identifié;Commercial;0.00;0;;;;;;Aucune;2022-01-07;
5574823;MKT 2022-Marketing et Com;closed;Identifié;Commercial;0.00;0;;;;;;Aucune;2022-01-07;
5574832;INT 2022-Stkg et opérationnel;closed;Identifié;Commercial;0.00;0;;;;;;Aucune;2022-01-07;
5577758;33-MUSICALARUE-Belin Béliet-Habillage Modulize-202201;lost;Qualifié;Commercial;75565.00;0;;;;;;Appel entrant / Emailing / Marketing;2022-01-07;
5582157;67-Eiffage-Molsheim-Toile sur façade-202201;lost;Devis froid;Commercial;11767.50;30;;;;;;Appel entrant / Emailing / Marketing;2022-01-10;
5587000;49-Opus Groupe-Angers-Habillage palissade-202201;lost;Devis chaud;Commercial;5301.00;90;;;;;;Commercial / Partenaire;2022-01-11;
5587271;93-EURO2C-NEUILLY SUR MARNE-PALISSADE VEGETALE-202201;lost;Budget;Commercial;6149.41;0;;;;;;Appel entrant / Emailing / Marketing;2022-01-11;
5593402;84-Agence Paysages-Avignon-Totems-202201;won;Devis chaud;Commercial;20250.00;90;;;;;;Appel entrant / Emailing / Marketing;2022-01-12;
5595369;06-Hôtel Negresco-Nice-Habillage Echafaudage-202201;lost;Devis froid;Commercial;49462.00;30;;;;;;Appel entrant / Emailing / Marketing;2022-01-12;
5597041;93-COUGNAUD-ST OUEN-PALARIC SAINT OUEN-202201;won;Devis froid;Commercial;1312.54;30;;;;;;Client existant;2022-01-13;
5597449;76-Eiffage-Bolbec-panneau-202201;cancelled;Devis froid;Commercial;3240.00;30;;;;;;Appel entrant / Emailing / Marketing;2022-01-13;
5597618;95-Demathieu Bard-St Denis-Mobilize-202201;lost;Devis tiède;Commercial;12829.35;60;;;;;;Bouche à oreille / Prescription;2022-01-13;
5598343;11-CMN-Carcassonne-Totem-202201;closed;Budget;Commercial;1650.00;0;;;;;;Appel entrant / Emailing / Marketing;2022-01-13;
5602131;93-Seqens-Saint-Denis-Habillage Échafaudage-202201;closed;Budget;Commercial;0.00;0;;;;;;Appel entrant / Emailing / Marketing;2022-01-14;
5624372;92-Industria-Neuilly-Expo Totem-202201;closed;Devis tiède;Commercial;27235.00;60;;;;;;Appel entrant / Emailing / Marketing;2022-01-17;
5626371;45-IDEC-Chaussée St Victor-Chantier-202201;lost;Devis froid;Commercial;19482.00;30;;;;;;Appel entrant / Emailing / Marketing;2022-01-18;
5626483;93-Mairie-ILE SAINT DENIS-Totems-202201;lost;Devis froid;Commercial;13060.00;30;;;;;;Appel entrant / Emailing / Marketing;2022-01-18;
5632822;CH-Atelier Grosfort-Vernier-Altize-202201;lost;Devis froid;Commercial;19748.70;0;;;;;;Appel entrant / Emailing / Marketing;2022-01-18;
5633321;95-FACILYBAT- SAINT OUEN L'AUMONE-ALTIZE-202201;closed;Identifié;Commercial;0.00;0;;;;;;Appel entrant / Emailing / Marketing;2022-01-18;
5633391;21-Promogim-Dijon-Altize-202201;lost;Devis tiède;Commercial;4225.00;60;;;;;;Commercial / Partenaire;2022-01-18;
5636895;29-OUESTELIO-QUIMPER-TOTEM-202201;closed;Budget;Commercial;15860.00;0;;;;;;Appel entrant / Emailing / Marketing;2022-01-19;
5637019;93-GCC-LA COURNEUVE-PANNEAUX CHANTIER-202201;lost;Devis froid;Commercial;4372.50;30;;;;;;Appel entrant / Emailing / Marketing;2022-01-19;
5637389;78-ALGECO-JOUY EN JOSAS-HABILLAGE FACADE-202201;won;Devis tiède;Commercial;1340.00;60;;;;;;Client existant;2022-01-19;
5638067;26-ALGECO-ROMANS SUR ISERE-MODULIZE-202201;closed;Qualifié;Commercial;0.00;0;;;;;;Client existant;2022-01-19;
5638335;75-CS&Co-Paris-Pollux Beaugrenelle-202201;closed;Budget;Commercial;160000.00;0;;;;;;Appel entrant / Emailing / Marketing;2022-01-19;
5638404;77-SMAC-CHESSY-PALISSADE EN BOIS-202201;closed;Qualifié;Commercial;0.00;0;;;;;;Appel entrant / Emailing / Marketing;2022-01-19;
5643436;77-K&B-Brie-Compte-Robert-Panneaux logo-202201;closed;Budget;Commercial;0.00;0;;;;;;Commercial / Partenaire;2022-01-20;
5643482;86-AEI Promotion-Frejus-Bache Palissade-202201;closed;Budget;Commercial;0.00;0;;;;;;Commercial / Partenaire;2022-01-20;
5643545;33-Nexity-Merignac-Palissade Design-202201;lost;Devis froid;Commercial;45462.04;0;;;;;;Commercial / Partenaire;2022-01-20;
5643756;75-Sogeprom-Paris-Altize-202201;closed;Budget;Commercial;0.00;0;;;;;;Appel entrant / Emailing / Marketing;2022-01-20;
5644725;91-Bouygues-Chilly Mazarin-Acquisition Caissons Grue-202201;lost;Qualifié;Commercial;5900.00;0;;;;;;Appel entrant / Emailing / Marketing;2022-01-20;
5647289;38-Ideal Groupe-Grenoble-Habillage Palissade-202201;closed;Budget;Commercial;0.00;0;;;;;;Commercial / Partenaire;2022-01-21;
5647318;33-Ideal Groupe-Bordeaux-Habillage Palissade-202201;closed;Qualifié;Commercial;0.00;0;;;;;;Commercial / Partenaire;2022-01-21;
5647334;35-Ideal Groupe-Rennes-Habillage Palissade-202201;lost;Qualifié;Commercial;0.00;0;;;;;;Commercial / Partenaire;2022-01-21;
5662715;92-Mairie-Neuilly-Exposition-202201;lost;Devis froid;Commercial;42817.50;30;;;;;;Commercial / Partenaire;2022-01-24;
5666726;69-K&B-St Priest-Altize-Pavillon Jaures-202201;won;Devis chaud;Commercial;7155.00;90;;;;;;Commercial / Partenaire;2022-01-24;
5673967;78-Kallista-Versailles-Palissade-202201;closed;Budget;Commercial;10000.00;0;;;;;;Appel entrant / Emailing / Marketing;2022-01-25;
5675371;25-Mairie-Baume Les Dames-Totem-202201;closed;Qualifié;Commercial;0.00;0;;;;;;Appel entrant / Emailing / Marketing;2022-01-25;
5676979;49-HEXA REPRO-ANGERS-ALTIZE-202201;lost;Devis froid;Commercial;5390.00;30;;;;;;Appel entrant / Emailing / Marketing;2022-01-26;
5677185;44-ALGECO-ST NAZAIRE-MODULIZE-202201;won;Devis chaud;Commercial;12030.00;90;;;;;;Client existant;2022-01-26;
5680994;75-DUMEZ-PARIS ILE DE LA CITÉ-PALISSADE-202201;closed;Qualifié;Commercial;0.00;0;;;;;;Bouche à oreille / Prescription;2022-01-26;
5682890;77-EPA Marne-Champs-sur-Marne-Signaletique Siège-202201;won;Devis chaud;Commercial;43739.68;90;;;;;;Client existant;2022-01-27;
5685860;75-ALGECO-PARIS-PROJET VILLAGE NATURE-202201;closed;Budget;Commercial;1880.00;0;;;;;;Client existant;2022-01-27;
5686367;92-ALGECO-NEUILLY SUR SEINE-HABILLAGE FÔRET-202201;lost;Devis froid;Commercial;6860.00;30;;;;;;Client existant;2022-01-27;
5697782;75-Iceberg-Paris-Facade 117 Bd St Germain-202201;closed;Budget;Commercial;0.00;0;;;;;;Client existant;2022-01-31;
5698845;92-NOVATEAM-CLICHY-TOTEM-202201;lost;Qualifié;Commercial;0.00;0;;;;;;Appel entrant / Emailing / Marketing;2022-01-31;
5704469;75-URW-Paris-Palissade Tour Triangle-202202;lost;Devis tiède;Commercial;71856.00;60;;;;;;Appel entrant / Emailing / Marketing;2022-02-01;
5708397;92-ERT CONSTRUCTION-CLAMART-ALTIZE-202202;lost;Devis froid;Commercial;6695.00;30;;;;;;Appel entrant / Emailing / Marketing;2022-02-02;
5713021;94-ALGECO-VALENTON-BSPP CALLIOPE-202202;lost;Devis froid;Commercial;5605.00;30;;;;;;Client existant;2022-02-03;
5713849;91-Pierreval-Arpajon-Palissade chantier-Altize-202202;won;Devis chaud;Commercial;8067.50;90;;;;;;Commercial / Partenaire;2022-02-03;
5714709;18-PORTAKABIN-BOURGES-MODULIZE-202202;lost;Budget;Commercial;9689.04;0;;;;;;Appel entrant / Emailing / Marketing;2022-02-03;
5718838;33-Nexity Synonym-Habillage de chantier-202201;closed;Qualifié;Commercial;0.00;0;;;;;;Aucune;2022-02-04;
5726849;13-ALGECO-GARDANNE-MODULIZE-202202;lost;Devis froid;Commercial;4820.00;30;;;;;;Client existant;2022-02-07;
5730524;75-Atelier Richelieu-Paris-Habillage Echafaudage-202202;won;Devis tiède;Commercial;13608.85;60;;;;;;Appel entrant / Emailing / Marketing;2022-02-07;
5734294;93-Atland-Stains-Palissades-202109;won;Devis chaud;Commercial;4060.00;90;;;;;;Commercial / Partenaire;2022-02-08;
5735003;77-LTE CONSTRUCTION-CHESSY-ALTIZE-202202;won;Devis froid;Commercial;6117.50;30;;;;;;Appel entrant / Emailing / Marketing;2022-02-08;
5743824;66-Bouygues Immobilier-Perpignan-Altize-202202;lost;Devis tiède;Commercial;6155.00;60;;;;;;Appel entrant / Emailing / Marketing;2022-02-09;
5744799;50-MAISONS D HISTOIRE-CARENTAN LES MARAIS-FACADE-202202;lost;Devis froid;Commercial;44310.10;30;;;;;;Appel entrant / Emailing / Marketing;2022-02-09;
5746508;80-PORTAKABIN-ABBEVILLE-CLINIQUE SAINTE ISABELLE-202202;lost;Devis froid;Commercial;12563.10;30;;;;;;Appel entrant / Emailing / Marketing;2022-02-10;
5746764;83-FAYAT BATIMENT-FREJUS-ALTIZE-202202;closed;Budget;Commercial;37720.00;0;;;;;;Appel entrant / Emailing / Marketing;2022-02-10;
5748031;92-MATHIS CONSTRUCTION BOIS-NANTERRE-BACHE-202202;won;Devis chaud;Commercial;37557.60;90;;;;;;Appel entrant / Emailing / Marketing;2022-02-10;
5748887;38-CITEOS-GRENOBLE-TOTEM-202202;lost;Devis froid;Commercial;4220.00;30;;;;;;Appel entrant / Emailing / Marketing;2022-02-10;
5749031;75-RATP REAL ESTATE-Paris-Habillage palissade-202202;won;Devis chaud;Commercial;13909.06;90;;;;;;Commercial / Partenaire;2022-02-10;
5752368;44-Opus Groupe-Saint Herblain-Mur végétal-202202;lost;Budget;Commercial;0.00;0;;;;;;Appel entrant / Emailing / Marketing;2022-02-11;
5759856;75-ARNHOLDT NORD-PARIS-PALISSADE-202202;closed;Identifié;Commercial;0.00;0;;;;;;Appel entrant / Emailing / Marketing;2022-02-14;
5760060;75-LEON GROSSE-PARIS-PALISSADE METRO-202202;closed;Budget;Commercial;0.00;0;;;;;;Appel entrant / Emailing / Marketing;2022-02-14;
5760349;59-ESCAUT CONSTRUCTION-VALENCIENNES-ALTIZE-202202;lost;Devis froid;Commercial;5225.00;30;;;;;;Appel entrant / Emailing / Marketing;2022-02-14;
5764017;13-2BPR-Marseille-Totem-202201;lost;Budget;Commercial;11250.00;0;;;;;;Appel entrant / Emailing / Marketing;2022-02-14;
5765986;63-CLERMONT AUVERGNE METROPOLE-CLERMONT FERRAND-TOTEM-202202;lost;Devis froid;Commercial;33300.00;30;;;;;;Appel entrant / Emailing / Marketing;2022-02-15;
5766682;69-ALLIADE HABITAT-LYON-TOTEM-202202;lost;Identifié;Commercial;0.00;0;;;;;;Appel entrant / Emailing / Marketing;2022-02-15;
5778223;25-K&B-Besançon-BESANCON RSS VAUBAN-Altize-202202;won;Devis tiède;Commercial;7635.00;60;;;;;;Commercial / Partenaire;2022-02-17;
5778701;TCHA-235-SCI LES APPART'S-N'DJAMENA-TOILE-202202;closed;Budget;Commercial;3172.00;0;;;;;;Appel entrant / Emailing / Marketing;2022-02-17;
5779787;27-SILOGE-EVREUX-BACHE XXL-202202;won;Devis chaud;Commercial;4300.00;90;;;;;;Appel entrant / Emailing / Marketing;2022-02-17;
5782584;93-Eurovia-Saint Denis-Palissade Gare-202202;lost;Devis froid;Commercial;14070.00;30;;;;;;Appel entrant / Emailing / Marketing;2022-02-17;
5783594;69-K&B-SCCV Villeurbanne 25-29 rue Frederic Fays-Panneaux logo-202202;won;Devis tiède;Commercial;2267.50;60;;;;;;Aucune;2022-02-18;
5783740;69-K&B-Lyon-Panneaux logo-SEQUENCE PARK-202202;won;Devis tiède;Commercial;2460.00;60;;;;;;Commercial / Partenaire;2022-02-18;
5796979;75-LE CLUFF-PARIS-PROJET ETUDIANT-202202;closed;Identifié;Commercial;0.00;0;;;;;;Appel entrant / Emailing / Marketing;2022-02-22;
5799633;33-CA Immobilier-Lacanau-Palissade bois-202202;won;Devis froid;Commercial;8863.00;30;;;;;;Commercial / Partenaire;2022-02-22;
5799826;75-Alios Développement-Paris-Habillage Palissade-202202;lost;Devis froid;Commercial;2900.00;30;;;;;;Commercial / Partenaire;2022-02-22;
5799974;31-Nexity-Toulouse-Palissade Design-202202;lost;Devis froid;Commercial;10177.00;30;;;;;;Commercial / Partenaire;2022-02-22;
5808629;75-BLACK LEMON-PARIS-H&M-202202;closed;Qualifié;Commercial;9578.08;0;;;;;;Appel entrant / Emailing / Marketing;2022-02-23;
5811003;78-COREAL-JOUY EN JOSAS-ALTIZE-202202;closed;Devis tiède;Commercial;5240.00;60;;;;;;Appel entrant / Emailing / Marketing;2022-02-23;
5815573;91-Nexity Domaines-Morangis-Palissade Eco-202202;lost;Devis froid;Commercial;7195.50;30;;;;;;Commercial / Partenaire;2022-02-24;
5820347;93-GTA Lexus-Villiers s/ Marne-Renouvellement Habillage Tour-202202;lost;Devis froid;Commercial;8967.67;30;;;;;;Client existant;2022-02-25;
5824844;75-Cushman-Paris-Habillage Groupe Electrogene-202202;won;Devis tiède;Commercial;1982.80;60;;;;;;Appel entrant / Emailing / Marketing;2022-02-27;
5826296;02-Transactif-Tergnier-Totem-202202;lost;Devis froid;Commercial;2835.00;30;;;;;;Appel entrant / Emailing / Marketing;2022-02-28;
5831578;59-Maisons&cités-Douai-Altize-202202;lost;Budget;Commercial;870.00;0;;;;;;Appel entrant / Emailing / Marketing;2022-03-01;
5831621;75-EAS Services-Paris-Stickers Panneaux 4x3-202202;lost;Devis froid;Commercial;1800.00;30;;;;;;Commercial / Partenaire;2022-03-01;
5832033;93-Atland-Stains-Bâche-202202;lost;Devis froid;Commercial;4802.80;30;;;;;;Commercial / Partenaire;2022-03-01;
5832338;57-Alila-Guenange-Stickers Panneau-202202;lost;Devis froid;Commercial;450.00;30;;;;;;Appel entrant / Emailing / Marketing;2022-03-01;
5833809;77-K&B-Vaires sur Marne-Altize + Panneau Logo-202203;won;Devis tiède;Commercial;8287.50;60;;;;;;Commercial / Partenaire;2022-03-01;
5839163;73-Algeco-Aigueblanche-Module-202202;won;Devis tiède;Commercial;1790.00;60;;;;;;Client existant;2022-03-02;
5839454;95-K&B-Cormeilles-en-Parisis-Altize-202203;won;Devis chaud;Commercial;6255.00;90;;;;;;Commercial / Partenaire;2022-03-02;
5840910;56-Sellor-Larmor Plage-Totem-202202;lost;Devis froid;Commercial;4925.00;30;;;;;;Appel entrant / Emailing / Marketing;2022-03-02;
5840977;92-Seqens-AO-Signalétique de chantier-202203;closed;Devis froid;Commercial;0.00;30;;;;;;Commercial / Partenaire;2022-03-02;
5847296;29-René Joncour-Quimper-Les Rives de Saint-Corentin-202203;lost;Devis froid;Commercial;4475.00;30;;;;;;Appel entrant / Emailing / Marketing;2022-03-04;
5853457;75-kristina depaulis micro entreprise-paris-toile-202203;closed;Identifié;Commercial;0.00;0;;;;;;Appel entrant / Emailing / Marketing;2022-03-07;
5856930;BE-10-SIMPLY BETTER-BRUXELLES-TOTEM-202203;closed;Qualifié;Commercial;0.00;0;;;;;;Appel entrant / Emailing / Marketing;2022-03-07;
5857363;21-Mazaud-Chenôve-Altize-202203;lost;Budget;Commercial;5500.00;0;;;;;;Commercial / Partenaire;2022-03-07;
5859374;06-NGE-Nice-Bache sur immeuble-202203;closed;Budget;Commercial;0.00;0;;;;;;Client existant;2022-03-08;
5859405;69-Fontanel Promotion-Villeurbanne-Habillage Palissade-202203;won;Devis froid;Commercial;5077.50;30;;;;;;Commercial / Partenaire;2022-03-08;
5860125;86-Pierreval-Poitiers-Habillage Palissade-202203;lost;Devis chaud;Commercial;3677.50;90;;;;;;Commercial / Partenaire;2022-03-08;
5860760;11-ALGECO-NARBONNE-MODULIZE-202203;won;Devis chaud;Commercial;1760.00;90;;;;;;Client existant;2022-03-08;
5862069;62-MAIRIE-WINGLES-PALISSADE-202203;closed;Budget;Commercial;4093.30;0;;;;;;Appel entrant / Emailing / Marketing;2022-03-08;
5862323;88-MAIRIE-VITTEL-HOTEL DES TERMES-202203;lost;Devis froid;Commercial;23500.00;30;;;;;;Appel entrant / Emailing / Marketing;2022-03-08;
5862413;75-HOTEL PLAZA ATHENEE-PARIS-TROMPE L OEIL TOUR EIFFEL-202203;lost;Devis froid;Commercial;19926.00;30;;;;;;Appel entrant / Emailing / Marketing;2022-03-08;
5862869;94-Mairie-Ivry s/ Seine-Totem-202203;lost;Devis froid;Commercial;10782.98;30;;;;;;Client existant;2022-03-08;
5863564;91-MB BATIMENT-BONDOUFLE-ALTIZE-202203;closed;Identifié;Commercial;0.00;0;;;;;;Appel entrant / Emailing / Marketing;2022-03-08;
5867119;60-AEI Promotion-Beauvais-Habillage Palissade-202203;won;Devis chaud;Commercial;4999.90;90;;;;;;Aucune;2022-03-09;
5870076;83-CAPELLI-HYERES-ALTIZE-202203;lost;Budget;Commercial;5590.00;0;;;;;;Appel entrant / Emailing / Marketing;2022-03-09;
5881278;83-K&B-Cogolin-Altize-202203;won;Devis froid;Commercial;5225.00;30;;;;;;Commercial / Partenaire;2022-03-10;
5881281;75-LVDH-Paris-Façade rue Lepic-202203;won;Devis tiède;Commercial;9379.57;60;;;;;;Client existant;2022-03-10;
5881956;88-Hopital Val Madon-Mirecourt-habillage palissade-202203;lost;Devis froid;Commercial;4341.76;30;;;;;;Appel entrant / Emailing / Marketing;2022-03-10;
5882156;75-RESTAURANT FANFAN-PARIS-HABILLAGE ECHAFAUDAGE-202203;won;Devis froid;Commercial;399.50;30;;;;;;Appel entrant / Emailing / Marketing;2022-03-10;
5882494;75-Surfaces-Paris-Village Reille-202203;won;Devis froid;Commercial;3846.80;30;;;;;;Appel entrant / Emailing / Marketing;2022-03-10;
5896738;28-ALGECO-AUNEAU-SENTIER DE L ETANG-202203;cancelled;Devis tiède;Commercial;6200.00;60;;;;;;Client existant;2022-03-14;
5898931;62-MAIRIE-BETHUNE-CAISSON BOIS-202203;closed;Identifié;Commercial;0.00;0;;;;;;Commercial / Partenaire;2022-03-14;
5900808;83-DREAMSTONES GROUP-SAINT TROPEZ-PALISSADE-202203;won;Devis froid;Commercial;23840.00;30;;;;;;Appel entrant / Emailing / Marketing;2022-03-15;
5900817;83-DREAMSTONES GROUP-RAMATUELLE-PALISSADE-202203;closed;Qualifié;Commercial;24660.00;0;;;;;;Appel entrant / Emailing / Marketing;2022-03-15;
5900823;83-DREAMSTONES GROUP-GASSIN-PALISSADE-202203;closed;Identifié;Commercial;0.00;0;;;;;;Appel entrant / Emailing / Marketing;2022-03-15;
5901597;75-Eiffage-SCI Montagne de la Fage-Habillage Palissade-202203;lost;Budget;Commercial;0.00;0;;;;;;Appel entrant / Emailing / Marketing;2022-03-15;
5901786;13-Promethée-Aix-en-Provence-202203;lost;Budget;Commercial;0.00;0;;;;;;Aucune;2022-03-15;
5902363;29-MAIRIE-VALENCE-HABILLAGE MODULE-202203;closed;Identifié;Commercial;0.00;0;;;;;;Appel entrant / Emailing / Marketing;2022-03-15;
5902638;78-ESPACE 9-RAMBOUILLET-ALTIZE-202203;lost;Devis froid;Commercial;10330.00;30;;;;;;Appel entrant / Emailing / Marketing;2022-03-15;
5902732;88-LORENZONI-VITTEL-PALISSADE-202203;closed;Devis froid;Commercial;17641.30;30;;;;;;Appel entrant / Emailing / Marketing;2022-03-15;
5906666;61-ALGECO-FLERS-SIGNALETIQUE HOPITAL-202203;closed;Qualifié;Commercial;0.00;0;;;;;;Client existant;2022-03-15;
5906672;92-CMN-VILLE AVRAY-DIBOND TOTEM-202203;won;Devis froid;Commercial;3660.00;0;;;;;;Client existant;2022-03-15;
5908747;BE-20-EMERGENCE PRINT-ANVERS-HABILLAGE FACADE-202203;lost;Budget;Commercial;22000.00;0;;;;;;Appel entrant / Emailing / Marketing;2022-03-16;
5909330;00-FCZA-00-PALISSADE-202203;closed;Identifié;Commercial;0.00;0;;;;;;Appel entrant / Emailing / Marketing;2022-03-16;
5911189;35-ALGECO-MORDELLES-CONSULTATION CH GUILLAUME-202203;lost;Devis froid;Commercial;24734.96;30;;;;;;Client existant;2022-03-16;
5914215;78-Atland-Chevreuse-SCCV Atland Chevreuse Versailles-Habillage Palissade-202203;won;Devis chaud;Commercial;6408.00;90;;;;;;Commercial / Partenaire;2022-03-17;
5914804;33-Groupe Pichet-Bordeaux-Habillage Chantier-202203;lost;Qualifié;Commercial;0.00;0;;;;;;Commercial / Partenaire;2022-03-17;
5916448;69-MACCARY SERVICES-ST LAURENT DE MURE-ALTIZE-202203;closed;Identifié;Commercial;0.00;0;;;;;;Appel entrant / Emailing / Marketing;2022-03-17;
5920053;78-DGB-Versailles-Altize-202203;won;SAV;Commercial;6280.00;100;;;;;;Bouche à oreille / Prescription;2022-03-18;
5921033;75-Omnes Education-Paris-Vitrophanie Quai de Grenelle-202203;closed;Devis froid;Commercial;16627.98;30;;;;;;Appel entrant / Emailing / Marketing;2022-03-18;
5921038;92-Omnes Education-La Defense-Vitrophanie Coeur Defense-202203;closed;Devis froid;Commercial;17302.20;30;;;;;;Appel entrant / Emailing / Marketing;2022-03-18;
5923719;37-Urbain-des-bois-Tours-Palissade Eco-202203;lost;Budget;Commercial;0.00;0;;;;;;Commercial / Partenaire;2022-03-18;
5929187;00-GL EXPERTISES-00-BACHE DECORATIVE-202203;closed;Identifié;Commercial;0.00;0;;;;;;Appel entrant / Emailing / Marketing;2022-03-21;
5930639;60-AFASEC-CHANTILLY-COVERING VAN-202202;closed;Identifié;Commercial;0.00;0;;;;;;Appel entrant / Emailing / Marketing;2022-03-21;
5930697;17-K&B-La Rochelle-Peinture Graffitis-202203;won;Devis froid;Commercial;965.00;30;;;;;;Commercial / Partenaire;2022-03-21;
5934248;75-ADATT-PARIS-CCTP-202203;closed;Identifié;Commercial;0.00;0;;;;;;Appel entrant / Emailing / Marketing;2022-03-21;
5937147;28-CHARTRES AMENAGEMENT-CHARTRES-TOTEM LIZ-202203;lost;Devis froid;Commercial;12770.00;30;;;;;;Appel entrant / Emailing / Marketing;2022-03-22;
5937290;18-CREDIT MUTUEL-BOURGES-POTENCE-202203;lost;Identifié;Commercial;8527.60;0;;;;;;Appel entrant / Emailing / Marketing;2022-03-22;
5937394;75-Promogim-IDF-Cobat-Altize-202203;lost;Budget;Commercial;0.00;0;;;;;;Aucune;2022-03-22;
5937858;75-RATP REAL ESTATE-IDF-Habillage Palissade-202203;lost;Identifié;Commercial;0.00;0;;;;;;Commercial / Partenaire;2022-03-22;
5947991;03-CC Entr allier besbre et loire-dompierre sur besbre-Totem-202203;closed;Identifié;Commercial;0.00;0;;;;;;Appel entrant / Emailing / Marketing;2022-03-23;
5950115;AO-CAPELLI-FRANCE-Altize-202203;lost;Budget;Commercial;0.00;0;;;;;;Appel entrant / Emailing / Marketing;2022-03-24;
5950625;27-VALLOIS-DOUAINS-PALISSADE LED-202203;lost;Devis froid;Commercial;48660.00;30;;;;;;Appel entrant / Emailing / Marketing;2022-03-24;
5951253;CH-57-AFAAP-FRIBOURG-TOTEM-202203;lost;Devis froid;Commercial;7380.00;30;;;;;;Appel entrant / Emailing / Marketing;2022-03-24;
5953054;92-Symtria-Vanves-Altize-202203;lost;Devis froid;Commercial;10480.00;30;;;;;;Appel entrant / Emailing / Marketing;2022-03-24;
5966658;31-K&B-Toulouse-Terre Garonne-Altize-202203;lost;Devis tiède;Commercial;21015.00;60;;;;;;Commercial / Partenaire;2022-03-28;
5971175;92-Erisma-Avenue de la République-Altize-202203;lost;Budget;Commercial;6455.00;0;;;;;;Commercial / Partenaire;2022-03-29;
5971482;06-MARIO STASI-NICE-CLINIQUE GERIATRIQUE-202203;lost;Devis froid;Commercial;1805.00;30;;;;;;Appel entrant / Emailing / Marketing;2022-03-29;
5971678;78-NGE-GUYANCOURT-LIGNE 18 GRAND PARIS EXPRESS-202203;closed;Qualifié;Commercial;0.00;0;;;;;;Appel entrant / Emailing / Marketing;2022-03-29;
5974048;69-Adjectif-Lyon-totem-202203;lost;Devis froid;Commercial;26558.00;30;;;;;;Appel entrant / Emailing / Marketing;2022-03-29;
5974402;75-SPAZIO-PARIS-RUE ST HONORE-202203;won;Devis froid;Commercial;26968.40;30;;;;;;Appel entrant / Emailing / Marketing;2022-03-29;
5975873;91-KLOSTAB-BRIIS SUR FORGE-PALISSADE-202203;lost;Devis froid;Commercial;23325.00;30;;;;;;Appel entrant / Emailing / Marketing;2022-03-30;
5978999;44-LVDH-Nantes-vitrophanie-202203;won;Devis froid;Commercial;883.25;30;;;;;;Client existant;2022-03-30;
5979074;75-RATP REAL ESTATE-IDF-Panneau Dibond-202203;lost;Devis froid;Commercial;3090.00;30;;;;;;Commercial / Partenaire;2022-03-30;
5981772;BE-50-LA RENAISSANCE-NAMUR-TROMPE L OEIL HAUSSMANNIEN-202203;won;Devis froid;Commercial;19990.00;30;;;;;;Appel entrant / Emailing / Marketing;2022-03-31;
5989538;21-ALGECO-ARNAY LE DUC-BARDAGE BOIS-202203;won;Devis tiède;Commercial;9853.67;60;;;;;;Client existant;2022-03-31;
6007041;91-PGD Batiment-Gometz-le-Châtel-Altize-202204;lost;Devis froid;Commercial;10950.00;30;;;;;;Commercial / Partenaire;2022-04-05;
6007942;93-COUGNAUD-SAINT OUEN-PALARIC P.2201251-202203;won;Devis froid;Commercial;1331.35;0;;;;;;Client existant;2022-04-05;
6008113;13-Algeco-Marseille-SAV Prefecture Bouches du Rhone-202204;closed;SAV;Commercial;0.00;100;;;;;;Client existant;2022-04-05;
6012841;75-GROUPE JARDIN-PARIS-HABILLAGE ECHAFAUDAGE-202204;closed;Budget;Commercial;0.00;0;;;;;;Appel entrant / Emailing / Marketing;2022-04-05;
6013573;75-Sice Previt-Paris-YSL Place St Sulpice-202204;closed;Qualifié;Commercial;0.00;0;;;;;;Appel entrant / Emailing / Marketing;2022-04-05;
6014759;91-ALGECO-ORSAY-PARIS SACLAY-202204;won;Devis froid;Commercial;9920.00;30;;;;;;Client existant;2022-04-06;
6019595;69-ALGECO-TASSIN LA DEMI LUNE-STADE SAUZE-202204;lost;Devis froid;Commercial;1340.00;30;;;;;;Client existant;2022-04-06;
6019766;75-Ville Paris-Totem service des sports-202203;closed;Qualifié;Commercial;0.00;0;;;;;;Appel entrant / Emailing / Marketing;2022-04-06;
6025727;78-SUEZ-LE PECQ-HABILLAGE MODULE-202204;closed;Identifié;Commercial;0.00;0;;;;;;Appel entrant / Emailing / Marketing;2022-04-07;
6025959;67-Algeco-Strasbourg-Déco intérieur siège-202203;closed;Qualifié;Commercial;0.00;0;;;;;;Client existant;2022-04-07;
6031763;76-Portakabin-Normandie-Parfum Hermès-202204;lost;Budget;Commercial;32200.00;0;;;;;;Client existant;2022-04-08;
6038076;75-MAXTP-PARIS-BAIE VITREE RUE KLEBER-202204;closed;Identifié;Commercial;0.00;0;;;;;;Appel entrant / Emailing / Marketing;2022-04-11;
6038510;75-AS ONE-PARIS-TOTEM-202204;lost;Devis froid;Commercial;4874.00;30;;;;;;Appel entrant / Emailing / Marketing;2022-04-11;
6040504;50-LE COTENTIN-CHERBOURG EN COTENTIN-STATION INTERMODALE-202204;closed;Identifié;Commercial;0.00;0;;;;;;Appel entrant / Emailing / Marketing;2022-04-11;
6040615;75-AMG-Paris-Saint Laurent Place St Sulpice-202204;lost;Devis froid;Commercial;117740.62;30;;;;;;Appel entrant / Emailing / Marketing;2022-04-11;
6041024;93-TBF-Romainville-Altize-202204;closed;Budget;Commercial;11580.00;0;;;;;;Aucune;2022-04-11;
6045899;33-ALGECO-PIAN SUR GARONNE-MODULIZE-202204;lost;Qualifié;Commercial;8393.68;0;;;;;;Client existant;2022-04-12;
6047355;92-SCCV ASTRE-NANTERRE-CHEMINEMENT-202204;won;Devis chaud;Commercial;134990.00;90;;;;;;Client existant;2022-04-12;
6050022;98-GP CONSTRUCTION-MONACO-PLACE DU PALAIS-202204;closed;Identifié;Commercial;0.00;0;;;;;;Appel entrant / Emailing / Marketing;2022-04-13;
6056063;77-K&B-Le-Châtelet-en-Brie-Altize + Panneaux logo-202204;won;Devis tiède;Commercial;6300.00;60;;;;;;Commercial / Partenaire;2022-04-14;
6056312;75-MAESTRIO-PARIS-BA&SH RUE DES ARCHIVES-202204;closed;Devis froid;Commercial;24509.54;30;;;;;;Appel entrant / Emailing / Marketing;2022-04-14;
6058904;06-AEI Promotion-Grasse-Habillage Palissade-202204;closed;Qualifié;Commercial;0.00;0;;;;;;Commercial / Partenaire;2022-04-14;
6067413;93-Iceberg-Montreuil-Passerelle rue Elsa Triolet-202204;lost;Devis froid;Commercial;30672.72;30;;;;;;Client existant;2022-04-18;
6069554;00-FCZA-00-TOTEM LIZ-202204;closed;Identifié;Commercial;0.00;0;;;;;;Appel entrant / Emailing / Marketing;2022-04-19;
6069629;69-ALGECO-LYON-UNIVERSITE LYON -202204;won;Devis froid;Commercial;1340.00;30;;;;;;Client existant;2022-04-19;
6070665;92-Mairie-Montrouge-Totem-202204;closed;Qualifié;Commercial;3419.26;0;;;;;;Commercial / Partenaire;2022-04-19;
6073175;92-Seqens-Nanterre-Ponant-Levant-Totems-202204;lost;Devis froid;Commercial;4691.64;30;;;;;;Commercial / Partenaire;2022-04-19;
6073188;93-Seqens-Aulnay-sous-bois-Jupiter-Totems-202204;won;Devis tiède;Commercial;3655.00;60;;;;;;Commercial / Partenaire;2022-04-19;
6073218;75-SUNDAYAPP-PARIS-TOTEM HIPPODROME-202204;closed;Qualifié;Commercial;0.00;0;;;;;;Appel entrant / Emailing / Marketing;2022-04-19;
6078302;BE-00-DHERTE-00-ALTIZE-202204;closed;Identifié;Commercial;0.00;0;;;;;;Appel entrant / Emailing / Marketing;2022-04-20;
6078493;78-NOJAC-HOUILLES-TOILE-202204;closed;Identifié;Commercial;12927.00;0;;;;;;Appel entrant / Emailing / Marketing;2022-04-20;
6081272;78-Pierreval-Aubergenville-4x3-202204;won;Devis froid;Commercial;2919.80;30;;;;;;Commercial / Partenaire;2022-04-21;
6081430;44-I COMMUNICATION-NANTES-MODULIZE-202204;closed;Qualifié;Commercial;0.00;0;;;;;;Appel entrant / Emailing / Marketing;2022-04-21;
6081555;75-Arcade-Vyv Promotion-IDF-Altize-202204;closed;Budget;Commercial;37750.00;0;;;;;;Appel entrant / Emailing / Marketing;2022-04-21;
6090993;92-URW-La Défense-Palissade Lightwell-202204;won;Devis froid;Commercial;10937.50;30;;;;;;Client existant;2022-04-22;
6093320;92-Mairie-Levallois-Habillage mairie-202204;closed;Qualifié;Commercial;0.00;0;;;;;;Appel entrant / Emailing / Marketing;2022-04-22;
6098489;75-CE FESTIVAL DE CINEMA-PARIS-TOTEM-202204;lost;Devis froid;Commercial;7308.00;30;;;;;;Appel entrant / Emailing / Marketing;2022-04-25;
6103550;44-ALGECO-LA CHEVROLIERE-SIGNALETIQUE-202204;won;Devis froid;Commercial;1448.06;30;;;;;;Client existant;2022-04-26;
6104942;LU-CREAHAUS-BRAHMS-BACHE-202204;lost;Devis froid;Commercial;39836.60;30;;;;;;Appel entrant / Emailing / Marketing;2022-04-26;
6107060;92-Mairie-Montrouge-Chantier Peri Ginoux Gautier-202204;lost;Devis froid;Commercial;10878.75;30;;;;;;Commercial / Partenaire;2022-04-26;
6112140;13-Algeco-Marseille-Module siège-202204;lost;Devis tiède;Commercial;3740.00;60;;;;;;Client existant;2022-04-27;
6112274;92-Algeco-La Défense-vitre entrée-202204;won;Devis froid;Commercial;580.00;30;;;;;;Client existant;2022-04-27;
6113503;91-Arcade Promotion-Tigery-Altize-202204;cancelled;Budget;Commercial;7095.00;0;;;;;;Commercial / Partenaire;2022-04-27;
6113679;28-P2i-Mainvilliers-Habillage Palissade-202207;lost;Devis froid;Commercial;4492.05;30;;;;;;Commercial / Partenaire;2022-04-27;
6114440;75-Tour Eiffel-Paris-AO Tentes et modules-202204;closed;Identifié;Commercial;0.00;0;;;;;;Bouche à oreille / Prescription;2022-04-27;
6115484;53-ALGECO-MAYENNES-ANTI BLAST-202204;lost;Devis froid;Commercial;1809.00;30;;;;;;Aucune;2022-04-28;
6115554;28-ALGECO-St Lubin des Joncherets-MODULIZE-202204;lost;Devis froid;Commercial;1340.00;30;;;;;;Client existant;2022-04-28;
6121275;92-Iceberg-Issy-Keiko Part 2-202204;lost;Devis froid;Commercial;48680.75;30;;;;;;Client existant;2022-04-29;
6122062;75-Surfaces-Paris-Intervention Reille-202204;lost;Devis tiède;Commercial;1070.00;60;;;;;;Client existant;2022-04-29;
6130347;41-SNB-BLOIS-ALTIZE-202205;lost;Devis froid;Commercial;6165.00;30;;;;;;Appel entrant / Emailing / Marketing;2022-05-02;
6132485;56-Pierreval-Hennebont-Palissade+Altize-202205;won;Devis tiède;Commercial;12135.00;60;;;;;;Commercial / Partenaire;2022-05-02;
6133175;77-BRIE COMTE ROBERT-PEINTISOL-PALISSADE BOIS-202205;closed;Identifié;Commercial;0.00;0;;;;;;Appel entrant / Emailing / Marketing;2022-05-02;
6138689;02-SEDA-CHATEAU THIERRY-BACHE-202205;lost;Devis froid;Commercial;22272.40;30;;;;;;Aucune;2022-05-03;
6139781;75-Vinci-Paris-Maison LVMH Bois de Boulogne-202204;lost;Devis froid;Commercial;149725.00;30;;;;;;Appel entrant / Emailing / Marketing;2022-05-03;
6141301;44-ALGECO-SAINTE LUCE SUR LOIRE-MODULIZE-202205;won;Devis froid;Commercial;2680.00;30;;;;;;Client existant;2022-05-04;
6142691;93-BARY BATIMENT-ALTIZE-202205;lost;Devis froid;Commercial;1500.00;30;;;;;;Appel entrant / Emailing / Marketing;2022-05-04;
6143789;75-STUDIOXAG-PARIS-PALISSADE CIRCULAIRE-202205;lost;Devis froid;Commercial;36170.00;30;;;;;;Appel entrant / Emailing / Marketing;2022-05-04;
6145238;92-VINCI CONSTRUCTION-NANTERRE-TOTEM-202205;lost;Devis froid;Commercial;4476.00;30;;;;;;Aucune;2022-05-04;
6147375;85-MAIRIE-NOIRMOUTIER EN L ILE-TOTEM-202205;closed;Identifié;Commercial;0.00;0;;;;;;Appel entrant / Emailing / Marketing;2022-05-05;
6148128;04-COMMUNAUTE DE COMMUNE SERRE PONCON-CCSPVA-TOTEM-202205;closed;Identifié;Commercial;0.00;0;;;;;;Appel entrant / Emailing / Marketing;2022-05-05;
6148806;95-MAIRIE-ECOUEN-TOTEM-202205;won;Devis tiède;Commercial;8781.40;60;;;;;;Appel entrant / Emailing / Marketing;2022-05-05;
6149792;64-POLYCLINIQUE DE NAVARRE-PAU-BACHE-202205;closed;Identifié;Commercial;0.00;0;;;;;;Appel entrant / Emailing / Marketing;2022-05-05;
6154195;75-Gagneraud-Paris-Travaux GC Transformateur Halles-202205;closed;Budget;Commercial;131890.00;0;;;;;;Appel entrant / Emailing / Marketing;2022-05-06;
6154666;06-Elgea Promotion-Nice-Altize-202205;lost;Devis froid;Commercial;5225.00;30;;;;;;Commercial / Partenaire;2022-05-06;
6163329;08-ALGECO-CHOOZ-MODULIZE-202205;won;Devis froid;Commercial;5360.00;30;;;;;;Client existant;2022-05-09;
6163479;97-MAIRIE-PETIT BOURG-TOTEM-202205;closed;Identifié;Commercial;0.00;0;;;;;;Appel entrant / Emailing / Marketing;2022-05-09;
6163771;93-SAGUEZ & PARTNERS-EPINAY SUR SEINE-PALISSADE-202205;won;Devis tiède;Commercial;55496.00;60;;;;;;Appel entrant / Emailing / Marketing;2022-05-09;
6163919;00-SAPAR SERRURERIE-00-TOILE SUR ECHAFAUDAGE-202205;closed;Identifié;Commercial;0.00;0;;;;;;Appel entrant / Emailing / Marketing;2022-05-09;
6164122;44-MUSÉE-HERBIGNAC-TOTEM-202205;closed;Identifié;Commercial;0.00;0;;;;;;Appel entrant / Emailing / Marketing;2022-05-09;
6164345;44-ALGECO-MONTOIR DE BRETAGNE-ANTIBLAST-202205;closed;Devis chaud;Commercial;4848.00;90;;;;;;Aucune;2022-05-09;
6170376;59-SYLVAGREG-VALENCIENNES-ALTIZE-202205;lost;Devis froid;Commercial;5540.00;30;;;;;;Appel entrant / Emailing / Marketing;2022-05-10;
6180053;75-SAENTYS-PARIS-PALISSADE-202205;lost;Budget;Commercial;100000.00;0;;;;;;Appel entrant / Emailing / Marketing;2022-05-12;
6181435;59-Université-LILLE-TOTEM-202205;closed;Identifié;Commercial;0.00;0;;;;;;Appel entrant / Emailing / Marketing;2022-05-12;
6183152;75-AGENCE APRIM-PARIS-BACHE IMPRIMÉ-202205;lost;Qualifié;Commercial;7400.00;0;;;;;;Appel entrant / Emailing / Marketing;2022-05-12;
6193809;06-DALKIA-NICE-PROMEDADE DES ANGLAIS-202205;lost;Devis froid;Commercial;4615.00;30;;;;;;Aucune;2022-05-16;
6200623;75-ECHAFAUDAGE DE FRANCE-PARIS-2 RUE DU PONT NEUF-202205;closed;Qualifié;Commercial;0.00;0;;;;;;Appel entrant / Emailing / Marketing;2022-05-17;
6200801;07-ALGECO-ANNONAY-MODULIZE-202205;closed;Identifié;Commercial;0.00;0;;;;;;Client existant;2022-05-17;
6200833;69-ICADE-LYON-BACHE-202205;lost;Qualifié;Commercial;0.00;0;;;;;;Client existant;2022-05-17;
6202478;93-Atland-Drancy-Altize-202205;lost;Devis tiède;Commercial;6955.00;60;;;;;;Commercial / Partenaire;2022-05-17;
6202556;78-Altand-Vernouillet-SCCV ATLAND VERNOUILLET TRIEL-Altize-202205;cancelled;Devis tiède;Commercial;6955.00;60;;;;;;Commercial / Partenaire;2022-05-17;
6213249;60-CTD-CREPY EN VALOIS-TOTEM BOIS SCELLE-202205;closed;Qualifié;Commercial;0.00;0;;;;;;Commercial / Partenaire;2022-05-18;
6214488;75-SYSTEP-PARIS-PALISSADE-202205;lost;Devis froid;Commercial;2295.00;30;;;;;;Appel entrant / Emailing / Marketing;2022-05-18;
6219822;13-Nacarat-Marseille-Drapeau-202205;lost;Budget;Commercial;2853.50;0;;;;;;Commercial / Partenaire;2022-05-19;
6222905;75-DEGAINE-PARIS-PALISSADE VARENNES-202205;lost;Devis froid;Commercial;39932.00;30;;;;;;Client existant;2022-05-19;
6244476;91-Pierreval-Paray Vieille Poste-SCCV PARAY 2-Habillage Palissade-202205;won;Devis chaud;Commercial;3925.50;90;;;;;;Client existant;2022-05-24;
6245594;67-DS IMPRESSION-GEUDERTHEIM-TOTEM ROND-202205;lost;Devis froid;Commercial;26880.00;30;;;;;;Appel entrant / Emailing / Marketing;2022-05-24;
6251823;69-MPLUSM-VENISSIEUX-PALISSADE-202205;lost;Devis froid;Commercial;49874.00;30;;;;;;Appel entrant / Emailing / Marketing;2022-05-25;
6251871;75-BOUYGUES-PARIS-PORTE MAILLOT-202205;lost;Devis froid;Commercial;3645.00;30;;;;;;Appel entrant / Emailing / Marketing;2022-05-25;
6252055;44-MAIRIE-ANCENIS-SAINT-GEREON-TOTEM-202205;lost;Qualifié;Commercial;0.00;0;;;;;;Appel entrant / Emailing / Marketing;2022-05-25;
6253583;92-Mixigram-Puteaux-Habillage Palissade-202205;lost;Devis froid;Commercial;2916.00;30;;;;;;Appel entrant / Emailing / Marketing;2022-05-26;
6254622;38-GCI-Grenoble-Palissade Tour Perret-202205;lost;Devis froid;Commercial;61140.42;30;;;;;;Appel entrant / Emailing / Marketing;2022-05-27;
6259235;75-Esprimm-Paris-Bache rue Couche-202205;won;Devis tiède;Commercial;400.00;60;;;;;;Client existant;2022-05-29;
6273231;35-BOUYGUES CONSTRUCTION-RENNES-HOTEL DIEU-202205;lost;Devis froid;Commercial;29986.80;30;;;;;;Appel entrant / Emailing / Marketing;2022-06-01;
6273397;56-Pierreval-Guidel-Habillage Palissade-202206;closed;Devis tiède;Commercial;2340.00;60;;;;;;Commercial / Partenaire;2022-06-01;
6279720;75-AGENCE CALQ-PARIS-PALISSADE-202206;closed;Qualifié;Commercial;0.00;0;;;;;;Appel entrant / Emailing / Marketing;2022-06-02;
6280098;78-HCHEVALIER-RUEIL MALMAISON-PALISSADE-202205;closed;Qualifié;Commercial;0.00;0;;;;;;Appel entrant / Emailing / Marketing;2022-06-02;
6280268;41-REPERE SAUVAGE-XX-TOTEM-202206;closed;Qualifié;Commercial;0.00;0;;;;;;Appel entrant / Emailing / Marketing;2022-06-02;
6283104;92-MPV Groupe-Puteaux-Stockage-202206;lost;Devis froid;Commercial;1765.00;30;;;;;;Bouche à oreille / Prescription;2022-06-02;
6294179;21-Gaudry-Chateauneuf-Mobilize-202206;lost;Devis froid;Commercial;3611.00;30;;;;;;Appel entrant / Emailing / Marketing;2022-06-06;
6299450;94-PORTAKABIN-VITRY SUR SEINE-SANOFI-202206;lost;Devis froid;Commercial;9829.30;30;;;;;;Commercial / Partenaire;2022-06-07;
6318894;94-Mera-Choisy Le Roi-Totem-202206;lost;Devis froid;Commercial;8900.00;30;;;;;;Bouche à oreille / Prescription;2022-06-12;
6320999;94-EJL-VITRY-PALISSADE-202206;cancelled;Qualifié;Commercial;0.00;0;;;;;;Appel entrant / Emailing / Marketing;2022-06-13;
6321181;33-MAIRIE-VILLENAVE D ORNON-TOTEM-202206;lost;Qualifié;Commercial;0.00;0;;;;;;Appel entrant / Emailing / Marketing;2022-06-13;
6321267;59-MAIRIE-MAUBEUGE-TOTEM-202206;lost;Identifié;Commercial;0.00;0;;;;;;Appel entrant / Emailing / Marketing;2022-06-13;
6328597;75-VILLA EUGENIE-PARIS-ECOLE MILITAIRE BACHE NOIRE-202206;won;Devis chaud;Commercial;10753.75;90;;;;;;Appel entrant / Emailing / Marketing;2022-06-14;
6331413;83-ALGECO-ST TROPEZ-ROUTE TAHITI-202206;won;Devis froid;Commercial;3620.00;30;;;;;;Client existant;2022-06-14;
6331484;91-ALGECO-EVRY-CHARTE EIFFAGE-202206;lost;Devis froid;Commercial;1874.50;30;;;;;;Client existant;2022-06-14;
6332868;FR-CARMEN IMMOBILIER-FR-COMMUNICATION PROMOTEUR-202206;closed;Qualifié;Commercial;0.00;0;;;;;;Appel entrant / Emailing / Marketing;2022-06-15;
6334266;33-LCP RENOVATIONS-BEGLES-PALISSADE-202206;closed;Identifié;Commercial;10118.50;0;;;;;;Appel entrant / Emailing / Marketing;2022-06-15;
6339607;78-H CHEVALIER-VERSAILLES-RUE DE L INDEPENDANCE AMERICAINE-202206;closed;Qualifié;Commercial;0.00;0;;;;;;Appel entrant / Emailing / Marketing;2022-06-16;
6339993;60-KEVIN CONSTRUCTION-CREIL-ALTIZE-202206;lost;Devis froid;Commercial;5590.00;30;;;;;;Appel entrant / Emailing / Marketing;2022-06-16;
6341404;69-INSTITUT LUMIERE-LYON-COMMUNICATION FESTIVAL-202206;lost;Qualifié;Commercial;0.00;0;;;;;;Appel entrant / Emailing / Marketing;2022-06-16;
6343754;75-JBR-Paris-Toile sur echafaudage-202206;closed;Devis froid;Commercial;1955.40;30;;;;;;Commercial / Partenaire;2022-06-16;
6348241;21-Promogim Chevigny-Altize-202206;cancelled;Devis froid;Commercial;5225.00;30;;;;;;Commercial / Partenaire;2022-06-17;
6351032;59-ATRI-inconnu-Habillage Echafaudage Centre Minier-202206;closed;Budget;Commercial;0.00;0;;;;;;Appel entrant / Emailing / Marketing;2022-06-19;
6355081;BE-1-BRUSSELS MAJOR EVENTS-BRUSSELS-TOTEM-202206;won;Devis chaud;Commercial;31075.00;90;;;;;;Appel entrant / Emailing / Marketing;2022-06-20;
6358665;45-Pierreval-Saint-Jean-de-Braye-4X3-202206;won;Devis froid;Commercial;3330.00;30;;;;;;Commercial / Partenaire;2022-06-21;
6362910;75-APTITUDE EXPERTS-PARIS-MOBILIZE QUAI GRENELLE-202206;lost;Devis froid;Commercial;86905.60;30;;;;;;Appel entrant / Emailing / Marketing;2022-06-21;
6369491;75-HOTEL PLAZA ATHENEE-PARIS-NOEUD GEANT-202206;closed;Budget;Commercial;70900.00;0;;;;;;Appel entrant / Emailing / Marketing;2022-06-22;
6371206;69-Nacarat-Craponne-SCCV Craponne 42 Millaud-Altize-202206;lost;Devis froid;Commercial;4225.00;30;;;;;;Commercial / Partenaire;2022-06-23;
6373726;16-ATELIERS DE FRANCE-COGNAC-PALISSADE-202206;won;Devis tiède;Commercial;18258.20;60;;;;;;Appel entrant / Emailing / Marketing;2022-06-23;
6397446;32-Vibes Architects-Lannepax-Bâche échafaudage-202206;won;Devis chaud;Commercial;33964.80;90;;;;;;Appel entrant / Emailing / Marketing;2022-06-28;
6397607;33-Point P-Merignac-Habillage centrale à béton-202206;closed;Devis froid;Commercial;73156.74;30;;;;;;Appel entrant / Emailing / Marketing;2022-06-28;
6397652;44-Groupe BAM-Nantes-Altize-202206;lost;Devis froid;Commercial;5690.00;30;;;;;;Aucune;2022-06-28;
6402771;91-Sefi Intrafor-Grigny-Habillage Centrale-202206;closed;Budget;Commercial;0.00;0;;;;;;Appel entrant / Emailing / Marketing;2022-06-29;
6408570;83-Stratis-Toulon-Signaletique Centre Ville-202206;closed;Devis froid;Commercial;11533.00;30;;;;;;Appel entrant / Emailing / Marketing;2022-06-30;
6417401;78-Pierreval-Issou-Panneau chantier-202207;lost;Devis froid;Commercial;728.48;30;;;;;;Commercial / Partenaire;2022-07-01;
6417710;07-Algeco-Davezieux-Annonay Rhone Agglo-202207;won;Devis chaud;Commercial;1130.00;90;;;;;;Client existant;2022-07-01;
6422218;06-SADE-Nice-Plots béton-202207;lost;Devis froid;Commercial;11850.00;30;;;;;;Client existant;2022-07-01;
6433697;94-SICOM-Ivry sur Seine-Plot béton-202207;lost;Devis froid;Commercial;6960.00;30;;;;;;Client existant;2022-07-04;
6440917;93-Avelis Industrie-Aulnay-sous-Bois-Gare-202206;lost;Devis froid;Commercial;20216.00;30;;;;;;Commercial / Partenaire;2022-07-04;
6445359;14-Algeco-Bourguebus-Teillage Vandecandelaere-202207;won;Devis froid;Commercial;2540.00;30;;;;;;Client existant;2022-07-05;
6446576;91-Algeco-Limours-Modulize-202206;won;Devis froid;Commercial;3620.00;30;;;;;;Client existant;2022-07-06;
6456346;77-Aximum-Meaux-Parking hopital-202207;lost;Devis froid;Commercial;12870.00;30;;;;;;Commercial / Partenaire;2022-07-06;
6457828;76-Aximum-Bois-Guillaume-Clinique saint Antoine-202207;lost;Devis froid;Commercial;13320.00;30;;;;;;Client existant;2022-07-07;
6480093;77-Algeco-Serris-Cage Escalier-202207;lost;Devis froid;Commercial;5566.50;30;;;;;;Client existant;2022-07-11;
6500789;94-Pierreval-Alfortville-Habillage Palissade-202207;won;Qualifié;Commercial;10040.00;0;;;;;;Client existant;2022-07-13;
6501095;77-SDEL-Chessy-Chantier Disney-202207;won;Devis chaud;Commercial;3015.00;90;;;;;;Commercial / Partenaire;2022-07-13;
6501729;94-Propose-St Maure des Fossés-avenue Guynemer-202207;won;Devis froid;Commercial;1360.00;30;;;;;;Commercial / Partenaire;2022-07-13;
6522608;13-ETF-Marseille-Tram Branchement base vie-202207;closed;Qualifié;Commercial;4275.00;0;;;;;;Commercial / Partenaire;2022-07-18;
6522680;20-Englobe-Lucciana-site EDF-202207;lost;Devis froid;Commercial;46418.99;30;;;;;;Commercial / Partenaire;2022-07-18;
6531215;27-Algeco-Alizay-Modulize Westinghouse-202207;won;Devis tiède;Commercial;4060.00;60;;;;;;Client existant;2022-07-19;
6537531;91-SDEL-Viry Chatillon-Poteaux-202207;won;Devis froid;Commercial;3455.00;30;;;;;;Client existant;2022-07-20;
6539197;CH-Hotel Metropole-Geneve-Habillage facade-202207;lost;Qualifié;Commercial;0.00;0;;;;;;Appel entrant / Emailing / Marketing;2022-07-20;
6542080;59-Sofim Promotion-Dunkerque-Habillage Facade-202207;lost;Devis froid;Commercial;40580.00;30;;;;;;Appel entrant / Emailing / Marketing;2022-07-21;
6545924;36-OZ&WEB-Chateauroux-Totem-202207;lost;Devis froid;Commercial;5250.00;30;;;;;;Appel entrant / Emailing / Marketing;2022-07-21;
6546295;75-Rougier et Plé-Paris-Démontage Structure-202207;closed;Qualifié;Commercial;0.00;0;;;;;;Client existant;2022-07-21;
6548077;69-Carré d'or-Lyon 8-Habillage palissade-202206;lost;Devis froid;Commercial;84845.84;30;;;;;;Appel entrant / Emailing / Marketing;2022-07-22;
6562300;13-ETF-Marseille-Tram Installation base vie-202207;won;Devis chaud;Commercial;13175.89;90;;;;;;Commercial / Partenaire;2022-07-25;
6562538;13-ETF-Marseille-Tram Signaletique base vie-202207;lost;Devis chaud;Commercial;1607.50;90;;;;;;Client existant;2022-07-25;
6573838;77-SDEL-VIRY-CHATILLON-PLOT + POTEAUX-202207;lost;Budget;Commercial;19710.00;0;;;;;;Commercial / Partenaire;2022-07-27;
6574458;93-Ville de Pantin-Habillage-Habille façade-202207;closed;Qualifié;Commercial;0.00;0;;;;;;Appel entrant / Emailing / Marketing;2022-07-27;
6578338;77-LTE Construction-Chessy-Altize-202207;won;Devis tiède;Commercial;7177.74;60;;;;;;Appel entrant / Emailing / Marketing;2022-07-27;
6578793;33-GCC-Bordeaux-Altize-202207;lost;Budget;Commercial;0.00;0;;;;;;Appel entrant / Emailing / Marketing;2022-07-27;
6585503;75-France Espace-Paris-Habillage Coffrage-202207;closed;Devis froid;Commercial;1530.00;30;;;;;;Appel entrant / Emailing / Marketing;2022-07-28;
6585658;69-Optimum Lotissement-Belleville-Altize-202207;lost;Budget;Commercial;0.00;0;;;;;;Commercial / Partenaire;2022-07-28;
6585721;94-Mairie de Bonneuil-Totems-202207;lost;Devis froid;Commercial;7360.00;30;;;;;;Appel entrant / Emailing / Marketing;2022-07-28;
6585972;34-Graffitex-Lattes-Altize-202207;lost;Budget;Commercial;0.00;0;;;;;;Appel entrant / Emailing / Marketing;2022-07-28;
6586247;92-Atelier Chevalier-Saint Cloud-Habillage Palissade-202207;lost;Devis froid;Commercial;23736.80;30;;;;;;Appel entrant / Emailing / Marketing;2022-07-28;
6588859;83-Mairie de Tourrettes-Habillage Facade-202207;lost;Devis froid;Commercial;10690.10;30;;;;;;Appel entrant / Emailing / Marketing;2022-07-29;
6589143;89-Module Concept-Gron-Habillage Module-202207;lost;Devis froid;Commercial;6960.00;30;;;;;;Appel entrant / Emailing / Marketing;2022-07-29;
6589413;92-Algeco-Prototype Boxy-Vitrophanie-202207;lost;Qualifié;Commercial;4752.50;0;;;;;;Appel entrant / Emailing / Marketing;2022-07-29;
6601544;93-Parinet-Saint Ouen-Bâche imprimée-202207;lost;Devis froid;Commercial;632.50;30;;;;;;Appel entrant / Emailing / Marketing;2022-08-01;
6601722;75-NOVE-Paris-Habillage Chantier-202208;closed;Qualifié;Commercial;0.00;0;;;;;;Appel entrant / Emailing / Marketing;2022-08-01;
6608447;78-CHI Poissy-Poissy-Totems-202208;lost;Devis froid;Commercial;16525.00;30;;;;;;Appel entrant / Emailing / Marketing;2022-08-02;
6608563;34-Urbasolar-Montpellier-Totem-202208;lost;Devis froid;Commercial;0.00;30;;;;;;Appel entrant / Emailing / Marketing;2022-08-02;
6611923;92-SIGNATURE-BAGNEUX-Massif Béton-202208;lost;Identifié;Commercial;6486.00;0;;;;;;Client existant;2022-08-03;
6616512;44-Algeco-Nantes-Bâche décorative-202207;lost;Devis froid;Commercial;6030.00;30;;;;;;Appel entrant / Emailing / Marketing;2022-08-04;
6619366;49-Mills-Angers-Palissade Bois-202207;lost;Budget;Commercial;19960.00;0;;;;;;Appel entrant / Emailing / Marketing;2022-08-04;
6632228;75-Bathyscaphe-Paris-Totems-202208;lost;Budget;Commercial;0.00;0;;;;;;Appel entrant / Emailing / Marketing;2022-08-08;
6638697;44-Ecov-Nantes-Coffrage plots bétons-202208;closed;Qualifié;Commercial;1720.00;0;;;;;;Appel entrant / Emailing / Marketing;2022-08-09;
6638790;80-Algeco-Meaulte-Airbus-202208;lost;Devis froid;Commercial;3961.36;30;;;;;;Appel entrant / Emailing / Marketing;2022-08-09;
6645384;976-Deep Blue Exploration-Mayotte-Totems LIZ-202208;lost;Qualifié;Commercial;17500.00;0;;;;;;Appel entrant / Emailing / Marketing;2022-08-10;
6645582;94-G&D Concept-Ivry S/seine-Altize-202208;lost;Qualifié;Commercial;0.00;0;;;;;;Appel entrant / Emailing / Marketing;2022-08-10;
6653403;64-Commune de Pau-Pau-Totem Caisson bois-202208;lost;Budget;Commercial;0.00;0;;;;;;Appel entrant / Emailing / Marketing;2022-08-12;
6663100;75-Eiffage-Paris-Palissade végétale-202208;lost;Devis tiède;Commercial;23790.00;60;;;;;;Appel entrant / Emailing / Marketing;2022-08-16;
6667552;64-Agglo Pau-Pau-Totem-202208;lost;Qualifié;Commercial;0.00;0;;;;;;Appel entrant / Emailing / Marketing;2022-08-17;
6667645;02-Estampe Signalétique-Soissons-totem-202208;lost;Qualifié;Commercial;0.00;0;;;;;;Appel entrant / Emailing / Marketing;2022-08-17;
6675404;56-Pierreval-Etel-Palissade-202208;won;Devis froid;Commercial;3428.75;30;;;;;;Commercial / Partenaire;2022-08-19;
6676129;51-Fayat-Reims-Toile Echafaudage-202208;won;Devis froid;Commercial;1930.00;30;;;;;;Appel entrant / Emailing / Marketing;2022-08-19;
6691451;75-EAS Services-Paris-Palissade-202208;lost;Devis froid;Commercial;101050.80;30;;;;;;Appel entrant / Emailing / Marketing;2022-08-22;
6700172;92-ERT Construction-RUEIL-B103 Blocs-202208;won;Devis froid;Commercial;13393.46;30;;;;;;Appel entrant / Emailing / Marketing;2022-08-24;
6700595;92-ERT Construction-RUEIL-B103 Caisson-202208;lost;Budget;Commercial;2425.00;0;;;;;;Appel entrant / Emailing / Marketing;2022-08-24;
6701262;76-AXIMUM-BIHOREL-MS2 MS1-202208;lost;Devis froid;Commercial;2101.88;30;;;;;;Commercial / Partenaire;2022-08-24;
6703701;27-Algeco-Alizay-Modulize-202208;won;Devis tiède;Commercial;2870.00;60;;;;;;Client existant;2022-08-24;
6712477;91-SDEL-BRETIGNY-ZAC BOIS BADOUX-22208;won;Devis froid;Commercial;4275.30;30;;;;;;Client existant;2022-08-26;
6722029;76-AXIMUM-BIHOREL-MS1 MS2-202208;lost;Devis froid;Commercial;2167.80;30;;;;;;Client existant;2022-08-29;
6722383;31-Premium Promotion-Toulouse-Palissade-202208;won;Devis froid;Commercial;9246.10;30;;;;;;Commercial / Partenaire;2022-08-29;
6725817;92-ERT Construction-Rueil Malmaison B103-Altize-202208;cancelled;Qualifié;Commercial;5607.20;0;;;;;;Commercial / Partenaire;2022-08-29;
6727445;76-Algeco-Rouen-Modulize-202208;closed;Qualifié;Commercial;0.00;0;;;;;;Appel entrant / Emailing / Marketing;2022-08-30;
6730268;75-EJL-Paris-Palissade Structure-202208;lost;Qualifié;Commercial;193363.73;0;;;;;;Commercial / Partenaire;2022-08-30;
6737870;92-Algeco-Neuilly S/Seine-Phibor-202208;won;Devis froid;Commercial;7310.00;30;;;;;;Client existant;2022-08-31;
6738418;92-MATHIS CONSTRUCTION BOIS-NANTERRE-HABILLAGE MODULE-202202;won;Devis froid;Commercial;6305.00;30;;;;;;Client existant;2022-08-31;
6744379;93-Mairie-Livry Gargan-Modulize-202208;lost;Devis froid;Commercial;5630.00;30;;;;;;Client existant;2022-09-01;
6744470;69-Promogim-Tassin la demi-lune-Altize-202209;lost;Devis tiède;Commercial;5100.00;60;;;;;;Aucune;2022-09-01;
6744748;59-EiffageC-France-Habillage Palissade recrutement-202209;won;Devis froid;Commercial;2320.00;30;;;;;;Commercial / Partenaire;2022-09-01;
6744974;94-Hopital Saint Camille-Bry-sur-Marne-Habillage Mur-202209;won;Devis froid;Commercial;5838.30;30;;;;;;Bouche à oreille / Prescription;2022-09-01;
6749010;56-Canevet-Arzon-Totem-202209;lost;Devis froid;Commercial;18660.00;30;;;;;;Appel entrant / Emailing / Marketing;2022-09-02;
6762637;77-Mairie-Bussy St Georges-Totem-202209;won;Devis froid;Commercial;10560.00;30;;;;;;Appel entrant / Emailing / Marketing;2022-09-05;
6767874;94-Algeco-Villeneuve Saint Georges-Habillage Module-202209;closed;Devis froid;Commercial;7380.00;30;;;;;;Client existant;2022-09-06;
6781687;22-Pierreval-Ploubazlanec-Panneau Chantier-202209;closed;Devis froid;Commercial;3330.00;30;;;;;;Client existant;2022-09-08;
6785078;91-Club Photo-Brunoy-Expo photo-202209;closed;Qualifié;Commercial;0.00;0;;;;;;Appel entrant / Emailing / Marketing;2022-09-08;
6811224;95-DHL-Roissy-Signaletique Entrepot-202209;closed;Qualifié;Commercial;0.00;0;;;;;;Appel entrant / Emailing / Marketing;2022-09-13;
6819291;75-MIMA-Paris-Habillage Palissade-202209;lost;Devis froid;Commercial;6123.60;30;;;;;;Appel entrant / Emailing / Marketing;2022-09-14;
6824552;14-Pierreval-Cormeilles-le-Royal-Palissade-202209;lost;Budget;Commercial;4875.00;0;;;;;;Commercial / Partenaire;2022-09-15;
6824647;94-Pierreval-L'Haÿ-les-Roses-Palissade-202209;won;Devis froid;Commercial;6680.00;30;;;;;;Commercial / Partenaire;2022-09-15;
6824724;44-Pierreval-Saint Herblain-Palissade-202209;won;Devis tiède;Commercial;4705.00;60;;;;;;Commercial / Partenaire;2022-09-15;
6825296;91-Promogim-Juvisy-Altize-202209;won;Budget;Commercial;5144.20;0;;;;;;Commercial / Partenaire;2022-09-15;
6825428;31-Premium Promotion-Toulouse-Habillage Palissade-202209;lost;Devis froid;Commercial;4814.25;30;;;;;;Aucune;2022-09-15;
6825440;92-Premium Promotion-Malakoff-Habillage Palissade-202209;lost;Devis froid;Commercial;0.00;30;;;;;;Commercial / Partenaire;2022-09-15;
6825448;31-Premium Promotion-Toulouse-Palissade design-202209;lost;Identifié;Commercial;0.00;0;;;;;;Aucune;2022-09-15;
6825640;77-K&B-Savigny-le-Temple-Habillage Chantier-202209;lost;Qualifié;Commercial;0.00;0;;;;;;Aucune;2022-09-15;
6828846;92-Atland-Plessis-Robinsson-Altize-202209;lost;Budget;Commercial;5025.00;0;;;;;;Commercial / Partenaire;2022-09-15;
6832283;91-Promogim-Lisses-Altize-202209;closed;Devis tiède;Commercial;0.00;60;;;;;;Appel entrant / Emailing / Marketing;2022-09-16;
6832525;59-Yes Sign-Valenciennes-Palissade Chantier-202209;closed;Qualifié;Commercial;0.00;0;;;;;;Appel entrant / Emailing / Marketing;2022-09-16;
6832611;91-Ezo-Bat-Altize-202209;lost;Qualifié;Commercial;6090.00;0;;;;;;Appel entrant / Emailing / Marketing;2022-09-16;
6835577;98-Dito-Monaco-Totem-202209;lost;Devis froid;Commercial;7654.00;30;;;;;;Appel entrant / Emailing / Marketing;2022-09-16;
6836498;94-Mairie-Ivry s/ Seine-Totem intérieur-202209;closed;Qualifié;Commercial;0.00;0;;;;;;Appel entrant / Emailing / Marketing;2022-09-16;
6844533;92-Oswald Orb-Clichy-Totem-202209;lost;Devis froid;Commercial;58987.00;30;;;;;;Appel entrant / Emailing / Marketing;2022-09-19;
6849512;13-ETF-MARSEILLE-Alimentation base  vie-202209;won;Devis froid;Commercial;12152.00;30;;;;;;Commercial / Partenaire;2022-09-19;
6853221;27-Algeco-Verneuil sur Avre-Center Parc-202209;won;Devis froid;Commercial;5600.00;30;;;;;;Client existant;2022-09-20;
6859674;57-Multiprint-Audun le Tiche-Totem-202209;lost;Devis froid;Commercial;12820.00;30;;;;;;Appel entrant / Emailing / Marketing;2022-09-20;
6866202;64-Mairie-Oloron Ste Marie-Totem-202209;lost;Devis froid;Commercial;7510.00;30;;;;;;Appel entrant / Emailing / Marketing;2022-09-21;
6872518;94-Eiffage-L hays les roses-dépose et valorisation blocs béton 202209;lost;Devis froid;Commercial;1100.00;30;;;;;;Client existant;2022-09-22;
6873046;75-Eccodec-Paris- Eiffage Palais de Chaillot-Curage-202209;lost;Identifié;Commercial;0.00;0;;;;;;Commercial / Partenaire;2022-09-22;
6873325;93-SOLIDEO-Saint Ouen-Clusters des Médias Gymnase Pablo Néruda-202209;lost;Budget;Commercial;0.00;0;;;;;;Commercial / Partenaire;2022-09-22;
6873808;54-Nancy-Ludres-Commissionnement-Fourniture Cabax-202209;cancelled;Identifié;Commercial;0.00;0;;;;;;Commercial / Partenaire;2022-09-22;
6874057;54-Madeic Elec-Nancy-AA Fourniture-202209;lost;Identifié;Commercial;0.00;0;;;;;;Commercial / Partenaire;2022-09-22;
6877050;77-Module Concept-Magny-le-Hongre-Habillage Module-202209;lost;Devis froid;Commercial;5490.00;30;;;;;;Commercial / Partenaire;2022-09-23;
6878024;35-IDEC-Saint-Malo-Vitrophanie-202209;lost;Devis froid;Commercial;4917.60;30;;;;;;Commercial / Partenaire;2022-09-23;
6879363;FR-Pierreval-Signalétique Agence-202209;closed;Budget;Commercial;0.00;0;;;;;;Commercial / Partenaire;2022-09-23;
6880874;94-RATP REAL ESTATE-Fontenay-s/bois-Signalétique-202209;won;Identifié;Commercial;890.42;0;;;;;;Aucune;2022-09-23;
6883393;75-Paris-Promogim-Altize-202209;closed;Budget;Commercial;0.00;0;;;;;;Commercial / Partenaire;2022-09-23;
6897425;75-Eiffage-Paris-Bâches Module-202209;lost;Devis froid;Commercial;3670.00;30;;;;;;Aucune;2022-09-26;
6898054;75-OGIC-Paris-Altize-202209;closed;Budget;Commercial;0.00;0;;;;;;Aucune;2022-09-26;
6910682;03-Bosch-Auvergne-Palissade mobile-202209;lost;Devis froid;Commercial;24980.94;30;;;;;;Appel entrant / Emailing / Marketing;2022-09-28;
6911316;86-Pierreval-Poitiers-Habillage Chantier-202209;won;Devis froid;Commercial;3737.00;30;;;;;;Commercial / Partenaire;2022-09-28;
6912324;78-TUBESCA COMABI-VERSAILLES-Palissades bois et Installation-202209;cancelled;Devis froid;Commercial;4140.00;30;;;;;;Appel entrant / Emailing / Marketing;2022-09-28;
6929745;45-Mairie-Orléans-Totem-202209;won;Devis chaud;Commercial;24887.04;90;;;;;;Appel entrant / Emailing / Marketing;2022-09-30;
6932953;68-GOUNOT-Mulhouse-Blocs-202209;closed;Devis froid;Commercial;10180.00;30;;;;;;Commercial / Partenaire;2022-10-01;
6936401;93-Mathis construction-Courneuve-Bache imprimée-202209;lost;Devis froid;Commercial;2590.00;30;;;;;;Client existant;2022-10-02;
6953279;75-RATP REAL ESTATE-Paris-Habillage Palissade-202210;won;Devis froid;Commercial;3520.00;30;;;;;;Commercial / Partenaire;2022-10-04;
6958525;51-Coriance-Champigny-Panneau de chantier-202210;lost;Devis froid;Commercial;906.25;30;;;;;;Commercial / Partenaire;2022-10-04;
6965135;92-ERT-Construction-Rueil-Malmaison-Signal-AIDF-202209;won;Identifié;Commercial;4086.00;0;;;;;;Commercial / Partenaire;2022-10-05;
6972813;74-MVMZ-La Clusaz-Totem-202210;closed;Budget;Commercial;0.00;0;;;;;;Appel entrant / Emailing / Marketing;2022-10-06;
6978458;77-Marne et Gondoire-Lagny-Exposition-202210;lost;Devis froid;Commercial;24630.00;30;;;;;;Appel entrant / Emailing / Marketing;2022-10-06;
7006950;62-Jarbeau-Loos-en-Gohelle-Palissade Cimetiere-202210;closed;Devis froid;Commercial;43102.50;30;;;;;;Appel entrant / Emailing / Marketing;2022-10-11;
7020950;92-Mairie-Villeneuve La Garenne-Totem-202210;closed;Qualifié;Commercial;0.00;0;;;;;;Appel entrant / Emailing / Marketing;2022-10-12;
7026971;83-Neotravaux-St Tropez-St Laurent-202210;closed;Identifié;Commercial;0.00;0;;;;;;Appel entrant / Emailing / Marketing;2022-10-13;
7026975;83-Neotravaux-St Tropez-Bottega Veneta-202210;closed;Identifié;Commercial;0.00;0;;;;;;Aucune;2022-10-13;
7036431;44-Pierreval-Guerande-Palissade-202210;lost;Devis froid;Commercial;4705.00;30;;;;;;Commercial / Partenaire;2022-10-14;
7037184;FR-Woodeum-IDF-Altize-202210;cancelled;Devis froid;Commercial;4025.00;30;;;;;;Commercial / Partenaire;2022-10-14;
7038600;77-Pierreval-Le-Mée-sur-Seine-Habillage chantier-202210;lost;Devis chaud;Commercial;4402.50;90;;;;;;Commercial / Partenaire;2022-10-14;
7056300;95-Algeco-Saint Ouen-Habillage Module-202210;won;Devis froid;Commercial;7975.75;30;;;;;;Appel entrant / Emailing / Marketing;2022-10-18;
7060172;14-Deco Pub-Calvados-Totem-202210;closed;Qualifié;Commercial;0.00;0;;;;;;Appel entrant / Emailing / Marketing;2022-10-18;
7063858;91-Algeco-Champlan-Habillage Cache-202210;won;Devis froid;Commercial;693.00;30;;;;;;Client existant;2022-10-18;
7065202;92-ERT-Construction-Fontenay-aux-Roses-A104-Caisson-202210;lost;Identifié;Commercial;7519.70;0;;;;;;Aucune;2022-10-18;
7070385;95-CITEOS-GOUSSAINVILLE-Plots Stab-202210;won;Devis chaud;Commercial;888.00;90;;;;;;Client existant;2022-10-19;
7071206;13-Algeco-Marseille-Itesa-202210;lost;Devis froid;Commercial;1236.40;30;;;;;;Client existant;2022-10-19;
7073212;33-Nomads Surfing-Bordeaux-Totem-202210;lost;Devis froid;Commercial;12950.00;30;;;;;;Appel entrant / Emailing / Marketing;2022-10-19;
7103007;77-FFCK-Vaires s/Marne-Habillage palissade-202210;closed;Budget;Commercial;0.00;0;;;;;;Appel entrant / Emailing / Marketing;2022-10-24;
7103291;CH-G&A Total Contract-Surville-Altize-202210;closed;Budget;Commercial;0.00;0;;;;;;Appel entrant / Emailing / Marketing;2022-10-24;
7107288;13-EIFFAGE ENERGIE-Vitrolles-Etriers-202210;lost;Devis froid;Commercial;4180.00;30;;;;;;Commercial / Partenaire;2022-10-25;
7110494;91-SDEL-CITEOS-Viry Chatillon-Massifs Stabilize-202210;won;Devis chaud;Commercial;4139.02;90;;;;;;Client existant;2022-10-25;
7123997;91-Pierreval-Etrechy-4x3-202210;won;Devis froid;Commercial;3103.00;30;;;;;;Client existant;2022-10-27;
7124130;28-Pierreval-Auneau-Bleury-Saint-Symphorien-4x3-202210;won;Devis froid;Commercial;3103.00;30;;;;;;Commercial / Partenaire;2022-10-27;
7130947;92-CITEOS_COGELUM-Gennevilliers-Stabilize+Luminaires-202210;cancelled;Budget;Commercial;2132.00;0;;;;;;Commercial / Partenaire;2022-10-28;
7132686;76-Algeco-Rouen-lycée Corneille-202210;closed;Devis froid;Commercial;3286.00;30;;;;;;Client existant;2022-10-28;
7146612;75-FADS-Paris-Palissade Grenelle-202210;lost;Devis froid;Commercial;41053.03;30;;;;;;Bouche à oreille / Prescription;2022-10-31;
7152465;75-Groupe A2S-Paris 8-Habillage façade + bungalows-202211;lost;Devis froid;Commercial;15335.28;30;;;;;;Appel entrant / Emailing / Marketing;2022-11-02;
7155343;91-CABAX-Goussainville-Stabilize Citeos-202211;won;Devis chaud;Commercial;3290.00;90;;;;;;Client existant;2022-11-02;
7156068;FR-Celdom-FR-Contribution Commercialisation-202210;won;Devis froid;Commercial;3000.00;30;;;;;;Bouche à oreille / Prescription;2022-11-02;
7161509;94-MKO-Perreux S/Marne-Altize-202211;closed;Budget;Commercial;0.00;0;;;;;;Appel entrant / Emailing / Marketing;2022-11-03;
7161630;CH-Duplirex-Givisiez-Toile sur facade-202211;closed;Devis froid;Commercial;13975.20;30;;;;;;Appel entrant / Emailing / Marketing;2022-11-03;
7166020;77-OBM-Construction-Charny-Panneaux+Algeco+drapeau-202211;lost;Devis froid;Commercial;9491.00;30;;;;;;Aucune;2022-11-03;
7166855;45-OBM-Construction-IUT Orleans-Panneau+Palissade-202211;lost;Devis froid;Commercial;6125.00;30;;;;;;Appel entrant / Emailing / Marketing;2022-11-03;
7166922;75-Idee Fixe-Paris-Totem-202211;lost;Devis froid;Commercial;5375.00;30;;;;;;Appel entrant / Emailing / Marketing;2022-11-03;
7193876;75-Cougnaud-Paris 8-Habillage Module-202211;lost;Devis froid;Commercial;24760.00;30;;;;;;Appel entrant / Emailing / Marketing;2022-11-08;
7201877;76-Aximum-Saint Victor le Grand-Stabilize-202211;cancelled;Devis froid;Commercial;2146.00;30;;;;;;Commercial / Partenaire;2022-11-09;
7202232;91-Signature-Stabilize-Massifs Armoire Electrique-202211;lost;Budget;Commercial;8133.33;0;;;;;;Commercial / Partenaire;2022-11-09;
7207623;45-EIFFAGE ENERGIES-SYSTEMES-CTRE LOIRE-EP Provisoires-Stabilize-202211;lost;Budget;Commercial;2625.00;0;;;;;;Commercial / Partenaire;2022-11-10;
7208603;CH-Claude Balamat-Romont-Palissade Design-202211;closed;Qualifié;Commercial;0.00;0;;;;;;Commercial / Partenaire;2022-11-10;
7224314;77-Algeco-Sevron-Adhésif-202211;won;Devis froid;Commercial;315.00;30;;;;;;Client existant;2022-11-14;
7229287;44-Pierreval-Donges-Habillage Palissade-202211;won;Devis chaud;Commercial;4705.00;90;;;;;;Commercial / Partenaire;2022-11-15;
7229649;91-K&B-Epinay s/Orge-Altize-202211;won;Devis tiède;Commercial;7505.00;60;;;;;;Commercial / Partenaire;2022-11-15;
7243422;75-Edile Construction-Paris-Palais Royal-202211;lost;Devis froid;Commercial;29092.80;30;;;;;;Aucune;2022-11-17;
7252194;93-Bary Batiment-Bondy-Altize-202211;lost;Devis froid;Commercial;6145.00;30;;;;;;Appel entrant / Emailing / Marketing;2022-11-18;
7253310;95-MAIRIE-ECOUEN-TOTEM-202211;lost;Devis froid;Commercial;15474.50;30;;;;;;Client existant;2022-11-18;
7253551;92-Mairie-Montrouge-Habillage Palissade-202211;lost;Devis froid;Commercial;19477.73;30;;;;;;Commercial / Partenaire;2022-11-18;
7269875;94-Coriance-Noisy-le-Grand-Bâche-202211;closed;Budget;Commercial;2322.80;0;;;;;;Commercial / Partenaire;2022-11-22;
7276977;75-Extreme-Paris-Habillage Tour Crystal-202211;closed;Budget;Commercial;0.00;0;;;;;;Commercial / Partenaire;2022-11-23;
7280254;94-Algeco-Vitry sur Seine-Bandeau Eiffage-202211;lost;Devis froid;Commercial;1965.55;30;;;;;;Client existant;2022-11-23;
7282319;BE-MMUS-Bruxelles-Totem-202211;closed;Qualifié;Commercial;605.00;0;;;;;;Appel entrant / Emailing / Marketing;2022-11-23;
7283879;CH-Steiner-Suisse-Communication de chantier-202211;closed;Qualifié;Commercial;0.00;0;;;;;;Appel entrant / Emailing / Marketing;2022-11-24;
7284254;45-Pierreval-Chapelle St-Mesmin-Reprise caisson-202211;won;Identifié;Commercial;0.00;0;;;;;;Client existant;2022-11-24;
7285576;91-MB BATIMENT-ALTIZE-Corbeil Essonnes-202211;lost;Identifié;Commercial;6515.00;0;;;;;;Appel entrant / Emailing / Marketing;2022-11-24;
7289374;50-LEDUC-VIRANDEVILLE-ALTIZE-Acquisition-Dépôt202211;lost;Identifié;Commercial;7400.00;0;;;;;;Appel entrant / Emailing / Marketing;2022-11-25;
7293086;77-Mairie-Dammarie lès Lys-Totem-202211;won;Devis chaud;Commercial;13330.00;90;;;;;;Appel entrant / Emailing / Marketing;2022-11-25;
7297777;92-Oswald Orb-Clichy-Marquage au sol-202211;closed;Devis froid;Commercial;7200.00;30;;;;;;Appel entrant / Emailing / Marketing;2022-11-27;
7309232;75-SMTP Promotion-Paris 20-Totems-202211;closed;Qualifié;Commercial;0.00;0;;;;;;Commercial / Partenaire;2022-11-29;
7312043;93-Mairie-Livry Gargan-Palissade Communicante-202211;won;Devis tiède;Commercial;6206.00;60;;;;;;Client existant;2022-11-29;
7314569;92-RAZEL-BEC-ISSY LES MOULINEAUX-Panneaux-Infos-Habillagebois-202211;won;Devis chaud;Commercial;10930.00;90;;;;;;Appel entrant / Emailing / Marketing;2022-11-29;
7314669;75-Signature-Paris-Voies Olympiques Stabilize panneaux-202211;lost;Budget;Commercial;88905.00;0;;;;;;Commercial / Partenaire;2022-11-29;
7317693;59-BC NEOXIMO-Croix-Habillage Palissade-202211;closed;Qualifié;Commercial;0.00;0;;;;;;Commercial / Partenaire;2022-11-30;
7317704;62-BC Neoximo-Arras-Habillage Palissade-202211;closed;Qualifié;Commercial;0.00;0;;;;;;Commercial / Partenaire;2022-11-30;
7320861;91-Algeco-Quincy-sous-Sénart-Habillage module-202211;lost;Devis froid;Commercial;33525.84;30;;;;;;Client existant;2022-11-30;
7321850;92-ERT-Construction-RUEIL-Stabilize+Panneau-202211;lost;Identifié;Commercial;3015.00;0;;;;;;Aucune;2022-11-30;
7322656;75-Mairie de Paris-Paris-Habillage Facade-202211;closed;Qualifié;Commercial;0.00;0;;;;;;Appel entrant / Emailing / Marketing;2022-12-01;
7324093;11-Grand Site Cite Carcassonne-Carcassonne-Totem-202211;closed;Qualifié;Commercial;0.00;0;;;;;;Appel entrant / Emailing / Marketing;2022-12-01;
7338823;75-LES PETITES CRECHES-Paris-Toile sur Echafaudage-202212;won;Devis froid;Commercial;1181.00;30;;;;;;Commercial / Partenaire;2022-12-04;
7363596;75-ZACHARIE AGENCEMENT-Paris-Palissade LOEWE-202212;won;Devis tiède;Commercial;35381.60;60;;;;;;Appel entrant / Emailing / Marketing;2022-12-08;
7368120;60-HLC-Noyon-Totem-202212;lost;Devis froid;Commercial;24254.00;30;;;;;;Appel entrant / Emailing / Marketing;2022-12-08;
7368146;92-Algeco-Rueil Malmaison-OGEC-202208;won;Devis froid;Commercial;2680.00;30;;;;;;Client existant;2022-12-08;
7382289;91-Pierreval-Juvisy-Habillage chantier-202212;won;Devis froid;Commercial;2750.00;30;;;;;;Commercial / Partenaire;2022-12-12;
7383217;FR-Cabax-FR-Apport Affaires-202212;won;Devis froid;Commercial;0.00;30;;;;;;Client existant;2022-12-12;
7391223;13-ETF-Marseille-mise en lumieres container-202212;won;Budget;Commercial;4737.95;0;;;;;;Client existant;2022-12-13;
7394783;13-YVROUD-RTM-Colbert Palissades bois-202212;lost;Budget;Commercial;10073.68;0;;;;;;Appel entrant / Emailing / Marketing;2022-12-14;
7397357;75-VILLA EUGENIE-PARIS-GVC2301 Bâche Portail Fontenoy Ecole Militaire-202212;lost;Devis froid;Commercial;11896.73;30;;;;;;Client existant;2022-12-14;
7420041;77-VITTE BTP-CHESSY- Disney Village-Brasserie Rosalie-Baches-202212;lost;Identifié;Commercial;44724.00;0;;;;;;Appel entrant / Emailing / Marketing;2022-12-19;
7420078;75-VALLOIS-Paris-Barierre Place de Catalogne-202212;cancelled;Identifié;Commercial;0.00;0;;;;;;Appel entrant / Emailing / Marketing;2022-12-19;
7420688;75-Algeco-Paris-Notre Dame de Paris-Stickers-202212;lost;Identifié;Commercial;5755.60;0;;;;;;Aucune;2022-12-20;
7422725;95-ERT Construction-Cormeilles-en-Parisis-Stabilize-Cables-202212;won;Devis chaud;Commercial;53505.68;90;;;;;;Client existant;2022-12-20;
7423548;34-CAUE-Montpellier-Totem-202212;lost;Devis froid;Commercial;35850.00;30;;;;;;Appel entrant / Emailing / Marketing;2022-12-20;
7433545;93-IDEC-St Ouen s/Seine-Habillage échafaudage-202212;won;Qualifié;Commercial;4685.00;0;;;;;;Appel entrant / Emailing / Marketing;2022-12-21;
7433639;54-Novahomes-Metz-Altize-202212;closed;Devis froid;Commercial;5225.00;30;;;;;;Appel entrant / Emailing / Marketing;2022-12-21;
7434023;FR-LPPromotion-Habillage Chantier-202212;closed;Budget;Commercial;0.00;0;;;;;;Aucune;2022-12-21;
7442378;37-Pierreval-La Ville-aux-Dames-Habillage Palissade-202212;won;Devis froid;Commercial;4825.00;30;;;;;;Commercial / Partenaire;2022-12-23;
7442410;45-Pierreval-Saint Jean de Braye-Habillage Palissade-202212;won;Budget;Commercial;6900.00;0;;;;;;Commercial / Partenaire;2022-12-23;
7472861;SALES 2023-Dev Commercial;closed;Identifié;Commercial;0.00;0;;;;;;Aucune;2023-01-01;
7472867;DEV 2023-Dev produit;closed;Identifié;Commercial;0.00;0;;;;;;Aucune;2023-01-01;
7472868;MKT 2023-Marketing et Com;closed;Identifié;Commercial;0.00;0;;;;;;Aucune;2023-01-01;
7472869;INT 2023-Stkg et opérationnel;closed;Identifié;Commercial;0.00;0;;;;;;Aucune;2023-01-01;
7490442;75-BETC-Paris-Habillage Palissade-202301;closed;Budget;Commercial;22500.00;0;;;;;;Appel entrant / Emailing / Marketing;2023-01-04;
7503062;95-Four Stones-Beaumont s/Oise-Altize-202301;lost;Devis froid;Commercial;4450.00;30;;;;;;Appel entrant / Emailing / Marketing;2023-01-06;
7504730;33-AB Espace Verts-Camblanes et Meynac-Habillage façade-202301;closed;Qualifié;Commercial;0.00;0;;;;;;Appel entrant / Emailing / Marketing;2023-01-06;
7517343;13-ETF-Marseille-Tram Branchement IRVE- base vie-202301;won;Devis tiède;Commercial;6492.00;60;;;;;;Client existant;2023-01-09;
7520506;35-CELDOM-RENNES-Stabilize SSLXPRO Saint Gobain-202301;lost;Devis froid;Commercial;2040.00;30;;;;;;Client existant;2023-01-10;
7523702;92-SIGNATURE IDF-Bagneux-Heng LIM-202301;won;Devis chaud;Commercial;28662.00;90;;;;;;Commercial / Partenaire;2023-01-10;
7523976;06-AMG-Cannes-Jimmy Choo-202301;lost;Devis froid;Commercial;13692.27;30;;;;;;Appel entrant / Emailing / Marketing;2023-01-10;
7524886;93-Legendre IDF-Rosny-sous-bois-Modulize-202301;cancelled;Devis froid;Commercial;26060.00;30;;;;;;Appel entrant / Emailing / Marketing;2023-01-10;
7530900;57-Algeco-Metz-Union laitière-202301;won;Devis froid;Commercial;1474.00;30;;;;;;Appel entrant / Emailing / Marketing;2023-01-11;
7537944;54-Keolis-Nancy-Totem-202301;closed;Qualifié;Commercial;94995.00;0;;;;;;Appel entrant / Emailing / Marketing;2023-01-12;
7540496;94-Pierreval-Gagny-Drapeau grue-202301;won;Devis froid;Commercial;895.00;30;;;;;;Client existant;2023-01-13;
7541146;FR-Algeco-IDF-Habillage Module-202301;closed;Qualifié;Commercial;2440.00;0;;;;;;Aucune;2023-01-13;
7541407;94-Algeco-Ivry sur Seine-Bandeau Eiffage-202301;won;Devis chaud;Commercial;5100.00;90;;;;;;Appel entrant / Emailing / Marketing;2023-01-13;
7550510;77-ALMA ENTREPRISE-Disney Newport Bay club-Palissades-202301;cancelled;Identifié;Commercial;0.00;0;;;;;;Appel entrant / Emailing / Marketing;2023-01-16;
7550723;44-ATP-Sainte Luce - Bache-202301;cancelled;Identifié;Commercial;3160.00;0;;;;;;Appel entrant / Emailing / Marketing;2023-01-16;
7554499;91-K&B-Brunoy-Altize-202301;closed;Devis froid;Commercial;13912.00;30;;;;;;Commercial / Partenaire;2023-01-16;
7560436;93-Algeco-Rosny s/Bois-Modulize-202301;lost;Devis tiède;Commercial;24764.67;60;;;;;;Appel entrant / Emailing / Marketing;2023-01-17;
7564965;94-Sapa-Bry s/Marne-Toile escalier-202301;lost;Budget;Commercial;3520.00;0;;;;;;Appel entrant / Emailing / Marketing;2023-01-18;
7569824;59-Etixia-Merignac-Structure Palissade-202301;closed;Budget;Commercial;0.00;0;;;;;;Appel entrant / Emailing / Marketing;2023-01-18;
7569943;75-Oxy-Paris-Palissade Tour Eiffel-202301;won;Devis chaud;Commercial;82162.70;90;;;;;;Appel entrant / Emailing / Marketing;2023-01-18;
7580896;75-Sice Previt-Paris-Bottega Veneta-202301;lost;Devis froid;Commercial;24557.32;30;;;;;;Commercial / Partenaire;2023-01-20;
7583884;75-Timkat-Toulouse-Totem-202301;lost;Devis froid;Commercial;25030.60;30;;;;;;Appel entrant / Emailing / Marketing;2023-01-20;
7585089;69-Muttoni BTP-Lyon-Altize-202301;cancelled;Budget;Commercial;0.00;0;;;;;;Appel entrant / Emailing / Marketing;2023-01-20;
7585389;92-ERT-construction-Rueil Malmaison-Enfouissement-202301;cancelled;Identifié;Commercial;6614.68;0;;;;;;Client existant;2023-01-20;
7588433;46-Marcouly-CAHORS-LIDLAvenue Monzie-Palissades Bois-202301;lost;Identifié;Commercial;29842.40;0;;;;;;Appel entrant / Emailing / Marketing;2023-01-22;
7588873;78-ERT Construction-Guyancourt-Curage-202301;closed;Devis chaud;Commercial;3077.20;90;;;;;;Commercial / Partenaire;2023-01-22;
7610806;94-SIETECH-Rungis-Panneau de chantier-202301;lost;Devis chaud;Commercial;3381.12;90;;;;;;Appel entrant / Emailing / Marketing;2023-01-25;
7611008;91-Mairie-Massy-Totem-202301;closed;Identifié;Commercial;0.00;0;;;;;;Appel entrant / Emailing / Marketing;2023-01-25;
7616166;06-IC Construction-Villeneuve Loubet-Palissade Nike-202301;lost;Devis froid;Commercial;18588.77;30;;;;;;Appel entrant / Emailing / Marketing;2023-01-26;
7619134;AN-Commencal-Andorre-Habillage Facade-202301;closed;Budget;Commercial;0.00;0;;;;;;Appel entrant / Emailing / Marketing;2023-01-26;
7624960;72-Mairie-Le Mans-100 ans tour du Mans-202105;closed;Budget;Commercial;0.00;0;;;;;;Appel entrant / Emailing / Marketing;2023-01-27;
7634149;75-Cougnaud-Paris-Arc de Triomphe-202301;won;Devis froid;Commercial;2151.00;30;;;;;;Commercial / Partenaire;2023-01-30;
7642933;92-Mairie-Clichy-Totem-202301;lost;Devis froid;Commercial;17280.00;30;;;;;;Appel entrant / Emailing / Marketing;2023-01-31;
7643168;IDF-Simonella-IDF-Expo Journee de la Femme-202301;lost;Devis froid;Commercial;26120.00;30;;;;;;Appel entrant / Emailing / Marketing;2023-01-31;
7647122;93-EP Campus Condorcet-Aubervilliers-Totem-202302;lost;Devis tiède;Commercial;51305.00;60;;;;;;Appel entrant / Emailing / Marketing;2023-02-01;
7651104;38-K&B-Bourgoin Jallieu-Habillage Chantier-202302;won;Devis froid;Commercial;8855.00;30;;;;;;Client existant;2023-02-02;
7676305;35-Algeco-Rennes-Modules Eiffage-202302;closed;Budget;Commercial;0.00;0;;;;;;Client existant;2023-02-06;
7681696;CH-Mairie-Gland-Totem-202302;won;Devis chaud;Commercial;22665.00;90;;;;;;Appel entrant / Emailing / Marketing;2023-02-07;
7685148;75-Traphot-Paris-Expo-202302;lost;Devis froid;Commercial;11680.00;30;;;;;;Commercial / Partenaire;2023-02-07;
7691330;92-Iceberg-Nanterre-Palissade WE-202302;closed;Devis froid;Commercial;16721.00;30;;;;;;Client existant;2023-02-08;
7693404;93-Civiliz-Montreuil-Totem-202302;lost;Devis froid;Commercial;5735.00;30;;;;;;Appel entrant / Emailing / Marketing;2023-02-08;
7696384;31-Musée de l'Aurignacien-Aurignac-Totem-202302;lost;Devis froid;Commercial;25575.00;30;;;;;;Appel entrant / Emailing / Marketing;2023-02-09;
7699429;69-Université Lyon 3-Lyon-Totem-202302;lost;Devis froid;Commercial;4885.00;30;;;;;;Appel entrant / Emailing / Marketing;2023-02-09;
7700231;92-CITEOS-COGELUM GENNEVILLIER-Stabilize-202302;won;Devis froid;Commercial;3195.85;30;;;;;;Aucune;2023-02-09;
7700562;91-PRUNEVIEILLE-Montlhery-Stabilize-202302;lost;Devis froid;Commercial;13235.10;30;;;;;;Aucune;2023-02-10;
7700934;94-GOUNOT-Boissy st Léger-Mairie-Stabilize-202302;cancelled;Identifié;Commercial;3700.00;0;;;;;;Commercial / Partenaire;2023-02-10;
7706120;92-Woodeum-Boulogne Billancourt-Habillage Palissade-202302;closed;Qualifié;Commercial;0.00;0;;;;;;Appel entrant / Emailing / Marketing;2023-02-10;
7707836;75-Altempo-Paris-Modulize Palais Bourbon-202302;lost;Devis froid;Commercial;22685.42;30;;;;;;Commercial / Partenaire;2023-02-11;
7715419;14-Vinci construction Maritime et Fluvial-Bayeux-Palissades bois-202302;won;Devis chaud;Commercial;48969.68;100;;;;;;Appel entrant / Emailing / Marketing;2023-02-13;
7716075;13-Gagnepark-Marignane-Palissade-202302;lost;Devis froid;Commercial;122080.64;0;;;;;;Appel entrant / Emailing / Marketing;2023-02-13;
7718182;28-Pierreval-Gellainville-4x3-202302;won;Devis froid;Commercial;3133.00;30;;;;;;Commercial / Partenaire;2023-02-14;
7719258;92-COREDIF-Colombes-Colombus Altize acquisition-202302;lost;Devis froid;Commercial;7390.00;0;;;;;;Appel entrant / Emailing / Marketing;2023-02-14;
7720605;78-ECCODEC-Guyancourt-Carottage-Apport Aff-202301;won;Devis froid;Commercial;793.72;30;;;;;;Commercial / Partenaire;2023-02-14;
7724549;94-Pierreval-Vitry s/Seine-Altize-202302;won;Devis tiède;Commercial;5175.00;60;;;;;;Commercial / Partenaire;2023-02-15;
7727500;92-éCo Urbain-Colombes-Palissade chantier-202302;won;Budget;Commercial;18269.12;0;;;;;;Aucune;2023-02-15;
7728125;26-Agglo Montélimar-Habillage chantier-202203;closed;Qualifié;Commercial;0.00;0;;;;;;Appel entrant / Emailing / Marketing;2023-02-15;
7728157;94-Ibiza-L’hay les Roses- Palissade-202302;won;Devis froid;Commercial;6412.00;30;;;;;;Appel entrant / Emailing / Marketing;2023-02-15;
7730980;94-Algeco-Champigny s/Marne-Coriance-Modulize-202302;lost;Devis froid;Commercial;4500.00;30;;;;;;Appel entrant / Emailing / Marketing;2023-02-16;
7733162;13-Auditoire-Marseille-Habillage Module-202302;closed;Qualifié;Commercial;0.00;0;;;;;;Aucune;2023-02-16;
7736747;75-Agence Première-Paris-Habillage Façade-202302;lost;Devis tiède;Commercial;2487.70;60;;;;;;Appel entrant / Emailing / Marketing;2023-02-17;
7748103;78-Réseau Jade-Versailles-Toile-202302;lost;Devis froid;Commercial;21224.00;30;;;;;;Appel entrant / Emailing / Marketing;2023-02-20;
7761807;77-Atland-Noisiel-Habillage Chantier-202302;lost;Devis froid;Commercial;4265.28;30;;;;;;Appel entrant / Emailing / Marketing;2023-02-22;
7762722;93-Acorus-Livry Gargan-Palissade bois-202302;closed;Budget;Commercial;24805.00;0;;;;;;Aucune;2023-02-22;
7762945;83-A ET CETERA-Toulon-Projet décoratif-202302;closed;Budget;Commercial;0.00;0;;;;;;Appel entrant / Emailing / Marketing;2023-02-22;
7763069;06-ASRESEAU13-SOARGE-Renovation Eclairage tunnel-202302-Opp-02277;lost;Identifié;Commercial;240886.00;0;;;;;;Commercial / Partenaire;2023-02-22;
7767769;75-Candido Hermida-Paris-Palissade LOEWE-202302;lost;Devis froid;Commercial;119223.48;30;;;;;;Appel entrant / Emailing / Marketing;2023-02-22;
7774506;44-Pierreval-Le Loroux Bottereau-Habillage palssade-202302;won;Devis froid;Commercial;3912.50;30;;;;;;Commercial / Partenaire;2023-02-23;
7775138;29-Aeroport Bretagne Ouest-Guipavas-Totem-202302;lost;Devis froid;Commercial;3195.00;30;;;;;;Appel entrant / Emailing / Marketing;2023-02-23;
7815787;33-Bordeaux-AMG BARADIS Friedemann-Habillage façade-202303;closed;Identifié;Commercial;0.00;0;;;;;;Appel entrant / Emailing / Marketing;2023-03-02;
7816503;38-Safilaf-Grenoble-Habillage Chantier-202303;closed;Identifié;Commercial;0.00;0;;;;;;Appel entrant / Emailing / Marketing;2023-03-02;
7822217;44-Algeco Nantes-Saint-Herblain-Mediaco Atlantique-202303;lost;Devis froid;Commercial;3157.00;30;;;;;;Appel entrant / Emailing / Marketing;2023-03-03;
7822405;75-Stella Forest-Paris-Habillage Facade-202303;lost;Devis chaud;Commercial;3110.00;90;;;;;;Appel entrant / Emailing / Marketing;2023-03-03;
7822771;78-DS Impression-Coignières-Panneau 4X3 Acier-202303;closed;Qualifié;Commercial;0.00;0;;;;;;Appel entrant / Emailing / Marketing;2023-03-03;
7823710;77-SDEL-CITEOS-QUINCY-Disney-STABIIZE-202303;closed;Devis froid;Commercial;1585.05;30;;;;;;Client existant;2023-03-04;
7838655;91-ERT-Construction-Varennes Jarcy-Electrification-Palissades-202303;won;Devis froid;Commercial;4359.72;30;;;;;;Aucune;2023-03-07;
7842934;94-Arcade Promotion-Saint Maur des Fossés-Altize-202303;cancelled;Devis froid;Commercial;5225.00;30;;;;;;Aucune;2023-03-07;
7848895;38-La Compagnie Vocale-Fontanil Cornillon-Habillage échafaudage-202303;lost;Devis froid;Commercial;1460.00;30;;;;;;Appel entrant / Emailing / Marketing;2023-03-08;
7852101;57-Marie-Thionville-Totem-202303;closed;Qualifié;Commercial;0.00;0;;;;;;Appel entrant / Emailing / Marketing;2023-03-08;
7857678;33-FAYAT-Arcachon-palissade-202302-OPP-02291;closed;Devis froid;Commercial;122467.17;30;;;;;;Appel entrant / Emailing / Marketing;2023-03-09;
7858604;92-MATHIS CONSTRUCTION BOIS-NANTERRE-BACHE-202303;lost;Devis froid;Commercial;6776.50;30;;;;;;Client existant;2023-03-09;
7859908;31-ENAC-Toulouse-Totem-202303;lost;Devis froid;Commercial;4800.00;30;;;;;;Appel entrant / Emailing / Marketing;2023-03-09;
7869589;01-Algeco-Beligneux-Renault Truck-Vitrophanie-202303;lost;Qualifié;Commercial;2956.48;0;;;;;;Appel entrant / Emailing / Marketing;2023-03-10;
7869703;93-Algeco-Villetaneuse-Habillage module-202303;lost;Devis froid;Commercial;2684.00;30;;;;;;Appel entrant / Emailing / Marketing;2023-03-10;
7883551;92-Ginkgo Advisor-Chatillon-Habillage Palissade-202303;lost;Devis froid;Commercial;29435.31;30;;;;;;Commercial / Partenaire;2023-03-14;
7886287;92-Association Commerçants-Montrouge-Totem-202303;lost;Devis froid;Commercial;18875.00;30;;;;;;Appel entrant / Emailing / Marketing;2023-03-14;
7894410;92-Sceaux-RMB Construction-Palissade bois-202303;closed;Qualifié;Commercial;0.00;0;;;;;;Commercial / Partenaire;2023-03-15;
7894747;38-Pierreval-Moirans-Habillage chantier-202303;won;Devis tiède;Commercial;11792.40;60;;;;;;Commercial / Partenaire;2023-03-15;
7895468;26-Pierreval-Valence-Habillage chantier-202303;lost;Devis tiède;Commercial;4865.00;60;;;;;;Commercial / Partenaire;2023-03-15;
7895532;13-MARSATWORK-Marseille-Totem-202303;lost;Devis froid;Commercial;15465.00;30;;;;;;Appel entrant / Emailing / Marketing;2023-03-15;
7896971;91-Signature-DOURDAIN-Stabilize-202303-OPP-02302;won;Identifié;Commercial;2429.00;0;;;;;;Commercial / Partenaire;2023-03-16;
7898861;27-PLAYDONES-Toile Ombrage-STABILIZE-202303-OPP-02303;lost;Identifié;Commercial;12250.00;0;;;;;;Appel entrant / Emailing / Marketing;2023-03-16;
7899454;92-BETC-Meudon-Habillage Module-202303;closed;Budget;Commercial;0.00;0;;;;;;Appel entrant / Emailing / Marketing;2023-03-16;
7899487;92-BETC-Boulogne-Billancourt-Palissade-202303;lost;Devis chaud;Commercial;57642.60;90;;;;;;Appel entrant / Emailing / Marketing;2023-03-16;
7902422;69-DS IMPRESSION-Lyon-Totem-202303;lost;Devis froid;Commercial;33900.00;30;;;;;;Aucune;2023-03-16;
7902426;95-Stegys-Osny-Panneau Chantier-202303;lost;Devis froid;Commercial;3535.00;30;;;;;;Appel entrant / Emailing / Marketing;2023-03-16;
7903271;42-SAM Outillage-Saint-Etienne-Toile sur façade-202303;lost;Qualifié;Commercial;6284.88;0;;;;;;Appel entrant / Emailing / Marketing;2023-03-16;
7905879;93-TOP-Saint Denis-Habillage Bungalow-202303;lost;Budget;Commercial;4469.00;0;;;;;;Appel entrant / Emailing / Marketing;2023-03-17;
7906003;31-Agence PGO-Toulouse-Habillage Bungalow-202303;lost;Qualifié;Commercial;3689.00;0;;;;;;Appel entrant / Emailing / Marketing;2023-03-17;
7926752;44-Mairie-Coueron-Totem-202303;lost;Devis froid;Commercial;8745.00;30;;;;;;Appel entrant / Emailing / Marketing;2023-03-20;
7933654;13-ValueState-Marseille-Toile Echafaudage-202303;lost;Devis froid;Commercial;7980.00;30;;;;;;Client existant;2023-03-21;
7934095;69-Aperience-Lyon-Totem-202303;closed;Qualifié;Commercial;0.00;0;;;;;;Appel entrant / Emailing / Marketing;2023-03-21;
7939699;91-GTC-ELEC-LISSES-Stabilize plots-Stock-202303-OPP-02313;lost;Devis froid;Commercial;3285.00;30;;;;;;Aucune;2023-03-22;
7939951;75-Ambassade de Suisse-Paris-Totem-202303;lost;Devis froid;Commercial;49140.20;30;;;;;;Appel entrant / Emailing / Marketing;2023-03-22;
7940471;93-Mairie-Villeparisis-Totem-202303;lost;Devis froid;Commercial;26920.00;30;;;;;;Appel entrant / Emailing / Marketing;2023-03-22;
7941431;75-SpieBatignolles-Paris-Palissade décorative-202303;lost;Budget;Commercial;39750.00;0;;;;;;Aucune;2023-03-22;
7946248;34-Mairie-Lunel-Habillage Echafaudage-202303;closed;Qualifié;Commercial;0.00;0;;;;;;Appel entrant / Emailing / Marketing;2023-03-23;
7949510;91-K&B-Paray Vieille Poste-Habillage Chantier-202303;closed;Devis froid;Commercial;2116.25;30;;;;;;Commercial / Partenaire;2023-03-23;
7949639;92-éCo Urbain-Colombes-CDG-Palissade chantier-202303;won;Devis chaud;Commercial;7950.00;90;;;;;;Appel entrant / Emailing / Marketing;2023-03-23;
7954908;75-Fondation Rothschild-Paris-Habillage Chantier-202303;lost;Devis froid;Commercial;53580.00;30;;;;;;Bouche à oreille / Prescription;2023-03-24;
7968323;77-Algeco-Sevron-Pose-202303;won;Devis froid;Commercial;385.00;30;;;;;;Client existant;2023-03-27;
7970350;31-Inconito-Toulouse-Habillage Monument-202303;closed;Budget;Commercial;97000.00;0;;;;;;Appel entrant / Emailing / Marketing;2023-03-28;
7972635;92-Ramsay Sante-Rueil-Malmaison-Habillage Facade-202303;lost;Devis froid;Commercial;7207.39;30;;;;;;Appel entrant / Emailing / Marketing;2023-03-28;
7974277;73-OPAC73-Savoie-Habillage Chantier-202303;lost;Devis tiède;Commercial;9605.00;60;;;;;;Appel entrant / Emailing / Marketing;2023-03-28;
7983364;ALT 2023-Maintenance;closed;Identifié;Commercial;0.00;0;;;;;;Aucune;2023-03-30;
7990474;77-Algeco-Dammarie Les Lys-Bandeau Eiffage-202303;won;Devis froid;Commercial;2800.00;30;;;;;;Appel entrant / Emailing / Marketing;2023-03-31;
7991306;27-Portakabin-Vernon-Ariane-202303;won;Devis chaud;Commercial;5056.63;90;;;;;;Commercial / Partenaire;2023-03-31;
7991651;76-Atelier Le Mée-Le Havre-Totem-202303;lost;Devis froid;Commercial;10920.00;30;;;;;;Appel entrant / Emailing / Marketing;2023-03-31;
7994701;37-IDEX-Tours-CHRU Bâche-202303;won;Devis chaud;Commercial;3542.00;90;;;;;;Client existant;2023-03-31;
8020648;82-FIMUREX AQUITAINE-POMMEVIC-ALTIZE-202304-OPP-02329;lost;Devis tiède;Commercial;11065.00;60;;;;;;Aucune;2023-04-03;
8021214;CH-Marti SA-GENEVE-ALTIZE acquisition-202304;lost;Identifié;Commercial;18380.00;0;;;;;;Aucune;2023-04-03;
8035563;77-AGILIS AIRPORT-Mesnil Amelot-Stabilize Plots-202304;closed;Identifié;Commercial;1141.00;0;;;;;;Commercial / Partenaire;2023-04-05;
8038217;59-Ville-Dunkerque-Totem-202304;lost;Devis tiède;Commercial;39613.00;60;;;;;;Commercial / Partenaire;2023-04-05;
8043599;75-Puntana Group-Paris-Toile Mango-202304;lost;Devis froid;Commercial;1695.00;30;;;;;;Appel entrant / Emailing / Marketing;2023-04-06;
8044769;77-SDEL-QUINCY-Stabilize-plots-202304-OPP-02334;won;Identifié;Commercial;2555.00;0;;;;;;Client existant;2023-04-06;
8048444;60-Chateau de Precy-PRECY-Toile-202304;lost;Devis froid;Commercial;2330.00;30;;;;;;Appel entrant / Emailing / Marketing;2023-04-07;
8055069;75-Atelier Moderne-Paris-Palissade Marionnaud-202304;lost;Devis froid;Commercial;15726.00;30;;;;;;Appel entrant / Emailing / Marketing;2023-04-10;
8063013;38-ESSOR BVD-ECHIROLLE-Stabilize plots-202304-OPP-02337;lost;Devis tiède;Commercial;16526.05;60;;;;;;Commercial / Partenaire;2023-04-11;
8064874;93-Algeco-Gournay sur Marne-Modulize-202304;closed;Devis froid;Commercial;4631.00;30;;;;;;Client existant;2023-04-12;
8066448;49-ISORE-ANGERS-Montplaisir ALH-Palissades-Installation chtier-202304;lost;Devis froid;Commercial;14152.72;30;;;;;;Appel entrant / Emailing / Marketing;2023-04-12;
8069258;75-DOUBLET-Paris-Palissades bois-202304-OPP-02340;lost;Devis froid;Commercial;154035.00;30;;;;;;Appel entrant / Emailing / Marketing;2023-04-12;
8072003;76-Métropole Rouen Normandie-Rouen-Palissade coloriage géant-202303;lost;Devis froid;Commercial;24892.67;30;;;;;;Appel entrant / Emailing / Marketing;2023-04-13;
8095768;78-RUBNER-Rosny sur Seine-Kit Marketing-Habillage-202304-OPP-02342;lost;Devis tiède;Commercial;881.00;60;;;;;;Appel entrant / Emailing / Marketing;2023-04-18;
8102560;75-Vedette de Paris-Paris-Totems caisson bois-202304;lost;Budget;Commercial;0.00;0;;;;;;Appel entrant / Emailing / Marketing;2023-04-19;
8103485;75-Plan International France-Paris-Totems-202304;closed;Qualifié;Commercial;0.00;0;;;;;;Client existant;2023-04-19;
8105887;35-Rennes Automobiles-Vezin le Coquet-Habillage module PORTAKABIN-202304;closed;Devis froid;Commercial;4700.00;30;;;;;;Appel entrant / Emailing / Marketing;2023-04-19;
8106746;75-TSO-Paris-Habillage Base vie-202304;closed;Qualifié;Commercial;0.00;0;;;;;;Appel entrant / Emailing / Marketing;2023-04-19;
8106977;75-WO2-Paris-Totem-202304;lost;Devis froid;Commercial;12625.00;30;;;;;;Bouche à oreille / Prescription;2023-04-19;
8121810;CH-Kizano-Morges-Totem-202304;lost;Devis tiède;Commercial;5425.00;60;;;;;;Appel entrant / Emailing / Marketing;2023-04-20;
8123168;69-6eme Sens Immobilier-Lyon 8-Habillage Palissade-202304;closed;Qualifié;Commercial;0.00;0;;;;;;Appel entrant / Emailing / Marketing;2023-04-21;
8124310;92-SIGNATURE IDF-Bagneux-Massif-202304-Opp 02350;won;Devis froid;Commercial;3185.00;30;;;;;;Client existant;2023-04-21;
8132529;13-ETF-Marseille-Tram Branchement IRVE- base vie-202304-OPP-02351;lost;Devis tiède;Commercial;3324.65;60;;;;;;Client existant;2023-04-24;
8134761;75-Atland-Paris-Habillage échafaudage-202304;won;Devis tiède;Commercial;4275.84;60;;;;;;Client existant;2023-04-24;
8135828;75-Essor Group-Paris III-Habillage Façade-202304;closed;Devis froid;Commercial;11157.60;30;;;;;;Appel entrant / Emailing / Marketing;2023-04-24;
8168141;BE-1-Brussels Major Events-Bruxelles-Totem-202304;lost;Devis froid;Commercial;24905.00;30;;;;;;Client existant;2023-04-26;
8168461;16-Publicis Live-Cignac-Event Hennessy-202304;closed;Qualifié;Commercial;0.00;0;;;;;;Appel entrant / Emailing / Marketing;2023-04-26;
8172090;73-Savoisienne Habitat-Bassens-Altize-202304;closed;Devis froid;Commercial;5840.00;30;;;;;;Appel entrant / Emailing / Marketing;2023-04-27;
8172748;19-Corrèze Habitat-Tulles-Habillage échafaudage-202304;lost;Devis tiède;Commercial;8205.00;60;;;;;;Appel entrant / Emailing / Marketing;2023-04-27;
8173009;11-NDA-Narbonne-Habillage Monument Historique-202304;closed;Qualifié;Commercial;0.00;0;;;;;;Appel entrant / Emailing / Marketing;2023-04-27;
8173441;75-Hachomer-Paris-Bache-202304;won;Devis froid;Commercial;145.00;30;;;;;;Bouche à oreille / Prescription;2023-04-27;
8181008;59-Mairie-Seclin-Candelize-202304;lost;Devis froid;Commercial;22030.00;30;;;;;;Appel entrant / Emailing / Marketing;2023-04-28;
8187252;75-CITEOS-COGELUM-PARIS-Electrification-Stabilize-202304;cancelled;Devis froid;Commercial;5533.17;30;;;;;;Commercial / Partenaire;2023-05-02;
8189292;78-Cougnaud-Velizy Villacoublay-Porsche-202305;lost;Devis froid;Commercial;30142.00;30;;;;;;Appel entrant / Emailing / Marketing;2023-05-02;
8196808;83-Chateau des Bormettes-La Londe-les-Maures-Module-202305;lost;Devis froid;Commercial;2470.00;30;;;;;;Bouche à oreille / Prescription;2023-05-03;
8202850;02-ALRIC-CHATEAU-THIERRY-ALTIZE-202305-OPP-02365;lost;Identifié;Commercial;8130.25;0;;;;;;Aucune;2023-05-04;
8204105;64-Mairie-Biarritz-Totem-202305;lost;Devis tiède;Commercial;12840.00;60;;;;;;Appel entrant / Emailing / Marketing;2023-05-04;
8206633;77-GREEN-WORKS-CHAMPS SUR MARNE-Palissade-bois-202305-OPP-02367;cancelled;Identifié;Commercial;0.00;0;;;;;;Appel entrant / Emailing / Marketing;2023-05-04;
8208136;45-Legoupil Industrie-Saint Jean de la Ruelle-Habillage Module-202305;lost;Devis froid;Commercial;16862.00;30;;;;;;Appel entrant / Emailing / Marketing;2023-05-04;
8212015;67-Mairie Truchtersheim-Habillage module-202305;closed;Qualifié;Commercial;0.00;0;;;;;;Appel entrant / Emailing / Marketing;2023-05-05;
8214930;94-FFTA-INSEP-Habillage trompe l'œil-202305;lost;Devis froid;Commercial;6755.00;30;;;;;;Appel entrant / Emailing / Marketing;2023-05-05;
8215052;75-Magic Garden-Paris expo-Totems-202305;closed;Qualifié;Commercial;0.00;0;;;;;;Appel entrant / Emailing / Marketing;2023-05-05;
8244574;75-Fairplay-Paris-Vitrine-202305;won;Devis froid;Commercial;2337.40;30;;;;;;Client existant;2023-05-09;
8245013;75-HypeTaxi-Paris12eme-Panneau de chantier-202305;lost;Devis froid;Commercial;464.98;30;;;;;;Appel entrant / Emailing / Marketing;2023-05-09;
8258801;95-Groupe Alsei-Gonesse-Habillage Chantier-202305;lost;Devis froid;Commercial;19265.70;30;;;;;;Appel entrant / Emailing / Marketing;2023-05-11;
8261256;64-Le Temps d'une Etincelle-Pau-Toile M1-202305;lost;Devis froid;Commercial;1400.00;30;;;;;;Appel entrant / Emailing / Marketing;2023-05-11;
8262215;76-Algeco-Rouen-Projet façade école-202305;lost;Devis froid;Commercial;10000.00;30;;;;;;Appel entrant / Emailing / Marketing;2023-05-11;
8265342;75-Balenciaga-Paris-Habillage Event-202305;closed;Qualifié;Commercial;3600.00;0;;;;;;Appel entrant / Emailing / Marketing;2023-05-12;
8267088;72-Legendre Immobilier-Le Mans-Palissade Chantier-202305;lost;Budget;Commercial;151292.00;0;;;;;;Appel entrant / Emailing / Marketing;2023-05-12;
8267524;25-Pierreval-Besançon-Habillage chantier-202305;won;Devis froid;Commercial;895.00;30;;;;;;Commercial / Partenaire;2023-05-12;
8280874;75-Oxy-Paris-Stabilize Plots Tour Eiffel-202305;won;Devis chaud;Commercial;42246.00;90;;;;;;Client existant;2023-05-16;
8285242;92-éCo Urbain-Colombes-4x3-202305;lost;Devis froid;Commercial;3358.00;30;;;;;;Aucune;2023-05-16;
8285524;29-Pierreval-Plouguerneau-4X3-202305;won;Devis froid;Commercial;3360.00;30;;;;;;Commercial / Partenaire;2023-05-16;
8287773;CH-Impact Living-Gland-Habillage echafaudage-202305;closed;Budget;Commercial;0.00;0;;;;;;Appel entrant / Emailing / Marketing;2023-05-16;
8297459;94-Bouygues Immobilier-Champigny s/Marne-Palissade chantier-202305;lost;Devis froid;Commercial;800.00;30;;;;;;Appel entrant / Emailing / Marketing;2023-05-17;
8297761;92-Boulogne Billancourt-Bouchaud Architecte-Palissade bois-202305;lost;Devis froid;Commercial;16058.64;30;;;;;;Appel entrant / Emailing / Marketing;2023-05-17;
8300272;45-Cougnaud-Saint-Jean-de-la-Ruelle-Habillage module-202305;lost;Devis froid;Commercial;15992.00;30;;;;;;Client existant;2023-05-17;
8301052;93-Mairie-Livry Gargan-Panneau Lac-202305;lost;Devis froid;Commercial;2510.00;30;;;;;;Client existant;2023-05-17;
8304497;38-MANANG-grenoble-Palissades Stabilize-202305-OPP-02388;lost;Devis froid;Commercial;111463.40;30;;;;;;Aucune;2023-05-17;
8309726;74-Sennse-Annecy-Totem-202305;closed;Qualifié;Commercial;0.00;0;;;;;;Appel entrant / Emailing / Marketing;2023-05-19;
8325121;37-Pierreval-Saint-Pierre des Corps-4X3-202305;won;Devis froid;Commercial;0.00;30;;;;;;Commercial / Partenaire;2023-05-23;
8327444;60-Citeos-Creil-Stabilize plots-Electrification-202305;cancelled;Devis froid;Commercial;5631.70;30;;;;;;Commercial / Partenaire;2023-05-23;
8336960;10-Mairie Troyes-Palissade communicante-202305;closed;Devis froid;Commercial;8097.85;30;;;;;;Appel entrant / Emailing / Marketing;2023-05-25;
8337091;94-Groupe Dadoun-Saint-Maur-des-Fossés-Totem-202305;closed;Qualifié;Commercial;0.00;0;;;;;;Appel entrant / Emailing / Marketing;2023-05-25;
8339159;91-SOGEA IDf - Epinay sur orge - Stabilize Plots-202305-OPP-02394;won;Devis chaud;Commercial;2298.00;90;;;;;;Aucune;2023-05-25;
8340917;18-Algeco-Le Subdray-Antiblast MBDA-202305;lost;Devis froid;Commercial;8307.62;30;;;;;;Client existant;2023-05-25;
8345611;42-Ranchoux-St Etienne-Palissade Modulize-202305;lost;Devis froid;Commercial;12899.31;30;;;;;;Appel entrant / Emailing / Marketing;2023-05-26;
8362667;75-HChevalier-Paris-Belle Jardinière Habillage miroir-202305;won;Devis chaud;Commercial;47339.50;90;;;;;;Commercial / Partenaire;2023-05-29;
8363432;75-Parenge-Place Clichy-Palissade-202305-OPP-02398;lost;Devis froid;Commercial;52506.30;30;;;;;;Appel entrant / Emailing / Marketing;2023-05-29;
8374456;91-ERI-Nozay-Panneau de chantier-202305-OPP-02399;lost;Identifié;Commercial;3828.00;0;;;;;;Appel entrant / Emailing / Marketing;2023-05-30;
8375817;75-Tandem Architecture-Avenue Victor-Hugo-Habillage boutique-202305;lost;Devis froid;Commercial;6354.22;30;;;;;;Appel entrant / Emailing / Marketing;2023-05-30;
8381296;76-DP Event-Le Havre-Habillage façade-202305;closed;Budget;Commercial;0.00;0;;;;;;Appel entrant / Emailing / Marketing;2023-05-31;
8388682;29-DCS Groupe-Saint Yvi-Palissade chantier-202306;lost;Devis froid;Commercial;62643.81;30;;;;;;Appel entrant / Emailing / Marketing;2023-06-01;
8391082;44-DONADA-NANTES-PALISSADES BOIS-202306;lost;Devis froid;Commercial;5838.86;30;;;;;;Appel entrant / Emailing / Marketing;2023-06-01;
8392540;92-Signature idf-Bagneux-Stabilize plots-202306-OPP-02404;won;Budget;Commercial;3462.00;0;;;;;;Client existant;2023-06-01;
8392890;78-GCMI-Houille-Palissades-202306;lost;Devis froid;Commercial;12969.50;30;;;;;;Appel entrant / Emailing / Marketing;2023-06-01;
8395526;08-Algeco Strasbourg-Modulize-202306;closed;Qualifié;Commercial;0.00;0;;;;;;Appel entrant / Emailing / Marketing;2023-06-02;
8397221;54-Epiceum-Bouxières-aux-Dames-Bassin de Pompey-202306;closed;Budget;Commercial;9760.00;0;;;;;;Client existant;2023-06-02;
8403515;77-SDEL-Melun-Stabilize-plots-202306;lost;Devis froid;Commercial;11180.00;30;;;;;;Client existant;2023-06-04;
8405934;94-Eiffage Construction-Saint-Ouen-Habillage module-202306;lost;Devis froid;Commercial;9235.00;30;;;;;;Appel entrant / Emailing / Marketing;2023-06-05;
8409304;75-ANNA Restaurant-Paris 8-Coffrage boutique-202306;lost;Devis froid;Commercial;8275.16;30;;;;;;Appel entrant / Emailing / Marketing;2023-06-05;
8409966;27-Portakabin-Vernon-Habillage module-202306;lost;Devis froid;Commercial;4425.40;30;;;;;;Appel entrant / Emailing / Marketing;2023-06-05;
8413444;75-SOMATER-Paris Ve-Altize-202306;won;Devis froid;Commercial;6288.35;30;;;;;;Appel entrant / Emailing / Marketing;2023-06-06;
8418488;45-SABARD-Orléans-Electrification-Câbles-202306-OPP-02414;lost;Identifié;Commercial;6405.00;0;;;;;;Commercial / Partenaire;2023-06-06;
8425045;35-Algeco-Bruz-Bandeaux Eiffage-202306;lost;Devis froid;Commercial;7062.00;30;;;;;;Appel entrant / Emailing / Marketing;2023-06-07;
8433442;45-Algeco-Orléans-Groupe Atlantic-202306;lost;Devis froid;Commercial;16700.20;30;;;;;;Appel entrant / Emailing / Marketing;2023-06-08;
8434557;92-RAZEL-BEC-ISSY LES MOULINEAUX-Panneaux-Infos-Habillagebois-202306-OPP-02417;won;Identifié;Commercial;4143.00;0;;;;;;Aucune;2023-06-08;
8439720;33-Tandem Architecture-Bordeaux-Vitrophanie ROUJE-202305;lost;Devis froid;Commercial;3370.00;30;;;;;;Aucune;2023-06-09;
8445818;10-Mairie Bar-sur-Seine-Trompe l'oeil-202306;lost;Devis froid;Commercial;5041.52;30;;;;;;Appel entrant / Emailing / Marketing;2023-06-12;
8445935;85-Mairie Sables-d'Olonnes-Totems Arty/bois-202306;lost;Devis froid;Commercial;44565.00;30;;;;;;Appel entrant / Emailing / Marketing;2023-06-12;
8460086;75-Sice Previt-Paris-Bulgari-202306;closed;Devis froid;Commercial;89055.23;30;;;;;;Commercial / Partenaire;2023-06-13;
8461052;94-EJL-Vitry-Palissade-202306-OPP-02422;lost;Devis froid;Commercial;108770.00;30;;;;;;Appel entrant / Emailing / Marketing;2023-06-13;
8482182;59-Portakabin-Dunkerke-Habillage module-202306;lost;Devis froid;Commercial;11627.88;30;;;;;;Appel entrant / Emailing / Marketing;2023-06-16;
8482479;31-Nexity-Toulouse-Altize-202306;closed;Budget;Commercial;0.00;0;;;;;;Aucune;2023-06-16;
8485554;37-IDEX-Tours-CHRU Bâche-202306;won;Devis chaud;Commercial;3542.00;90;;;;;;Client existant;2023-06-16;
8485955;80-Vinci Immobilier-Le Crotoy-Altize-202306;lost;Devis froid;Commercial;5806.26;30;;;;;;Commercial / Partenaire;2023-06-16;
8486117;78-Lugne CVC-Fontenay le Fleury-Palissade chantier-202306;lost;Devis froid;Commercial;44600.00;30;;;;;;Appel entrant / Emailing / Marketing;2023-06-16;
8517478;56-Pierreval-Hennebont-Palissade-202306;won;Devis tiède;Commercial;2189.00;60;;;;;;Client existant;2023-06-22;
8531740;32-Vibes Architects-Lannepax-Bâche échafaudage-202306;lost;Devis froid;Commercial;28474.36;30;;;;;;Client existant;2023-06-26;
8534386;14-Vinci construction Maritime et Fluvial-Bayeux-MUR en T-202306-OPP-02430;lost;Devis froid;Commercial;40021.43;30;;;;;;Client existant;2023-06-26;
8536794;91-SOGEA IDf - Epinay sur orge - Stabilize Plots-202306-OPP-02431;won;Devis froid;Commercial;4426.48;30;;;;;;Aucune;2023-06-26;
8568366;75-Terma-Paris-Palissade-202306;lost;Devis froid;Commercial;31337.17;30;;;;;;Appel entrant / Emailing / Marketing;2023-06-28;
8578465;92-Woodeum-Vanves-Altize-202306;closed;Devis tiède;Commercial;8655.00;60;;;;;;Commercial / Partenaire;2023-06-30;
8584956;77-ART-DAN-Meaux-Stabilize Plots-Electrification-202306-OPP-02434;closed;Identifié;Commercial;0.00;0;;;;;;Commercial / Partenaire;2023-07-02;
8584982;92-BOUVELOT TP-Anthony-Stabilize plots-Panneau-202306-OPP-02435;closed;Identifié;Commercial;0.00;0;;;;;;Commercial / Partenaire;2023-07-02;
8587219;78-Georges Paul-Velizy 2-Coffrage boutique-202307;lost;Devis froid;Commercial;12231.18;30;;;;;;Appel entrant / Emailing / Marketing;2023-07-03;
8593522;41-REPERE SAUVAGE-La ville aux Clercs-Totem caisson bois-202307;closed;Qualifié;Commercial;0.00;0;;;;;;Appel entrant / Emailing / Marketing;2023-07-03;
8616602;27-Portakabin-Vernon-Ariane-202307;lost;Devis froid;Commercial;3750.46;30;;;;;;Appel entrant / Emailing / Marketing;2023-07-07;
8616694;92-Algeco-Boulogne Billancourt-Pont de Sevres-202307;lost;Devis froid;Commercial;9958.62;30;;;;;;Appel entrant / Emailing / Marketing;2023-07-07;
8630787;75-Leroy Merlin-Madeleine-Habillage échafaudage-202307;lost;Devis froid;Commercial;15730.00;30;;;;;;Appel entrant / Emailing / Marketing;2023-07-11;
8639879;31-Groupe Fal-Toulouse-Palissade chantier-202307;lost;Devis froid;Commercial;6282.00;30;;;;;;Appel entrant / Emailing / Marketing;2023-07-12;
8644555;75-Artwork In Promess-Paris-Expo-202307;closed;Budget;Commercial;18810.00;0;;;;;;Appel entrant / Emailing / Marketing;2023-07-13;
8673826;92-éco Urbain-Colombes-Panneaux Permis-202307;lost;Devis froid;Commercial;1085.00;30;;;;;;Appel entrant / Emailing / Marketing;2023-07-18;
8674723;93-Algeco-Dugny-Police Municipale-Habillage façade-202307;won;Devis chaud;Commercial;15075.00;90;;;;;;Appel entrant / Emailing / Marketing;2023-07-18;
8675716;13-Portakabin-Rousset-Smart Packaging Solution-202307;lost;Devis froid;Commercial;43532.04;30;;;;;;Appel entrant / Emailing / Marketing;2023-07-18;
8679298;91-SOGEA IDF-Epinay sur Orge-Escalier béton-202307-OPP-02446;won;Devis chaud;Commercial;60668.42;90;;;;;;Commercial / Partenaire;2023-07-19;
8679555;30-Sud construction- Nîmes-Stabilize plots+Electrification-202307-OPP-02447;lost;Devis froid;Commercial;347659.00;30;;;;;;Commercial / Partenaire;2023-07-19;
8693527;69-Aximum-Chassieu-Stabilize Plots-202307-OPP-02448;won;Devis chaud;Commercial;9600.00;90;;;;;;Commercial / Partenaire;2023-07-21;
8694973;69-DS Impression-Cambrais-Carousel-202307;closed;Budget;Commercial;0.00;0;;;;;;Appel entrant / Emailing / Marketing;2023-07-21;
8697213;49-Pierreval-Mauges-sur-Loire-4X3-202307;lost;Devis tiède;Commercial;1620.00;60;;;;;;Client existant;2023-07-21;
8697243;35-Pierreval-Thorigné-Fouillard-4X3-202307;lost;Devis tiède;Commercial;3082.00;60;;;;;;Client existant;2023-07-21;
8705077;94-GPSEA-Bonneuil sur Marne-Totem-202307;lost;Devis froid;Commercial;15825.00;30;;;;;;Appel entrant / Emailing / Marketing;2023-07-24;
8715318;31-Caisse d'Epargne-Toulouse-Flamme Olympique-202307;closed;Budget;Commercial;0.00;0;;;;;;Appel entrant / Emailing / Marketing;2023-07-26;
8720274;91-SDEL-MENNECY-STABIIZE PLOT-202307-OPP-02454;won;Devis tiède;Commercial;2032.82;80;;;;;;Client existant;2023-07-27;
8725127;85-Cise TP-Noirmoutier-Palissade Bois-202307;lost;Devis froid;Commercial;100290.06;30;;;;;;Appel entrant / Emailing / Marketing;2023-07-27;
8726117;78-Plaisir-Habillage trompe l'oeil-202307;lost;Devis froid;Commercial;1715.20;30;;;;;;Appel entrant / Emailing / Marketing;2023-07-27;
8728622;77-K&B-Tournan en Brie-Altize-202307;won;Devis froid;Commercial;7215.00;30;;;;;;Commercial / Partenaire;2023-07-28;
8731575;94-Mairie Ablon-sur-Seine-Panneau de chantier-202307;won;Devis tiède;Commercial;1100.60;60;;;;;;Appel entrant / Emailing / Marketing;2023-07-28;
8731663;77-Communauté d'Agglomération Melun Val de Seine-Totems-202307;closed;Qualifié;Commercial;0.00;0;;;;;;Appel entrant / Emailing / Marketing;2023-07-28;
8750795;75-Oxy-Paris-Enseigne lumineuse UCar-202307;closed;Budget;Commercial;0.00;0;;;;;;Appel entrant / Emailing / Marketing;2023-08-02;
8752002;75-Oxy-Paris-Déplacement Palissade Tour Eiffel-202308;lost;Devis froid;Commercial;58486.00;30;;;;;;Client existant;2023-08-02;
8779317;14-Eiffage Infrastructure-Langrunes sur Mer-Palissade chantier-202308;lost;Budget;Commercial;26170.00;0;;;;;;Appel entrant / Emailing / Marketing;2023-08-03;
8779394;31-Caso Patrimoine-Toulouse-Palissade chantier-202308;lost;Devis froid;Commercial;7657.50;30;;;;;;Appel entrant / Emailing / Marketing;2023-08-03;
8779993;92-SCCV ASTRE-NANTERRE-CHEMINEMENT-202308;won;Devis froid;Commercial;9130.00;30;;;;;;Client existant;2023-08-03;
8784308;91-Cougnaud-Saint-Michel s/Orge-Anti effraction-202308;won;Devis froid;Commercial;3318.00;30;;;;;;Client existant;2023-08-04;
8790600;73-Nexity-Aix-les-Bains-Habillage chantier-202308;lost;Budget;Commercial;5962.48;0;;;;;;Commercial / Partenaire;2023-08-07;
8795626;45-EIFFAGE ENERGIES-SYSTEME-CTRE LOIRE_EP-Orléans-Stabilize plots-202308;won;Identifié;Commercial;1038.78;0;;;;;;Commercial / Partenaire;2023-08-09;
8797203;73-Crystal Habitat-Chambery-Habillage Chantier-202308;closed;Qualifié;Commercial;0.00;0;;;;;;Commercial / Partenaire;2023-08-09;
8798194;94-Ivry sur Seine-STUDIO LA FONDERIE-Apporteur Affaire-202308-OPP-02469;lost;Identifié;Commercial;0.00;0;;;;;;Commercial / Partenaire;2023-08-09;
8803342;74-Restaurant-Annecy-Palissade retail-202308;lost;Devis froid;Commercial;4934.96;30;;;;;;Appel entrant / Emailing / Marketing;2023-08-11;
8803626;94-TPF INFRA-Villeneuve le roi-Palissades Mobile-202308-OPP-02471;lost;Identifié;Commercial;48240.00;0;;;;;;Appel entrant / Emailing / Marketing;2023-08-11;
8808277;75-FMBD-Paris-Palissade Shangri-La-202308;closed;Devis froid;Commercial;12975.80;30;;;;;;Appel entrant / Emailing / Marketing;2023-08-14;
8812271;60-SDEL-Plailly-Stabilize Plots-202308-OPP-02473;lost;Identifié;Commercial;1064.75;0;;;;;;Client existant;2023-08-16;
8813280;91-Cidi-Courcouronnes-Totems Caisson bois-202308;closed;Identifié;Commercial;0.00;0;;;;;;Appel entrant / Emailing / Marketing;2023-08-17;
8817816;64-Ace Event-Biarritz-Toile imprimée-202308;closed;Qualifié;Commercial;1930.00;0;;;;;;Appel entrant / Emailing / Marketing;2023-08-18;
8830081;75-CITEOS-COGELUM-Paris-Electrification Plots-202308-OPP-02476;closed;Identifié;Commercial;1736.92;0;;;;;;Aucune;2023-08-23;
8831775;92-Algeco-Clamart-Bandeau Eiffage-202308;won;Devis froid;Commercial;4890.00;30;;;;;;Appel entrant / Emailing / Marketing;2023-08-23;
8840609;73-Caravel Création-Terre de Caux-Totem Liz-202308;closed;Qualifié;Commercial;4860.00;0;;;;;;Appel entrant / Emailing / Marketing;2023-08-25;
8856399;10-Spie Batignolles-Troyes-Palissades bois+Tapis Spaghetti-202308-OPP-02479;lost;Identifié;Commercial;26511.70;0;;;;;;Appel entrant / Emailing / Marketing;2023-08-29;
8860705;EXT-2023-Stkg Valence-OPP-Y0001;won;Devis chaud;Commercial;2400.00;90;;;;;;Aucune;2023-08-30;
8861983;95-SNRB-Cormeilles en Parisis-Altize-202308;lost;Devis froid;Commercial;5220.00;30;;;;;;Appel entrant / Emailing / Marketing;2023-08-30;
8862835;75-Artis-Rue de Rivoli-Palissade retail-202308;won;Devis froid;Commercial;9097.00;30;;;;;;Appel entrant / Emailing / Marketing;2023-08-30;
8872680;75-Marriott-Paris 14ème-Habillage façade-202309;won;Devis froid;Commercial;22076.40;30;;;;;;Commercial / Partenaire;2023-09-01;
8872866;93-Portakabin-Neuilly s/Marne-Habillage module-202309;lost;Devis froid;Commercial;3750.04;30;;;;;;Appel entrant / Emailing / Marketing;2023-09-01;
8875305;60-CRC batiement-Lamorlaye-Altize-202309;lost;Devis froid;Commercial;8515.00;30;;;;;;Commercial / Partenaire;2023-09-01;
8878081;EXT-2023-Stkg Grenobles-0PP-Y0002;won;Identifié;Commercial;2400.00;0;;;;;;Commercial / Partenaire;2023-09-04;
8880404;13-Algeco-Mimet-Modulize-202309;won;Devis tiède;Commercial;1628.00;60;;;;;;Appel entrant / Emailing / Marketing;2023-09-04;
8888469;76-Portakabin-Lillebonne-ORTEC-Habillage module-202309;lost;Devis froid;Commercial;2620.00;30;;;;;;Appel entrant / Emailing / Marketing;2023-09-04;
8892917;75-Bouygues Bâtiment-Paris-Habillage chantier JLL Boetie-202309;lost;Devis froid;Commercial;55498.44;30;;;;;;Appel entrant / Emailing / Marketing;2023-09-05;
8896702;FR-Mel&Co-Road Show-Totems-202309;closed;Budget;Commercial;0.00;0;;;;;;Commercial / Partenaire;2023-09-06;
8901279;67-Groupe François Premier-Strasbourg-Habillage façade-202309;lost;Devis froid;Commercial;36287.60;30;;;;;;Commercial / Partenaire;2023-09-06;
8908807;83-LA REGIE-FREJUS-Stabilize Plots-202308-OPP-02492;won;Devis tiède;Commercial;6154.16;60;;;;;;Appel entrant / Emailing / Marketing;2023-09-07;
8910399;75-Financière JL-Paris-Habillage 34 Vieille du Temple-202309;lost;Devis froid;Commercial;6208.82;30;;;;;;Appel entrant / Emailing / Marketing;2023-09-07;
8911648;91-Deco Garden-Epinay s/Senart-Palissade bois-202309;closed;Devis froid;Commercial;44900.00;30;;;;;;Appel entrant / Emailing / Marketing;2023-09-07;
8925605;59-Artis-Lille-Palissade Hermes-202309;lost;Devis froid;Commercial;92026.40;30;;;;;;Client existant;2023-09-11;
8926672;84-Arc En Ciel-Orange-Kit Palissade-202309;won;Devis chaud;Commercial;18840.00;90;;;;;;Appel entrant / Emailing / Marketing;2023-09-11;
8928796;73-Bianco et Cie-Montvalezan-Palissades Bois-202309-OPP-02497;lost;Identifié;Commercial;119192.00;0;;;;;;Appel entrant / Emailing / Marketing;2023-09-12;
8929900;14-LETELLIER TP-Lagrune sur Mer-Palissade Mobilize-202309-OPP-02498;lost;Devis froid;Commercial;25623.76;30;;;;;;Appel entrant / Emailing / Marketing;2023-09-12;
8934183;14-OXALIS Paysages-LANGRUNE sur MER-Palissade Mobilize-202309-OPP-02499-;lost;Budget;Commercial;25623.76;0;;;;;;Bouche à oreille / Prescription;2023-09-13;
8938116;89-Algeco-Gron-Habillage sans tain-202309;closed;Devis froid;Commercial;5387.50;30;;;;;;Client existant;2023-09-13;
8938422;92-Algeco-St Cloud-AMERICAN SCHOOL OF PARIS Miroir sans tain-202309;lost;Devis froid;Commercial;1057.50;30;;;;;;Client existant;2023-09-13;
8938769;75-EIFFAGE CONSTRUCTION-Paris Haussmann-Palissades-202309-OPP-02502;lost;Identifié;Commercial;48913.75;0;;;;;;Appel entrant / Emailing / Marketing;2023-09-13;
8940547;10-Bouygues Construction-Nogent sur Seine-Panneau Plots-202309-OPP-02503;won;Devis froid;Commercial;2790.00;30;;;;;;Appel entrant / Emailing / Marketing;2023-09-13;
8958749;62-AXIONE-FEUCHY-Stabilize Plots Béton-202309-OPP-02504;won;Devis froid;Commercial;8574.40;30;;;;;;Aucune;2023-09-18;
8968011;95-Mairie-Garges-les-Gonesses-Habillage Décoratif-202309;lost;Devis froid;Commercial;34528.00;30;;;;;;Appel entrant / Emailing / Marketing;2023-09-19;
8969268;94-AGILIS-Massy-Stabilize Plots-202309-OPP-02506;closed;Devis froid;Commercial;20940.00;30;;;;;;Commercial / Partenaire;2023-09-19;
8970884;06-Signarama-Nice-Totem-202309;lost;Devis froid;Commercial;5050.00;30;;;;;;Bouche à oreille / Prescription;2023-09-19;
8975830;14-LNA Santé-Cricqueboeuf-Habillage module-202309;lost;Devis froid;Commercial;14608.80;30;;;;;;Appel entrant / Emailing / Marketing;2023-09-20;
8978411;SA-Wintellis-Al Ula-Habillage-202309;closed;Identifié;Commercial;0.00;0;;;;;;Appel entrant / Emailing / Marketing;2023-09-21;
8978973;93-MAIRIE-Neuilly-sur-Marne-Palissade Fan Zone-202309;closed;Qualifié;Commercial;0.00;0;;;;;;Appel entrant / Emailing / Marketing;2023-09-21;
8979583;73-Patriarche-xxx-Palissade bois-202309;closed;Qualifié;Commercial;0.00;0;;;;;;Appel entrant / Emailing / Marketing;2023-09-21;
8979908;74-MAIRIE-Annemasse-Habillage échafaudage-202309;lost;Devis froid;Commercial;17026.00;30;;;;;;Appel entrant / Emailing / Marketing;2023-09-21;
8989358;94-Pierreval-Orly-Altize-202309;won;Devis tiède;Commercial;4188.92;60;;;;;;Appel entrant / Emailing / Marketing;2023-09-22;
8989451;44-Pierreval-Nantes-4X3-202309;won;Devis tiède;Commercial;3360.00;60;;;;;;Commercial / Partenaire;2023-09-22;
8989527;75-Artis-Paris-Palissade Celine-202309;closed;Devis froid;Commercial;66903.00;30;;;;;;Client existant;2023-09-22;
8992026;91-RL 3000-Grigny-Stabilize Plots Lego-202309-OPP-02516;cancelled;Identifié;Commercial;49034.00;0;;;;;;Commercial / Partenaire;2023-09-24;
9004139;13-Portakabin-Rousset-ST Microelectronics-202309;lost;Devis tiède;Commercial;76579.82;60;;;;;;Appel entrant / Emailing / Marketing;2023-09-26;
9012840;93-Cougnaud-Pantin-Habillage Module-202309;lost;Devis froid;Commercial;3719.00;30;;;;;;Appel entrant / Emailing / Marketing;2023-09-27;
9022870;94-TDR Architecte-Thiais-Pomme de Pain Belle Epine-202309;lost;Devis froid;Commercial;27561.20;30;;;;;;Appel entrant / Emailing / Marketing;2023-09-29;
9036880;34-Pierreval-SCCV MONTPELLIER Route de Lodève-Habillage palissade-202310;won;Devis froid;Commercial;8905.00;30;;;;;;Aucune;2023-10-02;
9043318;75-HChevalier-Paris-Hôtel Matignon-202310;lost;Devis froid;Commercial;92030.00;30;;;;;;Appel entrant / Emailing / Marketing;2023-10-03;
9048862;13-Portakabin-Chateauneuf le Rouge-Habillage module-202310;closed;Devis froid;Commercial;46391.00;30;;;;;;Client existant;2023-10-04;
9050827;91-ECP-Montgeron-Altize-202310;lost;Devis tiède;Commercial;3775.00;60;;;;;;Appel entrant / Emailing / Marketing;2023-10-04;
9051995;95-Essor Group-Groslay-Habillage Palissade-202310;lost;Devis froid;Commercial;11123.50;30;;;;;;Appel entrant / Emailing / Marketing;2023-10-04;
9055563;13-ETF-Marseille-Vérification Consuel-202309-OPP-02526;won;Devis chaud;Commercial;700.00;90;;;;;;Client existant;2023-10-05;
9055737;75-Amplitude-Champs-Elysées-Halle 66-Habillage façade-202310;won;Devis tiède;Commercial;13591.71;60;;;;;;Aucune;2023-10-05;
9056818;91-MADIC Elec-Fleury Merogis-Câbles Cuivre-202310-OPP-02528;lost;Devis froid;Commercial;36071.08;30;;;;;;Commercial / Partenaire;2023-10-05;
9057473;85-FIRST NEGOCE METAL-Saint Martin de Fraigneau-Stabilize Plots Légo-202309-OPP-02529;lost;Devis froid;Commercial;49034.00;30;;;;;;Commercial / Partenaire;2023-10-05;
9061029;44-ALGECO-EDF ST NAZAIRE-MODULIZE-202310;lost;Devis froid;Commercial;41232.00;30;;;;;;Client existant;2023-10-05;
9065393;38-BT Clean-ÎSle D'Abeau-Palissade Bois-202310-OPP-02531;cancelled;Identifié;Commercial;0.00;0;;;;;;Appel entrant / Emailing / Marketing;2023-10-06;
9077301;75-Artis-Rue de Rivoli-Facade retail-202309;lost;Devis chaud;Commercial;14610.00;90;;;;;;Client existant;2023-10-09;
9077315;92-SIGNATURE IDF-Bagneux-Stabilize plots-202310-OPP-02533;won;Devis chaud;Commercial;1755.00;90;;;;;;Client existant;2023-10-09;
9089286;67-Umiami-Duppigheim-Habillage façade-202310;lost;Devis tiède;Commercial;28287.40;60;;;;;;Appel entrant / Emailing / Marketing;2023-10-11;
9090113;67-Umiami-Duppigheim-Enseigne-202310;lost;Qualifié;Commercial;3000.00;0;;;;;;Appel entrant / Emailing / Marketing;2023-10-11;
9092326;75-Oxy-Paris-Renforcement Portes Tour Eiffel-202310;won;Devis tiède;Commercial;2520.00;60;;;;;;Client existant;2023-10-11;
9093853;75-Augusta-Paris III-Musée Carnavalet-Palissade bois-202310;lost;Devis froid;Commercial;12510.55;30;;;;;;Appel entrant / Emailing / Marketing;2023-10-11;
9102499;14-ATELIER HEMON-Trouville sur Mer-Palissades Bois-202310-OPP-02538;lost;Devis froid;Commercial;57400.20;30;;;;;;Appel entrant / Emailing / Marketing;2023-10-13;
9103687;75-Paris 1 Sorbonne-Habillage façade-202310;lost;Devis froid;Commercial;12730.00;30;;;;;;Appel entrant / Emailing / Marketing;2023-10-13;
9106324;92-Algeco-Meudon-Thales-Modulize bardage-202310;closed;Qualifié;Commercial;0.00;0;;;;;;Client existant;2023-10-13;
9106757;60-Mairie-Lamorlaye-Totems-202310;closed;Devis froid;Commercial;44260.00;30;;;;;;Bouche à oreille / Prescription;2023-10-13;
9107073;80-Artdhesif-Amiens-Totems-202310;closed;Budget;Commercial;0.00;0;;;;;;Appel entrant / Emailing / Marketing;2023-10-13;
9131793;75-Sice Previt-Paris-Bulgari-202310;lost;Devis froid;Commercial;216242.00;30;;;;;;Appel entrant / Emailing / Marketing;2023-10-18;
9135162;75-WMHProject-Ministère Économie-Totems-202310;lost;Devis froid;Commercial;38665.00;30;;;;;;Appel entrant / Emailing / Marketing;2023-10-19;
9135396;37-Algeco-Saint-Pïerre-des-Corps-Modulize-202310;won;Devis tiède;Commercial;1416.50;60;;;;;;Client existant;2023-10-19;
9136357;78-Esprimm-Versailles-Habillage façade-202310;won;Devis tiède;Commercial;967.00;60;;;;;;Client existant;2023-10-19;
9153628;58-Europub-Varennes-Vauzelles-Totem-202310;lost;Devis froid;Commercial;11459.00;30;;;;;;Appel entrant / Emailing / Marketing;2023-10-23;
9155863;31-Mairie-Balma-Totem-202310;closed;Devis froid;Commercial;0.00;30;;;;;;Appel entrant / Emailing / Marketing;2023-10-23;
9157415;34-Cellier du Pic-Assas-Totem-202310;won;Devis froid;Commercial;3230.00;30;;;;;;Appel entrant / Emailing / Marketing;2023-10-23;
9169811;14-Care Promotion-Bayeux-Panneau de chantier-202310;lost;Devis tiède;Commercial;2770.00;60;;;;;;Commercial / Partenaire;2023-10-25;
9173551;22-Pierreval-Erquy-4X3-202310;won;Devis froid;Commercial;3120.00;30;;;;;;Client existant;2023-10-26;
9178286;69-ETF-Lyon-STABILIZE Plots-202310-OPP-02552;cancelled;Devis froid;Commercial;4667.00;30;;;;;;Client existant;2023-10-26;
9178422;76-AER-Franqueville-Saint-Pierre-Stabilize Plots-202310-OPP-02553;cancelled;Devis froid;Commercial;746.00;30;;;;;;Commercial / Partenaire;2023-10-26;
9178434;93-Farenis-Montreuil-Habillage Palissade-202310;won;Devis tiède;Commercial;3441.08;60;;;;;;Appel entrant / Emailing / Marketing;2023-10-26;
9179339;75-Vraiment Vraiment-Paris-Totem PMGM-202310;closed;Devis tiède;Commercial;28308.00;60;;;;;;Appel entrant / Emailing / Marketing;2023-10-26;
9184632;29-Ocelian-Roscoff-Palissade bois-202310;closed;Devis froid;Commercial;39936.50;30;;;;;;Appel entrant / Emailing / Marketing;2023-10-27;
9190077;14-TEIM-Calvados-Stabilize Plots-202310-OPP-02557;lost;Devis froid;Commercial;11015.59;30;;;;;;Commercial / Partenaire;2023-10-30;
9204733;IDF-Algeco-IDF Mobilité JO 2024-202310;won;Devis froid;Commercial;118629.68;30;;;;;;Client existant;2023-11-02;
9210056;26-Siti-Valence-Plaques Dibond-3mm-202311;won;Devis chaud;Commercial;4534.40;90;;;;;;Appel entrant / Emailing / Marketing;2023-11-03;
9212767;33-Agence Shops-Bordeaux-Totem-202311;lost;Devis tiède;Commercial;9730.00;60;;;;;;Appel entrant / Emailing / Marketing;2023-11-03;
9214288;95-MAIRIE-ECOUEN-TOTEM-202311;lost;Devis tiède;Commercial;16367.50;60;;;;;;Client existant;2023-11-03;
9220282;76-Bouygues E&S-Franqueville-Stabilize Plot-202311-OPP-02562;closed;Budget;Commercial;1555.89;0;;;;;;Commercial / Partenaire;2023-11-06;
9232976;56-MORBIHANNAISE DE BATIMENT-Lorient-Altize-202311;closed;Budget;Commercial;0.00;0;;;;;;Bouche à oreille / Prescription;2023-11-07;
9233125;75-Bouygues Batiment-Paris Cognacq Jay-Palissades+Signalisation-202311-OPP-02564;lost;Identifié;Commercial;23650.08;0;;;;;;Commercial / Partenaire;2023-11-07;
9249809;91-Portakabin-Mauchamps-Habillage module-202311;won;Devis chaud;Commercial;31329.56;90;;;;;;Client existant;2023-11-09;
9253552;92-YAD Space-Rueil-Malmaison-Totems-202311;lost;Devis froid;Commercial;17565.00;30;;;;;;Appel entrant / Emailing / Marketing;2023-11-10;
9255230;72-OCELIAN-Le Mans-Palissade-202311-OPP-02567;won;Devis froid;Commercial;42363.71;30;;;;;;Commercial / Partenaire;2023-11-10;
9259630;34-Mairie-La Grande Motte-Totem-202311;lost;Devis tiède;Commercial;23550.00;60;;;;;;Appel entrant / Emailing / Marketing;2023-11-12;
9266900;75-InLuce-Paris-Palissade Margiela-202311;lost;Devis froid;Commercial;10836.80;30;;;;;;Client existant;2023-11-13;
9269637;77-Algeco-Meaux-Habillage sans tain-202311;won;Devis froid;Commercial;4993.00;30;;;;;;Client existant;2023-11-13;
9272352;91-Algeco-Mauchamps-Habillage module-202311;lost;Devis froid;Commercial;38847.00;30;;;;;;Client existant;2023-11-14;
9274337;77-Alpha tp-MASSY-Palissade plot-202311-OPP-02572;lost;Identifié;Commercial;0.00;0;;;;;;Commercial / Partenaire;2023-11-14;
9280097;21-Algeco-Meursault-Modulize-202311;won;Devis froid;Commercial;6512.00;30;;;;;;Client existant;2023-11-15;
9283745;01-Mairie Neyron-Totems-202311;lost;Devis froid;Commercial;5815.00;30;;;;;;Appel entrant / Emailing / Marketing;2023-11-15;
9288510;06-Access agencement-Cannes-Palissade retail-202311;lost;Devis froid;Commercial;24149.80;30;;;;;;Appel entrant / Emailing / Marketing;2023-11-16;
9289395;77-K&B-Ozoir la Ferrière-Altize-202311;closed;Qualifié;Commercial;0.00;0;;;;;;Client existant;2023-11-16;
9301574;75-Rougier et Plé-Paris-Démontage Structure+Echafaudage-202311;won;Devis tiède;Commercial;36012.89;60;;;;;;Client existant;2023-11-17;
9305109;01-Algeco-Balan-SK Functional Polymer-202311;won;Devis tiède;Commercial;2123.00;60;;;;;;Client existant;2023-11-20;
9316463;26-Algeco-Beaufort S/Gervanne-Val de Drome-202311;won;Devis chaud;Commercial;11622.91;90;;;;;;Client existant;2023-11-21;
9326371;31-Beyond Aerospace-Toulouse-Habillage façade-202311;closed;Devis froid;Commercial;26414.00;30;;;;;;Appel entrant / Emailing / Marketing;2023-11-23;
9329510;67-K&B-ILLKIRCH GRAFFENSTADEN-4X3-202311;lost;Devis froid;Commercial;4370.00;30;;;;;;Client existant;2023-11-23;
9329548;67-K&B-Strasbourg-Habillage chantier-202311;lost;Devis froid;Commercial;5973.00;30;;;;;;Client existant;2023-11-23;
9329578;67-K&B-WISSEMBOURG-Altize-202311;lost;Budget;Commercial;0.00;0;;;;;;Client existant;2023-11-23;
9329607;67-K&B-STRASBOURG-Altize-202311;lost;Devis froid;Commercial;7385.25;30;;;;;;Client existant;2023-11-23;
9333220;91-Pierreval-Dourdan-4X3-202311;lost;Devis tiède;Commercial;3360.00;60;;;;;;Client existant;2023-11-24;
9333650;84-Portakabin-Cabrières d'Avignon-Habillage module-202311;lost;Budget;Commercial;42559.03;0;;;;;;Client existant;2023-11-24;
9344643;67-Schreiber-Altize maintenance-202311;closed;Budget;Commercial;0.00;0;;;;;;Appel entrant / Emailing / Marketing;2023-11-27;
9344824;44-Pierreval-Donges-Habillage Palissade-202311;won;Devis tiède;Commercial;4255.00;60;;;;;;Client existant;2023-11-27;
9347509;74-Pierreval-Annemasse-Drapeau Grue-202311;won;Devis tiède;Commercial;895.00;60;;;;;;Client existant;2023-11-27;
9347656;65-Toponymy-Cauterets-Totem-202311;closed;Budget;Commercial;0.00;0;;;;;;Appel entrant / Emailing / Marketing;2023-11-27;
9350269;13-PK Events-Marseille-Habillage JO2024-202311;closed;Qualifié;Commercial;55000.00;0;;;;;;Appel entrant / Emailing / Marketing;2023-11-27;
9351058;14-TEIM-CAUMONT-PERCY-STOCK-BAYEUX-Stabilize Plot-202311-OPP-02592;lost;Devis tiède;Commercial;3618.85;60;;;;;;Commercial / Partenaire;2023-11-27;
9357170;75-Sinfonic-Paris-Habillage Palissade-202311;lost;Devis tiède;Commercial;7303.70;60;;;;;;Appel entrant / Emailing / Marketing;2023-11-28;
9357665;75-MASSIMO GUSTO-Paris-Stabilize Plots-202311-OPP-02594;won;Devis chaud;Commercial;420.00;90;;;;;;Aucune;2023-11-28;
9390056;14-Vinci construction M&F-Bayeux-Dépose PalissadeOH4-OH8-202312-OPP-02595;won;Devis froid;Commercial;1005.36;30;;;;;;Client existant;2023-12-05;
9390510;38-Algeco-Susville-Habillage trompe l'oeil-202311;lost;Qualifié;Commercial;11334.50;0;;;;;;Client existant;2023-12-05;
9413716;92-RAZEL-BEC-YSSY LES MOULINEAUX-Panneaux-info-SAV-202312-OPP-02597;lost;Devis froid;Commercial;1350.00;30;;;;;;Client existant;2023-12-08;
9420708;14-INTERCOM-BAYEUX-Palissades Bois-202312-OPP-02598;won;Devis chaud;Commercial;4673.00;90;;;;;;Bouche à oreille / Prescription;2023-12-11;
9430378;52-Seine Grands Lacs-Giffaumont-Champaubert-Totem-202312;lost;Devis froid;Commercial;35330.00;30;;;;;;Commercial / Partenaire;2023-12-12;
9430744;75-O Connection-Paris JO2024-Habillage Toile-202312;closed;Devis froid;Commercial;200.00;30;;;;;;Appel entrant / Emailing / Marketing;2023-12-12;
9430979;93-Algeco-Blanc Mesnil-Modulize-202312;closed;Devis froid;Commercial;7546.00;30;;;;;;Client existant;2023-12-12;
9437136;75-Cougnaud-Paris-JO2024-202312;lost;Devis froid;Commercial;39116.48;30;;;;;;Client existant;2023-12-13;
9437836;84-Museocom-Avignon-Totems-202312;closed;Qualifié;Commercial;0.00;0;;;;;;Appel entrant / Emailing / Marketing;2023-12-13;
9440731;75-HChevalier-Paris-Belle Jardinière renouvellement toile-202312;closed;Devis froid;Commercial;34202.85;30;;;;;;Client existant;2023-12-13;
9450515;93-AES France-Saint denis-Stabilize plot + Poteaux-202312-OPP-02605;lost;Identifié;Commercial;204336.17;0;;;;;;Appel entrant / Emailing / Marketing;2023-12-14;
9459375;54-DS Impression-Nancy-Totems-202312;won;Devis chaud;Commercial;13430.00;90;;;;;;Appel entrant / Emailing / Marketing;2023-12-15;
9459569;78-Agence Kerozen-Viroflay-Habillage Facade-202312;closed;Qualifié;Commercial;0.00;0;;;;;;Appel entrant / Emailing / Marketing;2023-12-15;
9466790;75-Amplitude-Champs-Elysées Halle 66-Adhésifs-202312;won;Devis froid;Commercial;34442.81;30;;;;;;Client existant;2023-12-18;
9468505;75-4 Aout-Paris-Totem RATP-202312;lost;Devis froid;Commercial;2880.00;30;;;;;;Commercial / Partenaire;2023-12-18;
9471305;75-BNPParibas-Paris-Palissade-202312;closed;Budget;Commercial;1200.00;0;;;;;;Aucune;2023-12-19;
9471517;95-Mairie Pontoise-Totem-202312;lost;Devis froid;Commercial;13985.00;30;;;;;;Appel entrant / Emailing / Marketing;2023-12-19;
9474070;92-Algeco-Bourg La Reine-Modulize-202312;lost;Devis froid;Commercial;13940.00;30;;;;;;Client existant;2023-12-19;
9479267;95-Algeco-Roissy-Lady Bird-202312;won;Devis froid;Commercial;6338.00;30;;;;;;Client existant;2023-12-20;
9489261;67-DS Impression-Strasbourg-Totems-202312;lost;Devis froid;Commercial;20371.50;30;;;;;;Client existant;2023-12-22;
9489630;92-Algeco-Sceaux-Module Eiffage-202312;lost;Devis chaud;Commercial;14358.00;90;;;;;;Client existant;2023-12-22;
9515458;93-Algeco-Montreuil-Bandeau Eiffage-202401;lost;Devis froid;Commercial;11178.00;30;;;;;;Client existant;2024-01-02;
9524017;69-Ineo-Equans-Lyon BHNS-Plots Béton-202401-OPP-02617;closed;Devis froid;Commercial;77100.00;30;;;;;;Commercial / Partenaire;2024-01-03;
9524248;69-S-E-R-P-Lyon BHNS-Plots Béton et Stabilize-202401-OPP-02618;closed;Qualifié;Commercial;0.00;0;;;;;;Commercial / Partenaire;2024-01-03;
9526343;ALT 2024-Maintenance;closed;Identifié;Commercial;0.00;0;;;;;;Aucune;2024-01-04;
9526351;INT 2024-Stkg et opérationnel;closed;Identifié;Commercial;0.00;0;;;;;;Aucune;2024-01-04;
9526355;MKT 2024-Marketing et Com;closed;Identifié;Commercial;0.00;0;;;;;;Aucune;2024-01-04;
9526359;DEV 2024-Dev produit;closed;Identifié;Commercial;0.00;0;;;;;;Aucune;2024-01-04;
9526364;SALES 2024-Dev Commercial;closed;Identifié;Commercial;0.00;0;;;;;;Aucune;2024-01-04;
9537100;69-Algeco-Venissieux-Modulize-202401;lost;Devis froid;Commercial;2557.00;30;;;;;;Client existant;2024-01-05;
9537406;75-Oxy-Paris-Lestage-202401;lost;Devis froid;Commercial;4650.00;30;;;;;;Client existant;2024-01-05;
9537502;25-Pierreval-SCCV BESANCON VIEILLEY-Habillage chantier-202401;lost;Devis tiède;Commercial;1060.00;60;;;;;;Client existant;2024-01-05;
9537851;78-Algeco-Louveciennes-SSR KORIAN Val-de-Seine-202401;closed;Devis froid;Commercial;4302.00;30;;;;;;Client existant;2024-01-05;
9538131;77-Mairie-Dammarie lès Lys-Totem pièces détachées-202401;lost;Devis froid;Commercial;466.47;30;;;;;;Client existant;2024-01-05;
9553236;14-Cougnaud-Caen-Films dépolis-202401;won;Devis froid;Commercial;3128.32;30;;;;;;Client existant;2024-01-09;
9556785;69-EiffageC-Ternay-200 pochettes-202401;won;Devis tiède;Commercial;2320.00;60;;;;;;Client existant;2024-01-09;
9556802;52-Cozzella-St Dizier-Toile-202401;won;Devis froid;Commercial;880.64;30;;;;;;Client existant;2024-01-09;
9559597;93-SMMV-ADEFINIR-Toile-202401;lost;Devis froid;Commercial;4020.00;30;;;;;;Appel entrant / Emailing / Marketing;2024-01-09;
9569328;80-Vinci Immobilier-Amiens-Altize-202401;closed;Budget;Commercial;0.00;0;;;;;;Commercial / Partenaire;2024-01-11;
9578109;92-Mairie-Chatillon-Totem-202401;closed;Budget;Commercial;0.00;0;;;;;;Appel entrant / Emailing / Marketing;2024-01-12;
9590748;76-Portakabin-Criquetot-Habillage Module-202401;closed;Devis froid;Commercial;6632.30;30;;;;;;Client existant;2024-01-16;
9591001;45-Portakabin-Fay-aux-loges-Habillage Module-202401;lost;Devis froid;Commercial;8061.13;30;;;;;;Client existant;2024-01-16;
9591687;92-SICA-LOGISTIQUE-SURESNES-Palissades bois-202401-OPP-02637;lost;Devis froid;Commercial;170480.90;30;;;;;;Appel entrant / Emailing / Marketing;2024-01-16;
9603339;91-Cougnaud-Juvigny-Habillage Module-202401;closed;Devis froid;Commercial;75553.55;30;;;;;;Client existant;2024-01-17;
9609765;69-Imprimerie Multis-Rhône-Alpes-Toile micro perforée-202401;lost;Devis froid;Commercial;23560.00;30;;;;;;Appel entrant / Emailing / Marketing;2024-01-18;
9621900;91-Leon Grosse-Juvigny-Habillage Module-202401;lost;Devis froid;Commercial;75625.55;30;;;;;;Appel entrant / Emailing / Marketing;2024-01-21;
9622697;75-Qivy-Paris-Habillage Echafaudage-202401;closed;Qualifié;Commercial;0.00;0;;;;;;Appel entrant / Emailing / Marketing;2024-01-21;
9622711;75-Decoral-Paris-Ministere Affaires Etrangères-202401;lost;Devis froid;Commercial;66060.00;30;;;;;;Appel entrant / Emailing / Marketing;2024-01-21;
9627044;92-Theop-Rueil Malmaison-Palissade Panneaux imprimés-202401;won;Devis froid;Commercial;8960.45;30;;;;;;Client existant;2024-01-22;
9627503;55-COMMUNAUTE de COMMUNES-MONTMEDY-Palissade bois-202401-OPP-02644;lost;Devis froid;Commercial;19191.22;30;;;;;;Appel entrant / Emailing / Marketing;2024-01-22;
9629155;54-Nouvel Habitat-Nancy-Habillage Module-202401;lost;Devis froid;Commercial;9482.24;30;;;;;;Appel entrant / Emailing / Marketing;2024-01-22;
9635751;33-DCR-Bordeaux-Palissade Mobilize-202401-OPP-02646;lost;Devis froid;Commercial;16187.20;30;;;;;;Appel entrant / Emailing / Marketing;2024-01-23;
9642149;94-FFTA-INSEP-Totem-202401;lost;Devis froid;Commercial;6965.00;30;;;;;;Appel entrant / Emailing / Marketing;2024-01-24;
9644450;06-RAZEL-BEC-NICE HALIOTIS-Palissades-202401-OPP-02648;lost;Devis tiède;Commercial;235720.00;60;;;;;;Appel entrant / Emailing / Marketing;2024-01-25;
9647856;45-Mairie-Checy-Palissade-202401;won;Devis froid;Commercial;20330.75;30;;;;;;Appel entrant / Emailing / Marketing;2024-01-25;
9660727;44-Legendre Immobilier-Nantes-Facade Gare-202401;lost;Devis froid;Commercial;77174.52;30;;;;;;Appel entrant / Emailing / Marketing;2024-01-28;
9678761;34-Lamberton-Montpellier-STABILIZE Plots-202401-OPP-02651;lost;Budget;Commercial;1239.00;0;;;;;;Appel entrant / Emailing / Marketing;2024-01-31;
9679911;36-AES-Chateauroux test-Installation Electrification-202401-OPP-02652;won;Devis chaud;Commercial;35673.00;90;;;;;;Client existant;2024-01-31;
9690586;92-Lafarge-Gennevilliers-Signaletique-202401;lost;Devis froid;Commercial;24955.02;30;;;;;;Bouche à oreille / Prescription;2024-01-31;
9697629;95-Algeco-Taverny-Modulize Economat des armées-202401;won;Devis froid;Commercial;19884.00;30;;;;;;Client existant;2024-02-01;
9698474;93-CBI VINCI CONSTRUCTION-PIERREFITTE-Palissade Bois-202402-OPP-02655;cancelled;Devis froid;Commercial;157326.00;30;;;;;;Appel entrant / Emailing / Marketing;2024-02-02;
9699897;14-Cremaillere Resort-Courseulles s/ Mer-Palissade Bois-202402;lost;Devis froid;Commercial;13745.00;30;;;;;;Appel entrant / Emailing / Marketing;2024-02-02;
9703243;77-Atland-Noisiel-Habillage Chantier-202401;won;Devis chaud;Commercial;2124.00;90;;;;;;Client existant;2024-02-02;
9708127;78-Leon Grosse-Versailles-Support de com-panneaux-202402-OPP-02658;closed;Qualifié;Commercial;0.00;0;;;;;;Appel entrant / Emailing / Marketing;2024-02-04;
9709813;93-AES-IDF-Lestage structures-202402-OPP-02659;lost;Devis tiède;Commercial;464403.11;60;;;;;;Aucune;2024-02-05;
9717542;45-Theobora-Pittiviers-Totem-202402;closed;Budget;Commercial;0.00;0;;;;;;Appel entrant / Emailing / Marketing;2024-02-05;
9718699;17-CHARIER TDD-La Rochelle-Palissade bois+Plots-202402-OPP-02661;lost;Devis froid;Commercial;16096.00;30;;;;;;Appel entrant / Emailing / Marketing;2024-02-06;
9726402;77-VISUAL SOLUTIONS-Tremblay en France-202402-OPP-02663;won;Devis tiède;Commercial;950.00;60;;;;;;Commercial / Partenaire;2024-02-06;
9728885;94-SOMATER-St Maur-Altize-202402;closed;Devis froid;Commercial;5648.00;30;;;;;;Client existant;2024-02-07;
9740312;93-Ministere Culture-St Denis-Totem-202402;won;Devis chaud;Commercial;29358.67;90;;;;;;Appel entrant / Emailing / Marketing;2024-02-07;
9758840;21-Mairie-Saint Symphorien-Toile-202402;lost;Devis froid;Commercial;2725.00;30;;;;;;Appel entrant / Emailing / Marketing;2024-02-08;
9758863;38-Mairie-Meylan-Habillage Chantier-202402;closed;Devis froid;Commercial;30670.00;30;;;;;;Appel entrant / Emailing / Marketing;2024-02-08;
9766882;44-CCOMPUB-NANTES-Plots 4x3-202402-OPP-02668;lost;Identifié;Commercial;1622.50;0;;;;;;Appel entrant / Emailing / Marketing;2024-02-11;
9785117;44-Artibat-Rennes-Totem-202402;lost;Budget;Commercial;0.00;0;;;;;;Appel entrant / Emailing / Marketing;2024-02-14;
9785356;91-Thales-Palaiseau-Habillage Panneau-202402;closed;Qualifié;Commercial;0.00;0;;;;;;Appel entrant / Emailing / Marketing;2024-02-14;
9787941;78-Impression 360-Fontenay-Totem-202402;lost;Devis froid;Commercial;13386.87;30;;;;;;Bouche à oreille / Prescription;2024-02-14;
9804541;77-Mairie-Saint Germain Laval-Totem-202402;closed;Budget;Commercial;4000.00;0;;;;;;Appel entrant / Emailing / Marketing;2024-02-16;
9811486;59-Bouygues-E&S-LILLE-TOTEM PLOTS + STABILIZE-202402-OPP-02673;closed;Devis froid;Commercial;0.00;30;;;;;;Appel entrant / Emailing / Marketing;2024-02-18;
9826937;59-Soreli-Lille-Totem-202402;lost;Devis froid;Commercial;28683.00;30;;;;;;Appel entrant / Emailing / Marketing;2024-02-20;
9837239;92-Mairie-Montrouge-Exposition Jardins & Fleurs-202402;lost;Devis froid;Commercial;14180.00;30;;;;;;Appel entrant / Emailing / Marketing;2024-02-22;
9838186;69-Prodezza-St Priest-Totem-202402;lost;Devis froid;Commercial;5725.00;30;;;;;;Appel entrant / Emailing / Marketing;2024-02-22;
9839437;83-Cometra-Toulon-Opéra de Toulon-202402;lost;Devis froid;Commercial;92486.50;30;;;;;;Appel entrant / Emailing / Marketing;2024-02-22;
9840605;75-SPL Paris et Métropole-Paris-Totem-202402;won;Devis chaud;Commercial;12765.00;90;;;;;;Bouche à oreille / Prescription;2024-02-22;
9843734;92-CRAF-Meudon-Altize-202402-OPP-02679;lost;Devis froid;Commercial;15600.00;30;;;;;;Appel entrant / Emailing / Marketing;2024-02-22;
9844642;75-AES-BCY Arena Bercy-Carottage-202402-OPP-02680;closed;Budget;Commercial;895.00;0;;;;;;Client existant;2024-02-23;
9846660;37-DCI Environnement-Tours-Totem-202402;closed;Qualifié;Commercial;0.00;0;;;;;;Appel entrant / Emailing / Marketing;2024-02-23;
9859785;77-EPA Marne-Bussy Saint Georges-Totem-202402;lost;Devis tiède;Commercial;17285.00;60;;;;;;Client existant;2024-02-26;
9866318;29-Mairie-Quimper-Totem-202402;lost;Devis froid;Commercial;5000.00;30;;;;;;Appel entrant / Emailing / Marketing;2024-02-27;
9878105;92-Colas-Chatillon-Totem+Palissade-202402;lost;Devis froid;Commercial;41633.35;30;;;;;;Commercial / Partenaire;2024-02-29;
9878581;17-Centre Chorégraphique-La Rochelle-Totem-202402;won;Devis tiède;Commercial;10120.00;60;;;;;;Appel entrant / Emailing / Marketing;2024-02-29;
9878742;91-Portakabin-Gif-sur-Yvette-Adhésif-202402;closed;Qualifié;Commercial;0.00;0;;;;;;Bouche à oreille / Prescription;2024-02-29;
9883186;13-Bouygues E&S-Marseille-Stabilize Plots-202402-OPP-02687;won;Budget;Commercial;5585.00;0;;;;;;Commercial / Partenaire;2024-02-29;
9885032;94-Axho-Choisy-Communication Régate-202402;won;Devis froid;Commercial;4502.00;30;;;;;;Client existant;2024-03-01;
9885268;57-CC Houve-Pays Boulageois-Totem-202402;closed;Budget;Commercial;0.00;0;;;;;;Appel entrant / Emailing / Marketing;2024-03-01;
9885615;BE-1-BRUSSELS MAJOR EVENTS-BRUSSELS-TOTEM-202402;lost;Devis froid;Commercial;43960.00;30;;;;;;Client existant;2024-03-01;
9885725;92-RAZEL-BEC-YSSY LES MOULINEAUX-Panneaux-info-SAV-202303-OPP-02691;won;Devis chaud;Commercial;500.00;90;;;;;;Aucune;2024-03-01;
9886278;78-Pierreval-Maurepas-Caisson Grue-202402;lost;Devis froid;Commercial;4775.00;30;;;;;;Client existant;2024-03-01;
9898053;78-Algeco-Houilles-Bandeau Eiffage-202403;won;Devis froid;Commercial;1919.24;30;;;;;;Client existant;2024-03-04;
9899889;26-EIFFAGE ENERGIE Infra RA-Bourg les valence-Stabilize Plots-202403-OPP-02694;lost;Devis froid;Commercial;1999.34;30;;;;;;Client existant;2024-03-04;
9899962;77-AGILIS-IDF-OUEST-NORMANDIE&NORD-Stabilise Plots-202403-OPP-02695;lost;Devis froid;Commercial;91168.50;30;;;;;;Commercial / Partenaire;2024-03-04;
9917334;75-Iceberg-Paris-CA Immobilier Rue du Havre-202403;lost;Devis froid;Commercial;15514.98;30;;;;;;Client existant;2024-03-06;
9919423;92-Terideal-Chatillon-Totem+Palissade-202403;lost;Devis froid;Commercial;41633.35;30;;;;;;Commercial / Partenaire;2024-03-06;
9921456;75-AES FRANCE-Paris Trocadéro-Electrification-202403-OPP-02698;won;Devis chaud;Commercial;7881.35;90;;;;;;Commercial / Partenaire;2024-03-07;
9929008;30-Alizé Concept-Nimes-Totem-202403;lost;Devis tiède;Commercial;38806.60;60;;;;;;Appel entrant / Emailing / Marketing;2024-03-08;
9936854;92-SOHP-Issy Les Moulineaux-Palissade rue Paul Bert-202403;lost;Devis froid;Commercial;3855.00;30;;;;;;Commercial / Partenaire;2024-03-10;
9936856;92-SOHP-Issy Les Moulineaux-Bache sur échafaudage avenue de Verdun-202403;lost;Qualifié;Commercial;0.00;0;;;;;;Commercial / Partenaire;2024-03-10;
9936857;92-SOHP-Montrouge-Palissade rue Couprie-202403;lost;Devis froid;Commercial;21180.00;30;;;;;;Commercial / Partenaire;2024-03-10;
9949185;36-AES FRANCE-Châteauroux-Palissades Autoportante-202403-OPP-02703;lost;Devis froid;Commercial;17417.00;30;;;;;;Client existant;2024-03-11;
9951936;78-GL Events-Montigny-le-Bretonneux-Modulize-202403;lost;Devis froid;Commercial;12684.00;30;;;;;;Bouche à oreille / Prescription;2024-03-12;
9962390;92-Double Face-IDF-Totem exposition-202403;closed;Qualifié;Commercial;0.00;0;;;;;;Appel entrant / Emailing / Marketing;2024-03-13;
9962629;75-Mobilier National-Paris-Photocall Elysées-202403;closed;Qualifié;Commercial;0.00;0;;;;;;Appel entrant / Emailing / Marketing;2024-03-13;
9965777;91-Iceberg-Mennecy-Panneau de chantier-202403;lost;Devis froid;Commercial;4019.00;30;;;;;;Client existant;2024-03-13;
9965989;95-Agglo-Val Parisis-Kakemono-202403;won;Devis froid;Commercial;8530.00;30;;;;;;Commercial / Partenaire;2024-03-13;
9977740;75-LCM Breuzard-Paris-Palissade-202403;lost;Devis froid;Commercial;85890.00;30;;;;;;Appel entrant / Emailing / Marketing;2024-03-14;
9980811;91-METROPOLE-Corbeil-Essonnes-Stabilize Plots-202403-OPP-02710;won;Devis froid;Commercial;2395.00;30;;;;;;Appel entrant / Emailing / Marketing;2024-03-15;
9983133;91-WePrint4U-IDF-Totem-202403;lost;Qualifié;Commercial;0.00;0;;;;;;Appel entrant / Emailing / Marketing;2024-03-15;
9991946;93-AES FRANCE-AQC Saint Denis-Electrification-202403-OPP-02712;won;Devis froid;Commercial;42470.00;30;;;;;;Client existant;2024-03-18;
10006650;IDF-Doublet CSM Live-IDF-JO 2024-202403;closed;Qualifié;Commercial;0.00;0;;;;;;Appel entrant / Emailing / Marketing;2024-03-19;
10010083;92-AES-FRANCE-La Defense JO 2024-202403-OPP-02714;closed;Devis froid;Commercial;65720.00;30;;;;;;Client existant;2024-03-20;
10032518;75-Ambassade des Etats-Unis-Paris-Habillage rampe-202403;won;Devis froid;Commercial;101870.00;30;;;;;;Appel entrant / Emailing / Marketing;2024-03-24;
10053137;78-Marie-Rambouillet-Habillage palissade-202403;lost;Devis froid;Commercial;14223.50;30;;;;;;Client existant;2024-03-25;
10089781;38-LeGroup-Grenoble-Totem-202403;lost;Devis froid;Commercial;24105.00;30;;;;;;Appel entrant / Emailing / Marketing;2024-03-29;
10090926;75-LVDH-Paris-Enlèvement Façade rue Lepic-202403;lost;Devis froid;Commercial;2490.00;30;;;;;;Client existant;2024-03-29;
10092308;69-Algeco-Ecully-Modulize-202403;closed;Devis froid;Commercial;11729.00;30;;;;;;Client existant;2024-03-29;
10099234;75-AES-BCY Arena Bercy-Electrification-Plots Poteaux+Support-202403-OPP-02720;won;Devis froid;Commercial;26180.00;30;;;;;;Client existant;2024-04-01;
10102863;41-Portakabin-Saint Michel Contres-Modulize-202403;lost;Devis froid;Commercial;10992.03;30;;;;;;Client existant;2024-04-02;
10108756;92-AES France-La DEF Gate 67-Installation-202404-OPP-02722;lost;Devis froid;Commercial;43445.00;30;;;;;;Client existant;2024-04-02;
10119240;06-Hôtel Negresco-Nice-Habillage Echafaudage-202404;closed;Qualifié;Commercial;0.00;0;;;;;;Appel entrant / Emailing / Marketing;2024-04-03;
10126246;45-Mairie-Orléans-Totem-202404;lost;Devis froid;Commercial;5070.00;30;;;;;;Client existant;2024-04-04;
10131890;75-Bouygues Batiment-Paris Rue du Coq-Etude Grafic-202404-OPP-02725;lost;Devis froid;Commercial;1080.00;30;;;;;;Commercial / Partenaire;2024-04-05;
10136189;38-Signarama-Crémieu-Stabilize Plot-202404-OPP-02726;lost;Devis froid;Commercial;2397.00;30;;;;;;Appel entrant / Emailing / Marketing;2024-04-08;
10142267;92-BP.R-Clichy-Chantier L'OREAL-202404;lost;Devis froid;Commercial;262000.00;30;;;;;;Appel entrant / Emailing / Marketing;2024-04-08;
10148891;31-DVN-Toulouse-Totem-202404;closed;Budget;Commercial;0.00;0;;;;;;Appel entrant / Emailing / Marketing;2024-04-09;
10149688;22-Mairie-Pleslin Trigavou-Totem-202404;closed;Budget;Commercial;0.00;0;;;;;;Appel entrant / Emailing / Marketing;2024-04-09;
10154711;45-EIFFAGE ENERGIES SYSTEME_CTRE LOIRE-EP-Orléans-Plots-202404-OPP-02730;lost;Devis froid;Commercial;1930.00;30;;;;;;Client existant;2024-04-10;
10159261;77-Algeco-Chessy-Modulize Disney-202404;won;Devis tiède;Commercial;11530.00;60;;;;;;Client existant;2024-04-10;
10160573;67-Uperio-Strasbourg-Altize-202404;closed;Devis froid;Commercial;8265.00;30;;;;;;Aucune;2024-04-10;
10167083;92-Epiceum-Rueil Malmaison-Totem-202404;lost;Devis froid;Commercial;12785.00;30;;;;;;Client existant;2024-04-11;
10169370;93-Sogea IDF-Gare du LANDY-Electrification SOLUX-202404-OPP-02734;lost;Devis froid;Commercial;6432.48;30;;;;;;Client existant;2024-04-12;
10184849;54-Pixcolor-ADF-Totem-202404;closed;Budget;Commercial;0.00;0;;;;;;Appel entrant / Emailing / Marketing;2024-04-15;
10186071;92-Algeco-Neuilly s/ Seine-Modulize-202404;lost;Devis froid;Commercial;23740.13;30;;;;;;Client existant;2024-04-15;
10186637;93-AES FRANCE-AQC Saint Denis-Additionnal Items-202404-OPP-02737;won;Devis froid;Commercial;99723.00;30;;;;;;Client existant;2024-04-15;
10186781;75-METROPOLE-Porte de Versailles-STABILISE-202404-OPP-02738;won;Devis froid;Commercial;1938.00;30;;;;;;Client existant;2024-04-15;
10200585;75-CNOSF-Paris-Exposition-202404;lost;Devis froid;Commercial;92725.00;30;;;;;;Bouche à oreille / Prescription;2024-04-17;
10213161;93-AES FRANCE-IDF-J hooks-202404;won;Devis froid;Commercial;85508.00;30;;;;;;Client existant;2024-04-18;
10213325;76-Parc Naturelle Boucles Seine-ND de Bliquetuit-Totem-202404;lost;Devis froid;Commercial;27991.00;30;;;;;;Appel entrant / Emailing / Marketing;2024-04-18;
10214296;93-AES France-Le Bourget LBO-plots-202404-OPP-02742;won;Devis froid;Commercial;4787.00;30;;;;;;Client existant;2024-04-18;
10232488;29-Chaumeil-Le Conquet-Parc Marin-202404;lost;Devis froid;Commercial;9010.00;30;;;;;;Client existant;2024-04-22;
10249058;13-Bouygues E&S-Marseille-Plots-SLT-202404-OPP-02744;lost;Identifié;Commercial;3491.00;0;;;;;;Client existant;2024-04-24;
10249481;77-Algeco-Chelles-Damier Eiffage-202404;won;Devis froid;Commercial;2276.00;30;;;;;;Client existant;2024-04-24;
10260608;FR-Vinci Autoroutes-FR-Totem-202424;lost;Devis chaud;Commercial;92932.74;90;;;;;;Appel entrant / Emailing / Marketing;2024-04-26;
10278400;56-Le Rosnual-Carnac-Toile-202404;lost;Devis froid;Commercial;2560.00;30;;;;;;Appel entrant / Emailing / Marketing;2024-04-29;
10291450;93-Algeco-Montreuil-Modulize PNSB-202404;lost;Devis froid;Commercial;9685.00;30;;;;;;Client existant;2024-05-02;
10291600;75-Marriott-Paris 14ème-Habillage façade-202405;lost;Devis froid;Commercial;3192.10;30;;;;;;Client existant;2024-05-02;
10296813;33-Mairie-Biganos-Totem et Candelize-202405;closed;Budget;Commercial;0.00;0;;;;;;Appel entrant / Emailing / Marketing;2024-05-02;
10298611;36-AES FRANCE-Châteauroux-Containement Phase 2-OPP-02751;won;Devis froid;Commercial;5932.50;30;;;;;;Client existant;2024-05-03;
10302781;33-Algeco-St Laurent Medoc-Modulize-202405;lost;Devis froid;Commercial;8355.71;30;;;;;;Client existant;2024-05-03;
10326892;22-Finadorm-Loudéac-Adhésifs-202405;won;Devis froid;Commercial;353.00;30;;;;;;Bouche à oreille / Prescription;2024-05-10;
10349000;38-LeGroup-Meylan-Totem-202405;won;Devis chaud;Commercial;22766.75;90;;;;;;Client existant;2024-05-13;
10359534;93-AES FRANCE-IDF-J hooks-Extra Works-202404-OPP-02755;won;Devis froid;Commercial;75333.28;30;;;;;;Client existant;2024-05-14;
10364508;93-AES France-Saint Denis-AQC Arches LV-202405;won;Identifié;Commercial;17900.00;0;;;;;;Client existant;2024-05-15;
10365963;21-Rougeot-Meursault-Module existant-202405;lost;Devis froid;Commercial;8373.03;30;;;;;;Bouche à oreille / Prescription;2024-05-15;
10376233;93-AES France-Villepinte NPA Phase1-Containement-202405-OPP-02758;won;Identifié;Commercial;28235.00;0;;;;;;Client existant;2024-05-17;
10376883;92-AES France-La DEF-Installation plot-202405-OPP-02759;won;Devis froid;Commercial;14894.00;30;;;;;;Client existant;2024-05-17;
10388885;77-EPA Marne-Champs sur Marne-Vitrophanie-202405;won;Devis froid;Commercial;2770.66;30;;;;;;Bouche à oreille / Prescription;2024-05-20;
10397962;92-Mairie-Colombes-Structure toile-202405;lost;Devis froid;Commercial;5799.88;30;;;;;;Appel entrant / Emailing / Marketing;2024-05-21;
10399560;33-Algeco-Arès-Modulize-202405;lost;Devis froid;Commercial;37151.89;30;;;;;;Client existant;2024-05-22;
10401825;80-Portakabin-Amiens-Modulize ID Logistique-202405;closed;Devis froid;Commercial;5960.26;30;;;;;;Aucune;2024-05-22;
10402529;93-GTM Batiment-Rosny S/Bois-Palissade-202405-OPP-02764;lost;Identifié;Commercial;17045.10;0;;;;;;Appel entrant / Emailing / Marketing;2024-05-22;
10410700;75-Oxy-Paris-Déplacement totem-202405;won;Devis froid;Commercial;820.00;30;;;;;;Client existant;2024-05-23;
10414972;13-La Nouvelle Garde-Marseille-Palissade-202405;lost;Devis froid;Commercial;9317.80;30;;;;;;Appel entrant / Emailing / Marketing;2024-05-23;
10432261;54-CCB Pompey-Pompey-Palissades-202405;won;Devis froid;Commercial;64189.00;30;;;;;;Appel entrant / Emailing / Marketing;2024-05-27;
10433714;51-Siliceo-Saint-Martin-sur-le-pré-Totem-202405;lost;Devis froid;Commercial;5705.00;30;;;;;;Appel entrant / Emailing / Marketing;2024-05-27;
10434520;16-BMO-Angoulême-Toile sur façade-202405;lost;Devis froid;Commercial;23801.20;30;;;;;;Bouche à oreille / Prescription;2024-05-27;
10435365;93-AES FRANCE-AQC Saint Denis-Additionnal WC2+TM-C30-202405-OPP-02770;won;Devis froid;Commercial;6240.00;30;;;;;;Client existant;2024-05-27;
10436260;75-AES-FRANCE-BERCY (BCY)-Additionnal Works-WC2 + LV20+TM.W20-202405-OPP-02771;lost;Identifié;Commercial;3820.00;0;;;;;;Client existant;2024-05-27;
10439373;74-LeGroup-Bonneville-Totem-202405;lost;Devis froid;Commercial;82377.00;30;;;;;;Appel entrant / Emailing / Marketing;2024-05-28;
10443875;92-Eurovia-Chatillon-Totem-202405;won;Devis chaud;Commercial;11015.00;90;;;;;;Aucune;2024-05-28;
10444907;93-BL PUBLICITE-Neuilly S/Marne-Stabilize Plots-202405-OPP-02774;lost;Identifié;Commercial;3346.00;0;;;;;;Appel entrant / Emailing / Marketing;2024-05-29;
10445832;85-Mairie sables-Olonnes-Souffleur Arundel-Palissade bois-202405-OPP-02775;lost;Identifié;Commercial;42030.50;0;;;;;;Appel entrant / Emailing / Marketing;2024-05-29;
10496126;45-PUBLI RELIEF-SIGNARAMA-Orléans-Stabilize Panneau-2024-OPP-02776;lost;Devis froid;Commercial;4335.00;30;;;;;;Appel entrant / Emailing / Marketing;2024-05-29;
10514740;69-ETF-Saint Priest Tram-Electrification + plots-202405-OPP-02777;closed;Devis froid;Commercial;20220.00;30;;;;;;Client existant;2024-05-29;
10521195;06-BESIGN SCHOOL-NICE-TOTEM LIZ-202405;closed;Qualifié;Commercial;0.00;0;;;;;;Appel entrant / Emailing / Marketing;2024-05-30;
10529348;93-SNGT-AULNAY-SOUS-BOIS-MASSIF HABILLE BOIS-202405;won;Devis chaud;Commercial;8692.00;90;;;;;;Appel entrant / Emailing / Marketing;2024-05-31;
10531268;02-COBAT-SOISSONS-CAISSON GRUE-202405;lost;Devis froid;Commercial;5194.70;30;;;;;;Appel entrant / Emailing / Marketing;2024-06-01;
10532264;93-AES-CNT AQC BRS-Additionnal J- FOP-202405-OPP-02781;won;Identifié;Commercial;4390.00;0;;;;;;Client existant;2024-06-02;
10532868;92-AES FRANCE-CNT DEF Cateneries-Poteaux et plots-202406-OPP-02782;won;Devis tiède;Commercial;25354.00;60;;;;;;Client existant;2024-06-02;
10534116;75-AES FRANCE-Paris Trocadero P24-TV Studios-Metalworker/Machinery-202406-OPP-02783;lost;Identifié;Commercial;4770.00;0;;;;;;Client existant;2024-06-02;
10535642;07-Office Tourisme Gorges Ardèche-Totem-202406;closed;Qualifié;Commercial;0.00;0;;;;;;Appel entrant / Emailing / Marketing;2024-06-03;
10548564;93-AES France-Villepinte NPA W.C2-202406-OPP-02785;won;Identifié;Commercial;4915.00;0;;;;;;Client existant;2024-06-04;
10548767;93-AES FRANCE-AQC Installation Solution J-202406-OPP-02786;won;Devis froid;Commercial;5965.00;30;;;;;;Client existant;2024-06-05;
10548840;92-NGE GC-Rueil Malmaison-Palissade Bois-202406-OPP-02787;lost;Devis froid;Commercial;79525.00;30;;;;;;Aucune;2024-06-05;
10555032;45-Elvia-Puiseaux-Film solaire-202406;closed;Devis froid;Commercial;7547.00;30;;;;;;Bouche à oreille / Prescription;2024-06-05;
10556028;27-Mairie-Val de Reuil-Totem-202406;closed;Budget;Commercial;0.00;0;;;;;;Appel entrant / Emailing / Marketing;2024-06-05;
10562303;13-Prométhée-Aix en Provence-Totem-202406;closed;Qualifié;Commercial;0.00;0;;;;;;Appel entrant / Emailing / Marketing;2024-06-06;
10562856;78-Eventeam-St Quentin en Yvelines-Totem-202406;closed;Budget;Commercial;0.00;0;;;;;;Appel entrant / Emailing / Marketing;2024-06-06;
10562968;75-Aequo Construction-FR-Modulize-202406;lost;Devis froid;Commercial;1575.00;30;;;;;;Appel entrant / Emailing / Marketing;2024-06-06;
10574863;93-AES FRANCE-IDF-LIRI PORTAL-202405;won;Devis chaud;Commercial;16020.00;90;;;;;;Client existant;2024-06-07;
10576742;33-Office Tourisme-La Teste De Buch-Candelize-202406;closed;Budget;Commercial;23895.00;0;;;;;;Appel entrant / Emailing / Marketing;2024-06-07;
10596661;95-Garges-lès-Gonesse-Totem-202406;closed;Qualifié;Commercial;0.00;0;;;;;;Appel entrant / Emailing / Marketing;2024-06-11;
10599553;75-Sica-La cnav Paris-Palissade-plot-202406;lost;Identifié;Commercial;14120.10;50;;;;;;Client existant;2024-06-12;
10600652;44-Midi Traçage(Esvia)-Nantes-Palissade-202406-OPP-02798;cancelled;Identifié;Commercial;1620.00;0;;;;;;Appel entrant / Emailing / Marketing;2024-06-12;
10601472;78-Strat&act-Mantes La Jolie-Totem-202406;lost;Devis froid;Commercial;8098.32;30;;;;;;Client existant;2024-06-12;
10602468;93-SNGT-AULNAY-SOUS-BOIS-MASSIFS-202406-OPP-02800;won;Devis chaud;Commercial;2326.00;90;;;;;;Client existant;2024-06-12;
10602593;77-Algeco-Meaux-Signalétique Lycée Pierre de Coubertin-202406;lost;Devis tiède;Commercial;8334.25;60;;;;;;Client existant;2024-06-12;
10603873;77-ADLUM-Seine et Marne-Massifs-202406-OPP-02802;lost;Devis froid;Commercial;2720.00;30;;;;;;Appel entrant / Emailing / Marketing;2024-06-12;
10603991;75_AES FRANCE-CPL Installation solutions de cheminements-202406-OPP-02803;won;Identifié;Commercial;44140.00;0;;;;;;Client existant;2024-06-12;
10613578;06-Negresso-Nice-Bache-202406;closed;Identifié;Commercial;0.00;0;;;;;;Appel entrant / Emailing / Marketing;2024-06-14;
10633913;45-Eiffage Centre Loire-Loiret-Stabilize plots + Poteaux-202406-OPP-02805;won;Identifié;Commercial;7894.28;0;;;;;;Aucune;2024-06-18;
10634765;FR-Paris2024-FR-Totem-202406;lost;Devis tiède;Commercial;95500.00;60;;;;;;Bouche à oreille / Prescription;2024-06-18;
10635783;36-AES FRANCE-CTX P2024-Catenaries-Poles-Ballast-202406-OPP-02807;won;Devis chaud;Commercial;42613.37;90;;;;;;Client existant;2024-06-18;
10636182;75-AES FRANCE-PDP P2024-Hooks Solutions-202406-OPP-02808;lost;Identifié;Commercial;2720.00;0;;;;;;Aucune;2024-06-18;
10640177;92-CITEOS-COGELUM-Nanterre-Electrification Plots Poteaux-202406-OPP-02809;lost;Identifié;Commercial;1080.00;0;;;;;;Client existant;2024-06-19;
10642659;75-Artvisor-Paris-totem-202406;closed;Identifié;Commercial;0.00;0;;;;;;Appel entrant / Emailing / Marketing;2024-06-19;
10643222;92-Conseil Départemental-Hauts-de-Seine-AO Communication extérieure-202406;lost;Devis tiède;Commercial;200000.00;60;;;;;;Appel entrant / Emailing / Marketing;2024-06-19;
10643879;85-LCA-Montaigu-CAISSON GRUS-2406;closed;Identifié;Commercial;0.00;0;;;;;;Aucune;2024-06-19;
10649319;75-AES FRANCE-La Chapelle(CPL)-Electrification-TM-Ph2-202406-OPP-02813;won;Devis chaud;Commercial;7829.00;90;;;;;;Client existant;2024-06-19;
10649521;93-AES FRANCE-Saint Denis(AQC)-Solution J et TM-202406-OPP-02814;won;Identifié;Commercial;3089.00;0;;;;;;Client existant;2024-06-19;
10652061;77-Kompan-Dammarie-Les-Lys-Toile sur entrepot-202406;won;Devis froid;Commercial;3810.00;30;;;;;;Client existant;2024-06-20;
10655520;75-Bergamote-Paris-totem Liz-202406;closed;Qualifié;Commercial;0.00;0;;;;;;Aucune;2024-06-20;
10658115;75-Gagneraud Construction-Paris 14-Palissades Bois-202406-OPP-02817;lost;Devis froid;Commercial;131023.75;30;;;;;;Appel entrant / Emailing / Marketing;2024-06-20;
10675142;75-ZACHARIE AGENCEMENT-Paris-LOEWE St Honoré-202406;won;Devis froid;Commercial;2650.00;30;;;;;;Client existant;2024-06-24;
10675225;93-AES France St Denis- P24-structures-steel plates-202406;won;Devis froid;Commercial;12847.80;30;;;;;;Client existant;2024-06-24;
10680305;27-Mairie-Gisors-Totem-202405;lost;Devis froid;Commercial;10400.00;30;;;;;;Appel entrant / Emailing / Marketing;2024-06-24;
10684587;92-Mairie-Sèvres-Pavoisement-202406;won;Devis chaud;Commercial;12880.00;90;;;;;;Appel entrant / Emailing / Marketing;2024-06-25;
10684995;94-Algeco-Fontenay ss bois-Modulize-202406;won;Devis froid;Commercial;1234.75;30;;;;;;Client existant;2024-06-25;
10685602;75-SADE-PARIS- Parc Montsouris-Pallisade bois-2406-OPP-02823-;lost;Identifié;Commercial;0.00;0;;;;;;Appel entrant / Emailing / Marketing;2024-06-25;
10690620;83-Mairie-Brignoles-Totem-202406;lost;Devis froid;Commercial;18465.00;30;;;;;;Appel entrant / Emailing / Marketing;2024-06-25;
10701725;44-Algeco-Donges-Antiblast-202406;lost;Devis froid;Commercial;4470.00;30;;;;;;Client existant;2024-06-27;
10707094;77-AES France-Torcy P24 VNS &LBO Remedial Works-202406-OPP-02827-OPP-02827;won;Devis chaud;Commercial;55810.00;90;;;;;;Client existant;2024-06-27;
10707193;75-AES France-BERCY-P24 - CNT BCY Next phase-202406-OPP-02828;won;Devis chaud;Commercial;57789.00;90;;;;;;Client existant;2024-06-28;
10716082;14-Legoupil Industrie-Vire-Habillage Module-202406;lost;Devis froid;Commercial;6873.94;30;;;;;;Bouche à oreille / Prescription;2024-06-28;
10716334;14-Legoupil Industrie-Falaise-Habillage Module-202406;lost;Devis froid;Commercial;17041.28;30;;;;;;Bouche à oreille / Prescription;2024-06-28;
10721073;13-Algeco-Aix-Habillage Ecole Pierre-Gilles de Gennes-20406;closed;Devis froid;Commercial;19743.00;30;;;;;;Client existant;2024-06-28;
10734191;62-Mairie Lens-Totem-202406;closed;Qualifié;Commercial;0.00;0;;;;;;Aucune;2024-07-01;
10742700;44-Phil'Event-Nantes-Totem-202407;closed;Budget;Commercial;0.00;0;;;;;;Appel entrant / Emailing / Marketing;2024-07-02;
10746543;75-Maison Papier Francais-Paris-Habillage Facade-202407;closed;Devis froid;Commercial;9980.00;30;;;;;;Appel entrant / Emailing / Marketing;2024-07-02;
10749845;92-AES FRANCE-CNT DEF-P2024-Catenary wires-202407-OPP-02836;won;Devis tiède;Commercial;6071.00;60;;;;;;Client existant;2024-07-03;
10749983;75_AES FRANCE-CPL Extras Items-2407-OPP-02837;won;Devis froid;Commercial;6545.00;30;;;;;;Client existant;2024-07-03;
10779219;74-Dep Haute-Savoie-Annecy-Totems-2406-Opp-02838;closed;Identifié;Commercial;0.00;0;;;;;;Appel entrant / Emailing / Marketing;2024-07-04;
10783419;78-Ville-Plaisir-Totem-202407;lost;Devis froid;Commercial;10725.00;0;;;;;;Appel entrant / Emailing / Marketing;2024-07-05;
10786029;93-AES France-Villepinte NPA W.C2-202406-OPP-02840;won;Identifié;Commercial;4915.00;0;;;;;;Client existant;2024-07-06;
10786047;93-AES France St Denis- P24-structures-steel plates-202407-OPP-02841;cancelled;Identifié;Commercial;0.00;0;;;;;;Client existant;2024-07-06;
10789151;92-Algeco-Courbevoie-Signaletique Ecole Malraux-202407;lost;Devis froid;Commercial;237988.50;30;;;;;;Client existant;2024-07-08;
10793816;75-Villa Eugénie-Paris-Toile sur Truss Jardin d'acclimatation-202407;lost;Devis froid;Commercial;5639.30;30;;;;;;Client existant;2024-07-08;
10801898;93-AES FRANCE-Saint Denis- AQC Additional containment-202407-OPP-02844;won;Devis froid;Commercial;3785.00;30;;;;;;Client existant;2024-07-10;
10802838;75-AES FRANCE-CPL La Chapelle-Gymnase-202407-OPP-02845;won;Identifié;Commercial;8440.00;0;;;;;;Client existant;2024-07-10;
10804619;34-Les Abattoirs-Toulouse-Palissade Mécénat-202407;won;Devis tiède;Commercial;7846.80;60;;;;;;Appel entrant / Emailing / Marketing;2024-07-10;
10843205;75-Privartys-Paris-Palissade St Honoré-202407;lost;Devis froid;Commercial;57332.00;30;;;;;;Appel entrant / Emailing / Marketing;2024-07-12;
10845972;75-EXA GROUP-Paris-Palissade TIffany Champs Elysées-202407;lost;Devis froid;Commercial;361284.50;30;;;;;;Appel entrant / Emailing / Marketing;2024-07-12;
10861401;66-Mairie du Barcarès-kakémonos-202407-OPP-02849;closed;Identifié;Commercial;0.00;0;;;;;;Aucune;2024-07-16;
10861948;94-Algeco-St Maur des Faussés-Damier Eiffage-202407;lost;Devis froid;Commercial;1341.24;30;;;;;;Client existant;2024-07-16;
10863379;93-Freo-Saint Ouen-Signaletique-202407;lost;Devis froid;Commercial;2960.00;30;;;;;;Client existant;2024-07-16;
10870021;83-Algeco-Callian-Modulize-202407;lost;Devis froid;Commercial;5606.00;30;;;;;;Client existant;2024-07-17;
10873255;71-Algeco-Chalon Sur Saône-Ecole St Exupéry-Modulize-202407;won;Devis froid;Commercial;3182.00;30;;;;;;Client existant;2024-07-18;
10873507;71-Algeco-Chalon Sur Saône-Ecole Kergomard-Modulize-202407;won;Devis froid;Commercial;2684.00;30;;;;;;Client existant;2024-07-18;
10893770;62-Novebat-Altiz Caisson Grue-202407;closed;Identifié;Commercial;0.00;0;;;;;;Appel entrant / Emailing / Marketing;2024-07-22;
10912650;17-Marie-La Rochelle-Totem-202407;closed;Qualifié;Commercial;0.00;0;;;;;;Appel entrant / Emailing / Marketing;2024-07-22;
10929806;17-Colas-La Rochelle-plots-202407;closed;Identifié;Commercial;0.00;0;;;;;;Appel entrant / Emailing / Marketing;2024-07-24;
10934953;74-LeGroup-Taninges-Totem Dpt Haute Savoie-202407;lost;Devis froid;Commercial;3840.50;30;;;;;;Client existant;2024-07-25;
10935552;49-IFCE-Saumur-Toile sur Grille-202407;lost;Devis froid;Commercial;6098.00;30;;;;;;Appel entrant / Emailing / Marketing;2024-07-25;
10942308;07-Algeco-Aubenas-algeco Deco-202407;won;Devis froid;Commercial;7628.00;30;;;;;;Client existant;2024-07-25;
10950808;78-Mairie-Mantes La Jolie-Musée de l'Hôtel-Dieu-Totem-202407;closed;Qualifié;Commercial;0.00;0;;;;;;Appel entrant / Emailing / Marketing;2024-07-29;
10952868;78-K&B-Cannes Ecluse-Bacha-grue-202407;lost;Identifié;Commercial;645.00;0;;;;;;Appel entrant / Emailing / Marketing;2024-07-29;
10964998;78-CITEOS-COGELUM-St-Germain-Acheres-Massifs + Poteaux-202407-OPP-02863;lost;Devis froid;Commercial;114335.00;30;;;;;;Client existant;2024-07-31;
10966281;75-Cible Skin-Paris-Bache logo-202407;closed;Identifié;Commercial;0.00;0;;;;;;Appel entrant / Emailing / Marketing;2024-07-31;
10969294;95-Pierreval-Persan-4X3-202407;lost;Devis froid;Commercial;3577.00;30;;;;;;Client existant;2024-07-31;
10969336;77-Algeco-Servon-Panneaux signalétiques IDF-202407;cancelled;Qualifié;Commercial;0.00;0;;;;;;Client existant;2024-07-31;
10969343;75-Demathieu et Bard-Paris-Toile Pimco-202407;lost;Devis froid;Commercial;206171.70;30;;;;;;Aucune;2024-07-31;
10969572;77-EpaMarne-Croissy-Beaubourg-RTE-Stabilize Plots+Poteaux bois-202407-OPP-02868;won;Devis froid;Commercial;3436.00;30;;;;;;Commercial / Partenaire;2024-07-31;
10973058;92-Villadalesia-Malakoff-Totem Location-202408;lost;Devis tiède;Commercial;3100.00;60;;;;;;Appel entrant / Emailing / Marketing;2024-08-01;
10973875;76-Portakabin-Isneauville-Modulize Mairie-202408;closed;Devis froid;Commercial;13161.41;30;;;;;;Client existant;2024-08-01;
10974175;59-SNCF-Lille-Gare Lille Flandres Bache-202407;closed;Qualifié;Commercial;0.00;0;;;;;;Aucune;2024-08-01;
10976451;06-Nova H Prorerties-Roquebrune Cap Martin-Palissade-202407;closed;Identifié;Commercial;0.00;0;;;;;;Aucune;2024-08-02;
10985744;91-Algeco-Marcoussis-Modulize-202408;won;Devis tiède;Commercial;11939.70;60;;;;;;Client existant;2024-08-05;
10986319;74-The Place To Be-Morzine-Bâche sur Hotel-202408;lost;Budget;Commercial;23000.00;0;;;;;;Appel entrant / Emailing / Marketing;2024-08-05;
10987037;92-W Conran Design-Boulogne-Camion Evénementiel Banque;closed;Identifié;Commercial;0.00;0;;;;;;Appel entrant / Emailing / Marketing;2024-08-05;
10988121;92-CMN-Saint Cloud-Parc Signalétique-202408;won;Devis chaud;Commercial;3410.00;90;;;;;;Client existant;2024-08-06;
10990758;75-IC Construction-Paris-Palissade Cartier Champs Elysées-202408;lost;Devis froid;Commercial;284459.80;30;;;;;;Appel entrant / Emailing / Marketing;2024-08-06;
10995050;95-SIGIDURS-Sarcelles-Palissade&Totem-202408-OPP-02879;won;Devis chaud;Commercial;13135.06;90;;;;;;Appel entrant / Emailing / Marketing;2024-08-08;
11008900;14-Vinci construction M&F-Bayeux-Dépose Palissade-OH1, OH2, OH3, OH6, OH7-202408-OPP-02880;won;Identifié;Commercial;1426.40;0;;;;;;Client existant;2024-08-11;
11009761;13-Algeco-Pelissane-Modulize site de Tir-202408;won;Devis froid;Commercial;4466.00;30;;;;;;Client existant;2024-08-12;
11010493;77-VOISENON-Massifs -202408-OPP-02882;lost;Devis froid;Commercial;0.00;30;;;;;;Appel entrant / Emailing / Marketing;2024-08-12;
11018285;94-Bleu Equipage com-Brie sur Marne-Modulize-202408-OPP-02883;closed;Identifié;Commercial;0.00;0;;;;;;Aucune;2024-08-15;
11032204;75-ZACHARIE AGENCEMENT-Paris-Palissade LOEWE Montaigne-202408;lost;Devis froid;Commercial;28534.06;30;;;;;;Client existant;2024-08-21;
11032401;27-SILOGE-EVREUX-BACHE XXL-202408;won;Devis froid;Commercial;3300.00;30;;;;;;Client existant;2024-08-21;
11034635;78-EHTP-Versailles AO Hydreaulys-Palissade-202408-OPP-02886;lost;Devis froid;Commercial;175229.74;30;;;;;;Appel entrant / Emailing / Marketing;2024-08-21;
11046580;75-Pradeau Morin-Paris-Palissade Square Avenue Foch-202408-OPP-02887;won;Devis froid;Commercial;3711.60;30;;;;;;Client existant;2024-08-23;
11053277;45-Orléans Métropole-Orléans-Chevalet-202408;lost;Budget;Commercial;0.00;0;;;;;;Client existant;2024-08-26;
11054740;92-AES France-CNT DEF Blocks/poles/catenaries-Dépose-202408-OPP-02889;won;Devis chaud;Commercial;15272.00;90;;;;;;Client existant;2024-08-26;
11054796;75-AES France-CNT BCY Blocks/Poles/Catenaries-Dépose-202408-OPP-02890;won;Devis chaud;Commercial;11178.00;90;;;;;;Client existant;2024-08-26;
11056088;45-Eiffage Centre Loire-Loiret-Stabilize plots + Poteaux-202408-OPP-02891;won;Identifié;Commercial;1407.38;0;;;;;;Client existant;2024-08-27;
11058007;75-Pradeau Morin-Paris-Palissade Square Avenue Foch-OPP-02892;lost;Identifié;Commercial;4360.00;0;;;;;;Client existant;2024-08-27;
11066806;64-SDEL Réseaux-Anglet-Massifs Stabilize+Poteaux-202408-OPP-02893;cancelled;Qualifié;Commercial;7998.00;0;;;;;;Commercial / Partenaire;2024-08-28;
11067717;93-Trumpf-Villepinte-Caisson grue-202408-OPP-02894;lost;Devis froid;Commercial;6315.00;30;;;;;;Appel entrant / Emailing / Marketing;2024-08-29;
11068487;75-Lorenzi-Paris-palissade-202408-OPP-02859;closed;Qualifié;Commercial;0.00;0;;;;;;Appel entrant / Emailing / Marketing;2024-08-29;
11080915;75-Musée YSL-Paris-Habillage-202409-OPP-02896;closed;Budget;Commercial;40000.00;0;;;;;;Appel entrant / Emailing / Marketing;2024-09-02;
11087899;75-Prismaflex-Paris-Totems-202409-OPP-02897;lost;Devis froid;Commercial;29196.00;30;;;;;;Aucune;2024-09-03;
11101167;75-ESA Engineering-Paris-YSL St Germain-202409;lost;Devis froid;Commercial;69635.00;30;;;;;;Bouche à oreille / Prescription;2024-09-04;
11104159;93-AES France- Dépose Le Bourget LBO-plots-202409-OPP-02899;won;Devis chaud;Commercial;334.55;90;;;;;;Client existant;2024-09-05;
11107119;93-AES FRANCE-AQC Depose Hooks/j-202409-OPP-02900;won;Qualifié;Commercial;12180.00;0;;;;;;Client existant;2024-09-05;
11108422;06-ERGC-Nice-Toile-202409;lost;Devis froid;Commercial;8556.20;30;;;;;;Appel entrant / Emailing / Marketing;2024-09-05;
11111089;36-AES FRANCE-CNT CTX Dépose Blocks/poles/catenaries-OPP-02902;won;Devis chaud;Commercial;7520.00;90;;;;;;Client existant;2024-09-06;
11111109;36-AES FRANCE-CPL-P24-Depose Catenaries-Poles-Ballast-202409-OPP-02902;won;Qualifié;Commercial;12490.00;0;;;;;;Client existant;2024-09-06;
11111181;93-AES France-Villepinte-Dépose NPA-202409-OPP-02904;won;Qualifié;Commercial;8290.00;0;;;;;;Client existant;2024-09-06;
11111201;69-SES-Lyon-Totem Confluence-202409;won;Devis chaud;Commercial;3727.50;90;;;;;;Bouche à oreille / Prescription;2024-09-06;
11111955;60-Pichet-Creil-Totem-202409;closed;Qualifié;Commercial;0.00;0;;;;;;Bouche à oreille / Prescription;2024-09-06;
11128671;13-Agence N°6-Aubagne-Palissade CC-202409;lost;Devis froid;Commercial;17060.00;30;;;;;;Appel entrant / Emailing / Marketing;2024-09-10;
11132821;75-AES FRANCE-BCY for removal Items and Repair-202409-OPP-02908;won;Devis chaud;Commercial;5140.00;90;;;;;;Client existant;2024-09-10;
11142091;72-AC de L'ouest-Le Mans-Habillage événentiel-202409;closed;Budget;Commercial;3450.00;0;;;;;;Appel entrant / Emailing / Marketing;2024-09-12;
11142092;44-Ass des parent Ecole St Felix-Nante-modulize-202409-OPP-02910;closed;Devis froid;Commercial;4253.65;30;;;;;;Aucune;2024-09-13;
11142093;80-Itherm-Amien-Location Plots-202409-Opp-02911;won;Devis froid;Commercial;1737.00;30;;;;;;Appel entrant / Emailing / Marketing;2024-09-16;
11142094;19-Corrèze Habitat-Bort Les Orgues-Palissade-202409;lost;Devis tiède;Commercial;24975.00;60;;;;;;Bouche à oreille / Prescription;2024-09-16;
11142095;69-Deux Fleuves Rhone Habitat-Villefranche sur Saone.-Totems-202409-OPP-02913;closed;Devis froid;Commercial;0.00;30;;;;;;Aucune;2024-09-17;
11142096;49-Mairie Angers-Totems-202409-OPP-02914;won;Devis tiède;Commercial;36825.00;60;;;;;;Appel entrant / Emailing / Marketing;2024-09-17;
11142097;75-EXA GROUP-Paris-Palissade Loewe St Honoré-202409;lost;Devis froid;Commercial;58946.29;30;;;;;;Appel entrant / Emailing / Marketing;2024-09-19;
11142130;78-Algeco-Gare de Poissy-Modulize-202409-OPP-02916;lost;Devis froid;Commercial;26959.55;30;;;;;;Client existant;2024-09-20;
11142131;67-Mathis-Muttersholtz-Baches-202409;lost;Devis froid;Commercial;1895.00;30;;;;;;Aucune;2024-09-23;
11142132;92-Maitre Cube-Colombes-Panneau-202409;won;Devis froid;Commercial;419.50;30;;;;;;Bouche à oreille / Prescription;2024-09-24;
11142133;77-Portakabin-Lieusaint-Modulize-202409-OPP-02919;lost;Devis froid;Commercial;12002.26;30;;;;;;Client existant;2024-09-27;
11142134;77-Portakabin-Melun-GENDARMERIE-Modulize-202409-OPP-02920;won;Devis tiède;Commercial;2243.60;60;;;;;;Client existant;2024-10-01;
11142135;11-As Groupe-Narbonne-Altize-202410-OPP-02921;lost;Devis froid;Commercial;4625.00;30;;;;;;Appel entrant / Emailing / Marketing;2024-10-07;
11142136;63-Auvergn'Attitude-Banne D'ordanche-Totems-202410-OPP-02922;closed;Budget;Commercial;0.00;0;;;;;;Aucune;2024-10-08;
11142137;01-LAR Construction-Ferney voltaire-Altize-202410-OPP-02923;lost;Devis froid;Commercial;4940.00;30;;;;;;Bouche à oreille / Prescription;2024-10-08;
11142138;CH-Edifa- Suisse-panneaux-logo-202410-OPP-02924;lost;Devis froid;Commercial;1483.00;30;;;;;;Aucune;2024-10-10;
11142139;92-Lefevre-Boulogne-Palissade Eglise Notre Dame des Menus-202410;lost;Devis froid;Commercial;89024.80;30;;;;;;Appel entrant / Emailing / Marketing;2024-10-10;
11142140;77-SEM du Pays de Fontainebleau-Fontainebleau-Toile sur façade-202410;won;Devis tiède;Commercial;18360.00;60;;;;;;Appel entrant / Emailing / Marketing;2024-10-11;
11142141;IT-AES France-Milan-JO 2026-202410;cancelled;Qualifié;Commercial;0.00;0;;;;;;Aucune;2024-10-14;
11142142;75-Boulanger-Paris Monparnasse-vitrophanie-202410-OPP-02928;closed;Identifié;Commercial;0.00;0;;;;;;Aucune;2024-10-15;
11142143;69-Suez RR-LYON/Givore-Plots-202410-OPP-02929;lost;Devis froid;Commercial;6067.88;30;;;;;;Client existant;2024-10-16;
11142144;76-Algeco-Petit-Quevilly-Modulize-202410;lost;Devis froid;Commercial;1891.00;30;;;;;;Client existant;2024-10-16;
11142145;75-Cushman-Paris-Habillage Echafaudage Champs Elysées-202410;lost;Devis froid;Commercial;4077.00;30;;;;;;Appel entrant / Emailing / Marketing;2024-10-21;
11142178;38-Algeco-Meylan-Vitrage-202407;won;Devis froid;Commercial;1421.68;30;;;;;;Client existant;2024-10-23;
11142179;79-Immobilier Atlantic-Niort Galerie Hugo-palissade-202410;lost;Devis froid;Commercial;18360.00;30;;;;;;Appel entrant / Emailing / Marketing;2024-10-25;
11142180;ADM 2024-Administratif;closed;Identifié;Commercial;0.00;0;;;;;;Aucune;2024-10-29;
11142181;75-Algeco-Paris-Modulize Montmartre-202410;won;Devis chaud;Commercial;1178.50;90;;;;;;Client existant;2024-10-29;
11142182;75-Gens Evenements-Paris-Totem Gare du Nord-202410;lost;Devis froid;Commercial;2255.00;30;;;;;;Appel entrant / Emailing / Marketing;2024-10-30;
11142183;78-Impression 360-les Mureaux-Totems-202411-OPP-02936;cancelled;Identifié;Commercial;0.00;0;;;;;;Aucune;2024-11-05;
11142184;38-LeGroup-Grenoble-Totem-202410;lost;Devis froid;Commercial;29005.00;30;;;;;;Client existant;2024-11-05;
11142185;83-Port Bandol-Habillage Bungalow Modulize-202411;closed;Qualifié;Commercial;0.00;0;;;;;;Appel entrant / Emailing / Marketing;2024-11-06;
11142186;72-Ocelian-LeMans-Dépose palissade-202411-Opp-02939;lost;Devis froid;Commercial;13814.50;30;;;;;;Aucune;2024-11-07;
11142187;95-SATEL-AUBONNE-Blocs Empilize-202411-OPP-02940;closed;Identifié;Commercial;0.00;0;;;;;;Commercial / Partenaire;2024-11-08;
11142188;75-EXA GROUP-Paris Palissade 12 rue de la Paix De Beers-202411;lost;Devis froid;Commercial;48975.00;30;;;;;;Client existant;2024-11-11;
11142189;78-Seqens-Le Vesinet-Facade Foch-202411;lost;Devis tiède;Commercial;15645.00;60;;;;;;Appel entrant / Emailing / Marketing;2024-11-13;
11142190;77-TA RECYCLAGE-MEAUX-Massifs Empilize-202411-OPP-02943;cancelled;Devis tiède;Commercial;8670.00;60;;;;;;Commercial / Partenaire;2024-11-13;
11142191;75-Oxy-Paris-Stabilize Plots + Totem Tour Eiffel-202411-OPP-02944;won;Devis chaud;Commercial;3574.00;90;;;;;;Client existant;2024-11-13;
11142192;67-Projerct'ill-Osthouse-Bache toile-202411-OPP-02945;closed;Qualifié;Commercial;0.00;0;;;;;;Appel entrant / Emailing / Marketing;2024-11-14;
11142193;92-Neotech Energy-Quai Brest-Plots Electrification-202411-OPP-02946;closed;Devis froid;Commercial;4124.16;30;;;;;;Aucune;2024-11-15;
11142194;50-CC Coutances Mer et Bocage-Coutances-Totems-202411-OPP-02947;closed;Qualifié;Commercial;0.00;0;;;;;;Appel entrant / Emailing / Marketing;2024-11-19;
11142195;75-Eglise St Augustin-Paris-Palissade-202411-OPP-02948;lost;Devis froid;Commercial;3413.73;30;;;;;;Appel entrant / Emailing / Marketing;2024-11-19;
11142196;69-SES-Lyon-Totems Dan Alu-202411-OPP-02949;lost;Devis froid;Commercial;6766.00;30;;;;;;Client existant;2024-11-19;
11142197;49-Mairie-Mauges sur Loire-Totem-202411-OPP-02950;closed;Identifié;Commercial;0.00;0;;;;;;Aucune;2024-11-20;
11142198;73-Mona Energy-la Savoie-Béton Carbon-202411-OPP-02951;closed;Devis froid;Commercial;1506.00;30;;;;;;Aucune;2024-11-20;
11142199;45-Signarama-Orléans-Panneau de chantier-202411-OPP-02952;lost;Devis froid;Commercial;3740.00;30;;;;;;Aucune;2024-11-20;
11142200;63-STS Safety-Puy en Velay-Façade Musée Crozatier-202411-OPP-02953;lost;Devis froid;Commercial;18180.00;30;;;;;;Appel entrant / Emailing / Marketing;2024-11-21;
11142201;95-ESI2-Roissy-Pelliculage façade-202411;lost;Devis froid;Commercial;4115.20;30;;;;;;Appel entrant / Emailing / Marketing;2024-11-22;
11142202;62-ESC Immo-Noyelles-Godault-Pelliculage Façade-202411;lost;Devis froid;Commercial;3800.00;30;;;;;;Appel entrant / Emailing / Marketing;2024-11-22;
11142203;94-Portakabin-Vitry sur Seine-Pelliculage Sanofi-202411-OPP-02956;closed;Devis froid;Commercial;4066.00;30;;;;;;Client existant;2024-11-25;
11142204;72-Mairie-Le Mans-Totem-202411;lost;Devis froid;Commercial;4835.00;30;;;;;;Bouche à oreille / Prescription;2024-11-25;
11142205;69-SES-Grigny-Totem Vassel-202411;closed;Devis froid;Commercial;3727.50;30;;;;;;Appel entrant / Emailing / Marketing;2024-11-27;
11142206;75-Claudine Drai-Paris-Centre Pompidou-202411;won;Devis froid;Commercial;682.00;30;;;;;;Client existant;2024-11-28;
11142207;76-Mairie-Dieppe-Station Balneaire-202411;closed;Qualifié;Commercial;0.00;0;;;;;;Appel entrant / Emailing / Marketing;2024-11-28;
11142208;75-Reeporting-Paris-Palissade Van Cleef-202411;closed;Budget;Commercial;0.00;0;;;;;;Appel entrant / Emailing / Marketing;2024-11-28;
11142209;75-Arije-Paris-Habillage Echafaudage-202411;lost;Devis froid;Commercial;141505.00;30;;;;;;Bouche à oreille / Prescription;2024-11-29;
11142242;13-ETF-Marseille tram-maintenance et dépannage installation-202412-OPP-02963;closed;Identifié;Commercial;0.00;0;;;;;;Client existant;2024-12-04;
11142243;59-Nacarat-Villeneuve d'Ascq-Altize Sextant-202412;lost;Devis tiède;Commercial;4000.00;60;;;;;;Bouche à oreille / Prescription;2024-12-06;
11142244;17-Grand Pavois-La Rochelle-Totem-202412;closed;Qualifié;Commercial;0.00;0;;;;;;Appel entrant / Emailing / Marketing;2024-12-09;
11142245;91-Nacarat-Gif Sur Yvette-Altize-202412;lost;Devis froid;Commercial;9135.00;30;;;;;;Client existant;2024-12-09;
11142246;92-PLD-La Défense-Totem-202412;won;Devis froid;Commercial;15455.00;30;;;;;;Client existant;2024-12-09;
11142247;93-Eiffage E S IDF-St Denis-Electrification-Massifs-Dépôts-202412-OPP-02968;closed;Identifié;Commercial;0.00;0;;;;;;Commercial / Partenaire;2024-12-10;
11142248;59-ETS TROMONT-HAUTMONT-Massifs-Electrification-202412-OPP-02969;lost;Qualifié;Commercial;0.00;0;;;;;;Commercial / Partenaire;2024-12-10;
11142249;02-RTE-Landifay Bertaignemont-déroulage lignes HT-202412;closed;Devis froid;Commercial;20051.00;30;;;;;;Bouche à oreille / Prescription;2024-12-10;
11142250;37-Etixia-Tours-Palissade-202412;closed;Devis froid;Commercial;34838.75;30;;;;;;Appel entrant / Emailing / Marketing;2024-12-11;
11142251;38-LeGroup-Grenoble Métropole-Totem-202412;won;Devis froid;Commercial;35402.50;30;;;;;;Client existant;2024-12-13;
11142252;38-LeGroup-Meylan-Palissade-202412;won;Devis chaud;Commercial;4908.81;90;;;;;;Client existant;2024-12-13;
11142253;75-Sice Previt-Paris-Apple Champs Elysées-202411;lost;Devis froid;Commercial;45528.00;30;;;;;;Commercial / Partenaire;2024-12-16;
11142254;78-Eiffage-Versailles-Palissade Chateau-202412;lost;Devis froid;Commercial;175000.00;30;;;;;;Appel entrant / Emailing / Marketing;2024-12-16;
11142255;92-Lanfry-Boulogne-Palissade Eglise Notre Dame des Menus-202412;lost;Devis froid;Commercial;89024.80;30;;;;;;Commercial / Partenaire;2024-12-20;
11142256;93-Eiffage-Saint-Ouen-Panneau Esprit de Famille-202412;won;Devis tiède;Commercial;7957.70;60;;;;;;Client existant;2024-12-20;
11142257;75-EHTP-Paris-Habillage Module-202412;closed;Identifié;Commercial;0.00;0;;;;;;Commercial / Partenaire;2024-12-20;
11142258;69-Luminiscence-Lyon-Totem-202412;won;Devis chaud;Commercial;14393.00;90;;;;;;Appel entrant / Emailing / Marketing;2024-12-23;
11142259;77-Mairie-Meaux-Totem-202412;lost;Devis froid;Commercial;28750.00;30;;;;;;Appel entrant / Emailing / Marketing;2024-12-26;
11142260;67-DS Impression-Strasbourg-Totems-202412;lost;Devis froid;Commercial;5200.00;30;;;;;;Client existant;2024-12-27;
11142261;SALES 2025-Dev Commercial;closed;Identifié;Commercial;0.00;0;;;;;;Aucune;2024-01-04;
11142262;DEV 2025-Dev produit;closed;Identifié;Commercial;0.00;0;;;;;;Aucune;2024-01-04;
11142263;MKT 2025-Marketing et Com;closed;Identifié;Commercial;0.00;0;;;;;;Aucune;2024-01-04;
11142264;INT 2025-Stkg et opérationnel;closed;Identifié;Commercial;0.00;0;;;;;;Aucune;2024-01-04;
11142265;ADM 2025-Administratif;closed;Identifié;Commercial;0.00;0;;;;;;Aucune;2024-10-29;
11142266;92-CITEOS-COGELUM-Paris La Défense-Electrification Plots Poteaux-202501;won;Devis froid;Commercial;2374.00;30;;;;;;Client existant;2025-01-06;
11142267;78-Batiloc-Poissy-Modulize-202501;lost;Devis froid;Commercial;23468.00;30;;;;;;Commercial / Partenaire;2025-01-08;
11142268;01-Mairie-Bourg en Bresse-Habillage Echafaudage-202501;closed;Qualifié;Commercial;59584.00;0;;;;;;Commercial / Partenaire;2025-01-09;
11142269;18-CMN-Bourges-Palais Jacques-Cœur Signalétique-202501;won;Devis froid;Commercial;2297.63;30;;;;;;Client existant;2025-01-09;
11142270;38-Eiffage-Grenoble-Massif-202501;closed;Qualifié;Commercial;0.00;0;;;;;;Client existant;2025-01-10;
11142271;67-DS Impression-Strasbourg-Totem 80 x 220-202501;lost;Devis froid;Commercial;2876.00;30;;;;;;Client existant;2025-01-13;
11142272;38-LeGroup-Fontaine-SOHOANDCO Chantier-202501;lost;Devis froid;Commercial;17647.75;30;;;;;;Client existant;2025-01-14;
11142273;73-LeGroup-Méribel-Exéco Groupe Rising Stone Palissade Le Lac Bleu-202501;lost;Devis froid;Commercial;42938.00;30;;;;;;Client existant;2025-01-14;
11142274;76-Algeco-Dieppe-Bandeau Eiffage-202501;closed;Devis froid;Commercial;16507.88;30;;;;;;Client existant;2025-01-16;
11142275;63-CA Riom Limagne-Riom-Totem-202501;closed;Qualifié;Commercial;0.00;0;;;;;;Appel entrant / Emailing / Marketing;2025-01-17;
11142276;91-Portakabin-Sainte Geneviève des bois-Modulize Bardage-202501;closed;Devis froid;Commercial;3498.00;30;;;;;;Client existant;2025-01-19;
11142277;91-Portakabin-Sainte Geneviève des bois-Modulize Salle des maitres-202501;closed;Devis froid;Commercial;2945.00;30;;;;;;Client existant;2025-01-19;
11142278;75-René Boivin-Paris-Palissade-202501;lost;Devis froid;Commercial;11745.00;30;;;;;;Appel entrant / Emailing / Marketing;2025-01-19;
11142279;25-AVDLV-Besancon-Totem-202501;lost;Devis froid;Commercial;58965.00;30;;;;;;Appel entrant / Emailing / Marketing;2025-01-23;
11142280;84-Avignon Festival-Avignon-Totem-202501;lost;Devis froid;Commercial;24685.00;30;;;;;;Appel entrant / Emailing / Marketing;2025-01-23;
11142281;78-Nojac-Houilles-Totem-202501;closed;Devis froid;Commercial;11530.00;30;;;;;;Appel entrant / Emailing / Marketing;2025-01-24;
11142282;78-Portakabin-Villepreux-Modulize Bois-202501;lost;Devis froid;Commercial;10650.00;30;;;;;;Client existant;2025-01-24;
11142283;92-SPLNA-Nanterre-Signalétique-202501;won;Devis chaud;Commercial;1910.00;90;;;;;;Appel entrant / Emailing / Marketing;2025-01-24;
11142284;11-YHM Construction-Fleury d’Aude-Altize-202501;won;Devis froid;Commercial;5585.00;30;;;;;;Appel entrant / Emailing / Marketing;2025-01-29;
11142285;75-SMB Roger Martin-IDF-Palissade-202501;closed;Qualifié;Commercial;0.00;0;;;;;;Appel entrant / Emailing / Marketing;2025-01-31;
11142286;50-Mairie-Flamanville-Totem-202501;lost;Devis froid;Commercial;59277.00;30;;;;;;Appel entrant / Emailing / Marketing;2025-01-31;
11142287;77-Biobank-Lieusaint-Modulize-202502;lost;Devis froid;Commercial;14840.00;30;;;;;;Appel entrant / Emailing / Marketing;2025-02-04;
11142288;75-Algeco-Paris-Modulize RATP Austerlitz-202502;lost;Devis froid;Commercial;4466.00;30;;;;;;Client existant;2025-02-05;
11142289;75-Sainko-Paris-Facade Mackage-202502;won;Devis froid;Commercial;21693.50;30;;;;;;Appel entrant / Emailing / Marketing;2025-02-05;
11142290;31-Charpentier Services Grues-L'Isle en Dodon-Altize-202502;closed;Qualifié;Commercial;0.00;0;;;;;;Appel entrant / Emailing / Marketing;2025-02-06;
11142291;93-AJ Concept-Saint-Ouen-Palissade-202502;lost;Devis froid;Commercial;54720.00;30;;;;;;Appel entrant / Emailing / Marketing;2025-02-07;
11142292;75-Lefevre-Paris-Palais du Luxembourg-202502;lost;Devis tiède;Commercial;225000.00;60;;;;;;Commercial / Partenaire;2025-02-07;
11142293;86-Super Idée-Poitiers-Totem-202502;lost;Devis froid;Commercial;45000.00;30;;;;;;Appel entrant / Emailing / Marketing;2025-02-10;
11142294;75-Orvea-Paris-Palissade Marriott-202502;lost;Devis froid;Commercial;22500.00;30;;;;;;Appel entrant / Emailing / Marketing;2025-02-10;
11142295;94-FMD-Vitry-Massif-202502;won;Devis tiède;Commercial;5700.80;60;;;;;;Aucune;2025-02-11;
11142296;75-ONF-Paris-Totem-202502;lost;Devis froid;Commercial;21390.00;30;;;;;;Appel entrant / Emailing / Marketing;2025-02-12;
11142297;92-Algeco-Suresnes-Modulize Ocelian-202502;lost;Devis froid;Commercial;19892.98;30;;;;;;Client existant;2025-02-13;
11142298;FR-Galeries Lafayette-FR-Palissade Intérieure-202502;closed;Qualifié;Commercial;0.00;0;;;;;;Appel entrant / Emailing / Marketing;2025-02-14;
11142299;BE-ULG-Liege AO-Palissade Bois-202502;closed;Qualifié;Commercial;0.00;0;;;;;;Client existant;2025-02-17;
11142300;95-Extime JC Decaux-CDG-Palissade-202502;closed;Qualifié;Commercial;0.00;0;;;;;;Appel entrant / Emailing / Marketing;2025-02-17;
11142301;25-Agence Ter-Besançon-Palissade-202502;closed;Budget;Commercial;90000.00;0;;;;;;Appel entrant / Emailing / Marketing;2025-02-17;
11142302;06-Algeco-Cap d'Antibes-Modulize-202502;closed;Devis tiède;Commercial;47470.00;60;;;;;;Client existant;2025-02-19;
11142303;22-Commune-Perros Guirec-Candelize-202502;lost;Devis froid;Commercial;1300.50;30;;;;;;Appel entrant / Emailing / Marketing;2025-02-20;
11142304;41-Atelier Boyer-Cheverny-Chateau-202502;lost;Devis tiède;Commercial;5140.00;60;;;;;;Appel entrant / Emailing / Marketing;2025-02-20;
11142305;75-Eiffage Construction-Paris-Rives de Seine-Signalétique-202502;lost;Devis froid;Commercial;41064.04;30;;;;;;Appel entrant / Emailing / Marketing;2025-02-21;
11142306;56-Commune-Larmor Plage-Totem-202502;closed;Qualifié;Commercial;0.00;0;;;;;;Appel entrant / Emailing / Marketing;2025-02-21;
11142307;93-Algeco-Drancy-Sports et Paysages-202502;closed;Devis froid;Commercial;4895.00;30;;;;;;Client existant;2025-02-26;
11142308;31-Oteis-Toulouse-Palissade-202502;closed;Budget;Commercial;30000.00;0;;;;;;Appel entrant / Emailing / Marketing;2025-02-27;
11142309;13-SCRB-Marseille-Altize-202502;lost;Devis froid;Commercial;587.00;30;;;;;;Appel entrant / Emailing / Marketing;2025-02-27;
11142310;94-Portakabin-Orly-Paris Football Club-202502;closed;Devis froid;Commercial;22830.37;30;;;;;;Client existant;2025-03-03;
11142311;29-Eiffage Energie-La Morlaix-Massif-202503;closed;Qualifié;Commercial;0.00;0;;;;;;Appel entrant / Emailing / Marketing;2025-03-03;
11142312;75-SpieBatignolles-Paris-Comédie Française-202502;closed;Qualifié;Commercial;0.00;0;;;;;;Appel entrant / Emailing / Marketing;2025-03-03;
11142313;31-VNF-Toulouse-Totems Evénementiels-202502;closed;Qualifié;Commercial;0.00;0;;;;;;Appel entrant / Emailing / Marketing;2025-03-03;
11142314;75-Fairplay-Paris-Facade 14 rue Humblot-202502;lost;Devis tiède;Commercial;23743.27;60;;;;;;Client existant;2025-03-03;
11142315;94-Westfalia Fruit-Fresnes-Bâche-202503;lost;Devis froid;Commercial;5090.00;30;;;;;;Appel entrant / Emailing / Marketing;2025-03-07;
11142316;56-Algeco-Quiberon-Modulize Salle Polyvalente-202503;closed;Devis froid;Commercial;2773.00;30;;;;;;Client existant;2025-03-10;
11142317;69-Algeco-Meyzieu-SNCF Demathieu & Bard St Etienne-202503;lost;Devis froid;Commercial;974.00;30;;;;;;Client existant;2025-03-11;
11142318;28-Algeco-Marboué-Modulize-202503;won;Devis chaud;Commercial;3351.00;90;;;;;;Client existant;2025-03-13;
11142319;IT-Boon Editions-Milan-Habillage Echafaudage-202503;closed;Qualifié;Commercial;0.00;0;;;;;;Bouche à oreille / Prescription;2025-03-14;
11142320;95-LaSigna-Louvres-Palissade-202503;lost;Devis froid;Commercial;59338.75;30;;;;;;Appel entrant / Emailing / Marketing;2025-03-14;
11142321;13-SCRB-BOUC-BEL-AIR-Panneaux-202503;won;Devis froid;Commercial;2700.00;30;;;;;;Appel entrant / Emailing / Marketing;2025-03-14;
11142322;67-Sotrafren-Strasbourg-Bâche pour Echafaudage-202503;lost;Devis froid;Commercial;4274.00;30;;;;;;Appel entrant / Emailing / Marketing;2025-03-17;
11142323;75-GA Smart Building-Patris-Bache Champs Elysées-202503;closed;Devis froid;Commercial;13055.00;30;;;;;;Bouche à oreille / Prescription;2025-03-18;
11142324;67-Sprey-Strasbourg-Totem Culture-202503;closed;Devis froid;Commercial;2222.50;30;;;;;;Appel entrant / Emailing / Marketing;2025-03-18;
11142325;67-Sprey-Strasbourg-Totem Expo Tourisme-202503;lost;Devis froid;Commercial;13640.00;0;;;;;;Appel entrant / Emailing / Marketing;2025-03-18;
11142326;75-Sica Logistique-Paris-Palissade St Honoré-202503;lost;Devis froid;Commercial;24550.00;30;;;;;;Appel entrant / Emailing / Marketing;2025-03-19;
11142327;38-Signarama-La Verpillère-4x3-202503;lost;Devis froid;Commercial;4840.00;30;;;;;;Client existant;2025-03-19;
11142328;93-Commune-Epinay s/ Seine-Intervention Palissade-202503;closed;Devis froid;Commercial;4490.00;30;;;;;;Client existant;2025-03-19;
11142329;95-Sept au Carré-Herblay-Panneau-202503;lost;Devis froid;Commercial;2730.00;30;;;;;;Appel entrant / Emailing / Marketing;2025-03-20;
11142362;94-Algeco-Orly-Damier Eiffage-202503;lost;Devis froid;Commercial;2170.40;30;;;;;;Client existant;2025-03-25;
11142363;91-Commune-Gometz Le Châtel-Totem-202503;lost;Devis froid;Commercial;22480.00;30;;;;;;Appel entrant / Emailing / Marketing;2025-03-26;
11142364;75-HChevalier-Paris-Belle Jardinière Habillage-202503;lost;Devis froid;Commercial;144910.00;30;;;;;;Client existant;2025-03-26;
11142365;69-Logilys-Villefranche sur Saône-Palissade-202503;lost;Devis froid;Commercial;62230.00;30;;;;;;Appel entrant / Emailing / Marketing;2025-03-28;
11142366;33-A2LC-Bordeaux-Palissade Bois Hôpital Charles Perrens-202503;closed;Devis froid;Commercial;30350.00;30;;;;;;Appel entrant / Emailing / Marketing;2025-03-28;
11142367;88-Super Idée-Saint-Dié-des-Vosges-Totem Moussey-202503;lost;Devis tiède;Commercial;34040.00;60;;;;;;Commercial / Partenaire;2025-03-31;
11142368;75-Etandex-Paris-Palissade Tour Eiffel-202504;closed;Budget;Commercial;0.00;0;;;;;;Appel entrant / Emailing / Marketing;2025-04-03;
11142369;75-Covea-Paris-Bâche façade / 1 rue de la Pepinière-202504;lost;Devis froid;Commercial;13705.15;30;;;;;;Bouche à oreille / Prescription;2025-04-03;
11142370;84-Cotelub-La Tour d'Aigues-Totem-202504;lost;Devis froid;Commercial;2190.00;30;;;;;;Appel entrant / Emailing / Marketing;2025-04-03;
11142371;94-SCV2A-Thiais-Massif-202504;closed;Devis froid;Commercial;7660.00;30;;;;;;Appel entrant / Emailing / Marketing;2025-04-03;
11142372;94-EcoMarquage-Rungis-Massif-202504;won;Devis chaud;Commercial;5878.00;90;;;;;;Appel entrant / Emailing / Marketing;2025-04-03;
11142373;92-NGE-Issy Les Moulineaux-Vitrophanie-202504;lost;Devis froid;Commercial;2160.00;30;;;;;;Appel entrant / Emailing / Marketing;2025-04-08;
11142374;26-Agence Lissen-Valence-Chantier Vinci-202504;closed;Qualifié;Commercial;0.00;0;;;;;;Appel entrant / Emailing / Marketing;2025-04-08;
11142375;34-URCOFOR-Montpellier-Totem-202504;closed;Devis froid;Commercial;17112.50;30;;;;;;Appel entrant / Emailing / Marketing;2025-04-09;
11142376;78-AdLum-Versailles-Totem-202504;lost;Devis froid;Commercial;25288.88;30;;;;;;Appel entrant / Emailing / Marketing;2025-04-09;
11142377;94-Atelier Boyer-Villejuif-Massif-202504;lost;Devis chaud;Commercial;5275.00;90;;;;;;Commercial / Partenaire;2025-04-09;
11142378;76-KCO Event-Dieppe-Totem-202504;closed;Devis froid;Commercial;3790.00;30;;;;;;Appel entrant / Emailing / Marketing;2025-04-10;
11142379;03-Commune-Moulins sur Allier-Totem-202504;closed;Budget;Commercial;0.00;0;;;;;;Appel entrant / Emailing / Marketing;2025-04-11;
11142380;IDF-Publi Legal-IDF-Comm Chantier-202504;closed;Budget;Commercial;0.00;0;;;;;;Aucune;2025-04-11;
11142381;75-Portakabin-Paris-Hippodrome Auteuil-202504;lost;Devis tiède;Commercial;4424.00;60;;;;;;Client existant;2025-04-11;
11142382;37-Edigo-Tours-Caisson Grue-202504;closed;Qualifié;Commercial;0.00;0;;;;;;Aucune;2025-04-11;
11142383;41-Algeco-Blois-Bandeau Eiffage-202504;lost;Devis froid;Commercial;5852.80;30;;;;;;Client existant;2025-04-14;
11142384;34-Signarama-Grabels-Totem URCOFOR-202504;closed;Devis froid;Commercial;15949.06;30;;;;;;Commercial / Partenaire;2025-04-14;
11142385;69-Dreams Donuts-Châtillon-Palissade Intérieure-202504;lost;Devis froid;Commercial;10250.00;30;;;;;;Appel entrant / Emailing / Marketing;2025-04-15;
11142386;75-Chaumeil-Paris-Toile sur Echafaudage-202504;closed;Devis froid;Commercial;11961.00;30;;;;;;Client existant;2025-04-15;
11142387;74-Fulton-Megève-Palissade-202504;lost;Devis tiède;Commercial;4150.00;60;;;;;;Appel entrant / Emailing / Marketing;2025-04-15;
11142388;68-Commune-Saint Louis-AO Signalétique-202504;won;Devis froid;Commercial;714.00;30;;;;;;Commercial / Partenaire;2025-04-16;
11142389;38-Algeco-St Etienne de St Geoirs-Modulize-202504;closed;Devis froid;Commercial;2485.48;30;;;;;;Aucune;2025-04-17;
11142390;92-VNF-Suresnes-Massif+Poteaux-202504;lost;Devis froid;Commercial;2096.90;30;;;;;;Appel entrant / Emailing / Marketing;2025-04-21;
11142391;75-KCO Event-Paris-Totem-202504;closed;Devis froid;Commercial;9996.00;30;;;;;;Appel entrant / Emailing / Marketing;2025-04-22;
11142392;73-The Good Start-Bourg St Maurice-Habillage Evénementiel-202504;won;Devis chaud;Commercial;14454.00;90;;;;;;Appel entrant / Emailing / Marketing;2025-04-22;
11142393;56-Algeco-Quiberon-Modulize-202504;lost;Devis froid;Commercial;4424.00;30;;;;;;Client existant;2025-04-24;
11142394;78-Commune-Verneuil-Toile sur facade-202504;lost;Devis froid;Commercial;25860.00;30;;;;;;Appel entrant / Emailing / Marketing;2025-04-24;
11142395;75-Peradotto-Paris-Totem Insep Vincennes-202504;closed;Devis froid;Commercial;13825.00;30;;;;;;Commercial / Partenaire;2025-04-24;
11142396;78-Normes & Concept-Plaisir-Palissade intérieure Grand Plaisir-202504;lost;Devis froid;Commercial;15208.00;30;;;;;;Appel entrant / Emailing / Marketing;2025-04-24;
11142397;92-Gunnebo-Paris La Défense-Palissade Intérieure-202504;closed;Devis froid;Commercial;9825.00;30;;;;;;Appel entrant / Emailing / Marketing;2025-04-25;
11142398;92-Agema-Colombes-Palissade intérieure 50ml-202504;lost;Devis froid;Commercial;12885.00;30;;;;;;Appel entrant / Emailing / Marketing;2025-04-25;
11142399;61-Maison de la Rivière et du Paysage-Athis Val de Rouvre-Totem-202504;closed;Devis froid;Commercial;4320.00;30;;;;;;Appel entrant / Emailing / Marketing;2025-04-25;
11142400;78-Agglo-St Quentin en Yvelines-Panneau-202504;closed;Qualifié;Commercial;0.00;0;;;;;;Appel entrant / Emailing / Marketing;2025-04-25;
11142401;78-Algeco-Triel s/ Seine-Modulize Even-202504;won;Devis froid;Commercial;4424.00;30;;;;;;Appel entrant / Emailing / Marketing;2025-04-28;
11142402;29-Mairie-Quimper-Totem-202504;closed;Devis froid;Commercial;12700.00;30;;;;;;Appel entrant / Emailing / Marketing;2025-04-28;
11142403;75-We Love Green-Paris-Totem Bois de Vincennes-202504;lost;Devis froid;Commercial;2500.00;30;;;;;;Appel entrant / Emailing / Marketing;2025-04-28;
11142404;73-DBD-Albertville-Palissade-202504;lost;Devis froid;Commercial;8540.00;30;;;;;;Appel entrant / Emailing / Marketing;2025-04-28;
11142405;92-Commune-Neuilly s/ Seine-Totem-202504;lost;Devis froid;Commercial;9030.00;30;;;;;;Appel entrant / Emailing / Marketing;2025-04-30;
11142406;93-Ministère Intérieur-Rosny-Totem-202504;lost;Devis froid;Commercial;7280.00;30;;;;;;Appel entrant / Emailing / Marketing;2025-04-30;
11142407;69-ATI-Meyzieux-Massif-202504;closed;Qualifié;Commercial;0.00;0;;;;;;Appel entrant / Emailing / Marketing;2025-04-30;
11142408;31-CCPHG-Marignac-Palissade Gare-202504;lost;Devis froid;Commercial;11775.00;30;;;;;;Appel entrant / Emailing / Marketing;2025-05-01;
11142409;66-Algeco-Perpignan-Modulize-202505;lost;Devis froid;Commercial;932.00;30;;;;;;Client existant;2025-05-02;
11142410;78-Esprimm-Versailles-Signalétique Dangeau-202505;won;Devis froid;Commercial;3423.00;30;;;;;;Client existant;2025-05-05;
11142411;45-Publi Relief Signarama-Fleury Les Aubrais-Palissade-202505;closed;Devis froid;Commercial;17202.50;30;;;;;;Commercial / Partenaire;2025-05-05;
11142412;85-Luigi Gere-Les Sables d’Olonne-Totem-202505;lost;Devis froid;Commercial;9550.00;30;;;;;;Appel entrant / Emailing / Marketing;2025-05-05;
11142413;92-3DS-Boulogne-Facade Bd République-202504;closed;Qualifié;Commercial;0.00;0;;;;;;Appel entrant / Emailing / Marketing;2025-05-06;
11142414;95-Essor Group-Groslay-Enseigne-202505;won;Devis froid;Commercial;11468.50;30;;;;;;Appel entrant / Emailing / Marketing;2025-05-07;
11142415;75-Creapole-Paris-Façade immeuble-202504;lost;Devis froid;Commercial;7085.00;30;;;;;;Commercial / Partenaire;2025-05-09;
11142416;13-Anne Sophie Tirel-Marseille-Exposition Photo-202505;lost;Devis froid;Commercial;22280.00;30;;;;;;Appel entrant / Emailing / Marketing;2025-05-12;
11142417;13-Institutions et Projets-Marseille-Totem-202505;lost;Devis froid;Commercial;5105.00;30;;;;;;Appel entrant / Emailing / Marketing;2025-05-13;
11142418;28-Chartres Enseignes-Chartres-Massif-202505;closed;Devis froid;Commercial;2480.00;30;;;;;;Appel entrant / Emailing / Marketing;2025-05-14;
11142419;54-CCB Pompey-Frouard-Palissades-202505;won;Devis chaud;Commercial;33517.00;90;;;;;;Aucune;2025-05-19;
11142420;63-Chaumeil-Le Puy en Velay-Mobilize-202505;closed;Devis froid;Commercial;6965.50;30;;;;;;Client existant;2025-05-19;
11142421;69-MDTP-Lyon-Totem-202505;closed;Devis froid;Commercial;3500.00;30;;;;;;Appel entrant / Emailing / Marketing;2025-05-19;
11142422;78-Essor Group-Poissy-Dynamikum-202505;won;Devis froid;Commercial;9549.52;30;;;;;;Commercial / Partenaire;2025-05-20;
11142424;78-Esprimm-St Germain en Laye-Expo Photo-202505;won;Devis froid;Commercial;5400.00;30;;;;;;Client existant;2025-05-20;
11142425;75-22 Invest Mgt-Paris-Toile sur Facade-202505;lost;Devis froid;Commercial;1172.45;30;;;;;;Appel entrant / Emailing / Marketing;2025-05-21;
11142426;93-Cushman-Rosny s/s Bois-Palissade intérieure-202505;lost;Devis froid;Commercial;9296.00;30;;;;;;Appel entrant / Emailing / Marketing;2025-05-22;
11142427;31-Exhibition Hub-Toulouse-Totem-202505;won;Devis froid;Commercial;8891.00;30;;;;;;Appel entrant / Emailing / Marketing;2025-05-23;
11142428;85-Mairie Sables-d'Olonnes-Totems-202506;lost;Devis froid;Commercial;12005.00;30;;;;;;Appel entrant / Emailing / Marketing;2025-05-26;
11142429;24-Commune-St Pardoux La Rivière-Totem-202505;closed;Qualifié;Commercial;4250.00;0;;;;;;Appel entrant / Emailing / Marketing;2025-05-26;
11142430;38-Salmorenc-Voiron-Totem-202505;closed;Qualifié;Commercial;0.00;0;;;;;;Appel entrant / Emailing / Marketing;2025-05-27;
11142431;29-GCC-Morlaix-Massif-202505;closed;Devis tiède;Commercial;74640.00;60;;;;;;Appel entrant / Emailing / Marketing;2025-05-27;
11142432;BE-Jean Wust-Butgenbach-Palissade Worriken-202505;closed;Devis froid;Commercial;323830.00;30;;;;;;Appel entrant / Emailing / Marketing;2025-05-27;
11142433;44-Zart-Loireauxence-Totem-202505;lost;Devis froid;Commercial;4932.00;30;;;;;;Appel entrant / Emailing / Marketing;2025-05-27;
11142434;34-Aeko-Montpellier-Geste inaugural-202505;closed;Qualifié;Commercial;0.00;0;;;;;;Appel entrant / Emailing / Marketing;2025-05-29;
11142435;75-ICP-Paris-Habillage Chantier cour intérieure-202505;won;Devis chaud;Commercial;16319.04;90;;;;;;Commercial / Partenaire;2025-05-29;
11142436;64-Aedifim-Bayonne-Altize-202505;closed;Qualifié;Commercial;0.00;0;;;;;;Appel entrant / Emailing / Marketing;2025-05-29;
11142437;75-SADE-Paris-Palissade 6 bd Malesherbes-202505;won;Devis froid;Commercial;21743.75;30;;;;;;Appel entrant / Emailing / Marketing;2025-05-29;
11142438;91-Portakabin-Les Ulis-Modulize BPM Cars-202506;won;Devis froid;Commercial;5564.00;30;;;;;;Client existant;2025-06-02;
11142439;91-Commune-Viry Chatillon-Facelift Le Calypso-202506;won;Devis tiède;Commercial;1031.40;60;;;;;;Bouche à oreille / Prescription;2025-06-03;
11142440;77-Epiceum-Montévrain-Signaletique-202506;won;Devis froid;Commercial;11805.00;30;;;;;;Client existant;2025-06-03;
11142441;02-Commune-Saint Quentin-Totem-202506;lost;Devis froid;Commercial;4990.00;30;;;;;;Appel entrant / Emailing / Marketing;2025-06-03;
11142442;92-CMN-Ville d'Avray-Totem-202506;won;Devis froid;Commercial;3515.00;30;;;;;;Client existant;2025-06-04;
11142443;73-Eiffage-Aix Les Bains-Massif-202506;closed;Devis froid;Commercial;3350.00;30;;;;;;Client existant;2025-06-04;
11142444;95-Essor Group-Groslay-Signaletique-202505;late;Qualifié;Commercial;0.00;0;;;;;;Commercial / Partenaire;2025-06-05;
11142445;78-Freyssinet-Auffargis-Massif-202506;won;Devis froid;Commercial;883.00;30;;;;;;Appel entrant / Emailing / Marketing;2025-06-05;
11142446;91-Algeco-Plessis Pâté-Modulize-202506;lost;Devis froid;Commercial;39738.20;30;;;;;;Client existant;2025-06-05;
11142447;91-Algeco-Saclay- Eiffage DGA-202506;closed;Devis tiède;Commercial;7367.32;60;;;;;;Client existant;2025-06-05;
11142448;59-Lineal-Cambrai-Totem-202506;lost;Devis froid;Commercial;37231.00;30;;;;;;Appel entrant / Emailing / Marketing;2025-06-08;
11142449;44-Phil'Event-Nantes-Totem Jacques Vabre-202407;lost;Devis tiède;Commercial;13934.70;60;;;;;;Commercial / Partenaire;2025-06-09;
11142450;28-Chartres Enseignes-Chartres-Totem-202505;lost;Devis froid;Commercial;18839.75;30;;;;;;Appel entrant / Emailing / Marketing;2025-06-09;
11142451;75-ICP-Paris-Habillage Chantier Rue Assas-202505;lost;Devis froid;Commercial;7630.00;30;;;;;;Commercial / Partenaire;2025-06-09;
11142452;69-Agglo Villefranche-Palissade Gambetta-202506;lost;Devis froid;Commercial;37362.19;30;;;;;;Appel entrant / Emailing / Marketing;2025-06-09;
11142453;18-Algeco-Le Subdray-Antiblast MBDA-202506;won;Devis froid;Commercial;14962.00;30;;;;;;Client existant;2025-06-10;
11142454;75-Manifesto-Paris-Totem-202506;closed;Budget;Commercial;0.00;0;;;;;;Appel entrant / Emailing / Marketing;2025-06-11;
11142455;34-Stéphanie Mansy-Toulouse-Toile-202606;closed;Qualifié;Commercial;0.00;0;;;;;;Appel entrant / Emailing / Marketing;2025-06-11;
11142456;25-Dryade-Saone-Massif-202506;won;Devis froid;Commercial;1798.00;30;;;;;;Appel entrant / Emailing / Marketing;2025-06-12;
11142457;68-Commune-Saint Louis-Signalétique Recyparc du Liesbach-202504;won;Devis chaud;Commercial;23481.15;90;;;;;;Client existant;2025-06-13;
11142458;01-Saone et Loire Paysage-Bourg en Bresse-Palissade Maison du Cirque-202506;lost;Devis froid;Commercial;33052.00;30;;;;;;Appel entrant / Emailing / Marketing;2025-06-16;
11142459;01-Terideal-Bourg en Bresse-Palissade Maison du cirque-202506;lost;Devis froid;Commercial;33052.00;30;;;;;;Appel entrant / Emailing / Marketing;2025-06-16;
11142460;94-Portakabin-Vitry sur Seine-Pelliculage Sanofi-202506;closed;Devis froid;Commercial;13537.89;30;;;;;;Client existant;2025-06-16;
11142461;94-Valophis-Valenton-Palissade-202506;lost;Devis froid;Commercial;16607.60;30;;;;;;Bouche à oreille / Prescription;2025-06-17;
11142462;75-Sainko-Paris-Facade Mackage-202506;lost;Devis froid;Commercial;29593.98;0;;;;;;Client existant;2025-06-18;
11142463;75-ICP-Paris-Kakemono Façade-202506;lost;Devis froid;Commercial;5980.00;30;;;;;;Client existant;2025-06-20;
11142464;17-Recreation-Fouras-Totem-202506;closed;Devis froid;Commercial;37255.00;30;;;;;;Appel entrant / Emailing / Marketing;2025-06-20;
11142465;13-Algeco-Fuveau-Modulize SVIS-202506;won;Devis froid;Commercial;18994.00;30;;;;;;Client existant;2025-06-20;
11142466;92-Commune-Neuilly s/ Seine-Coffage Vending Machine-202506;closed;Devis froid;Commercial;4270.00;30;;;;;;Aucune;2025-06-20;
11142467;75-EXA GROUP-Paris Palissade Gucci St Germain-202506;closed;Devis froid;Commercial;47840.00;30;;;;;;Commercial / Partenaire;2025-06-23;
11142468;78-Musée Orsay-Bullion-Totem-202506;lost;Devis tiède;Commercial;27745.00;60;;;;;;Appel entrant / Emailing / Marketing;2025-06-27;
11142469;22-Finadorm-Loudéac-Adhésifs-202506;lost;Devis froid;Commercial;600.00;30;;;;;;Client existant;2025-06-30;
11142470;66-Algeco-Perpignan-Milence Modulize-202506;closed;Devis froid;Commercial;2216.00;30;;;;;;Client existant;2025-07-02;
11142471;35-Algeco-Rennes-Modulize-202507;closed;Budget;Commercial;0.00;0;;;;;;Client existant;2025-07-02;
11142472;69-Epiceum-Rillieux la Pape-Habillage Evenementiel-202507;won;Devis chaud;Commercial;9140.00;90;;;;;;Client existant;2025-07-02;
11142473;95-Cougnaud-Cergy Pontoise-Modulize Concessionnaire-202507;closed;Qualifié;Commercial;0.00;0;;;;;;Client existant;2025-07-02;
11142474;77-Chaumeil-NA-Totem Commerce-202507;closed;Devis froid;Commercial;3583.00;30;;;;;;Client existant;2025-07-04;
11142475;41-Agglopolys-Blois-Totem-202507;lost;Devis froid;Commercial;26130.00;30;;;;;;Appel entrant / Emailing / Marketing;2025-07-07;
11142476;17-CMN-La Rochelle-Signalétique-202507;won;Devis froid;Commercial;2664.38;30;;;;;;Client existant;2025-07-07;
11142477;95-Commune-Argenteuil-Totem-202507;closed;Budget;Commercial;0.00;0;;;;;;Appel entrant / Emailing / Marketing;2025-07-07;
11142478;77-Metal Création-Le Châtelet En Brie-202507;closed;Devis froid;Commercial;230.00;30;;;;;;Appel entrant / Emailing / Marketing;2025-07-08;
11142479;92-Strat&act-Paris La Défense-Totem-202507;closed;Devis froid;Commercial;9840.00;30;;;;;;Client existant;2025-07-08;
11142480;98-Mark-Monaco-Mareterra Pelliculage-202507;won;Devis froid;Commercial;109985.55;30;;;;;;Client existant;2025-07-09;
11142481;31-Zenith-Toulouse-Massif-202507;closed;Devis froid;Commercial;3750.00;30;;;;;;Appel entrant / Emailing / Marketing;2025-07-10;
11142482;85-Swimming Pool-Tiffauges-Totem-202507;closed;Devis froid;Commercial;5790.00;30;;;;;;Appel entrant / Emailing / Marketing;2025-07-11;
11142483;76-Pic92-Rouen-Altize-202507;lost;Devis froid;Commercial;5150.00;30;;;;;;Appel entrant / Emailing / Marketing;2025-07-15;
11142484;95-S & S DISTRIBUTION-Groslay-Signaletique-202507;closed;Devis froid;Commercial;24373.40;30;;;;;;Bouche à oreille / Prescription;2025-07-17;
11142485;92-Commune-Neuilly s/ Seine-Totem-202507;closed;Devis froid;Commercial;45300.00;30;;;;;;Appel entrant / Emailing / Marketing;2025-07-22;
11142487;LU-Mudam-Luxembourg-Totem-202507;lost;Devis froid;Commercial;3886.32;30;;;;;;Appel entrant / Emailing / Marketing;2025-07-23;
11142488;34-Dalkia-Frontignan-Massif-202507;closed;Devis froid;Commercial;2720.00;30;;;;;;Appel entrant / Emailing / Marketing;2025-07-27;
11142489;37-Algeco-Beaumont en Véron-Modulize-202507;lost;Devis froid;Commercial;28054.00;30;;;;;;Client existant;2025-07-28;
11142490;75-Algeco-Paris-Eiffage Théatre de Chaillot-202507;lost;Devis froid;Commercial;106792.35;30;;;;;;Client existant;2025-07-28;
11142491;75-Cougnaud-Paris-Eiffage Théatre de Chaillot-202507;closed;Devis froid;Commercial;59665.00;30;;;;;;Client existant;2025-07-28;
11142492;35-SNEF-La Mézière-Massif-202507;won;Devis chaud;Commercial;1830.00;90;;;;;;Appel entrant / Emailing / Marketing;2025-07-28;
11142493;75-Collège de France-Paris-Palissade Bartholdi-202507;lost;Devis froid;Commercial;10771.06;30;;;;;;Appel entrant / Emailing / Marketing;2025-07-28;
11142494;54-Vraiment Vraiment-Nancy-Totem Place de la République-202507;closed;Qualifié;Commercial;0.00;0;;;;;;Aucune;2025-07-28;
11142495;69-Chaumeil-Bron-Habillage Palissade-202507;lost;Devis froid;Commercial;9031.00;30;;;;;;Client existant;2025-07-28;
11142496;92-Interimages-Clichy-Totem-202507;closed;Devis froid;Commercial;1037.50;30;;;;;;Bouche à oreille / Prescription;2025-07-29;
11142497;75-SHPH-Paris-Toile sur échafaudage-202507;lost;Devis froid;Commercial;54796.00;30;;;;;;Appel entrant / Emailing / Marketing;2025-07-29;
11142498;28-CC Coeur de Beauce-Chateaudun-Totem-202507;lost;Budget;Commercial;15556.37;0;;;;;;Appel entrant / Emailing / Marketing;2025-07-29;
11142499;50-DK Group-Cherbourg-Panneau de Chantier-202507;won;Devis froid;Commercial;3460.00;30;;;;;;Commercial / Partenaire;2025-08-01;
11142500;01-Charpente Mortier-Pérouges-Palissade-202507;closed;Devis froid;Commercial;16961.56;30;;;;;;Appel entrant / Emailing / Marketing;2025-08-03;
11142501;75-Tout Terrain-Paris-Massif-202508;lost;Devis froid;Commercial;9960.00;30;;;;;;Aucune;2025-08-04;
11142502;77-Cougnaud-Chessy-Vinci-202508;closed;Devis froid;Commercial;314335.70;30;;;;;;Client existant;2025-08-05;
11142503;62-Commune-Samer-Totem-202508;closed;Devis froid;Commercial;3595.00;30;;;;;;Appel entrant / Emailing / Marketing;2025-08-05;
11142505;34-Algeco-Vendres-Modulize Milence-202508;closed;Devis froid;Commercial;1574.00;30;;;;;;Client existant;2025-08-13;
11142538;13-Algeco-Saint-Paul-lès-Durance-CEA Cadarache-202508;closed;Devis froid;Commercial;4999.00;30;;;;;;Client existant;2025-08-25;
11142539;68-Commune-Saint Louis-Horaires Déchetteries-202508;won;Devis chaud;Commercial;2948.78;90;;;;;;Client existant;2025-08-26;
11142540;68-Commune-Saint Louis-Circuit des Manoirs-202508;won;Devis chaud;Commercial;9721.61;90;;;;;;Client existant;2025-08-27;
11142541;75-Chantiers Modernes-Paris-Palissade Cité U-202507;lost;Devis froid;Commercial;65097.55;30;;;;;;Appel entrant / Emailing / Marketing;2025-08-28;
11142542;95-Agglo-Val Parisis-Kakemono-202508;won;Devis froid;Commercial;7095.00;30;;;;;;Client existant;2025-08-28;
11142543;75-Entete-Paris-Evenementiel Lyf-202508;closed;Qualifié;Commercial;0.00;0;;;;;;Appel entrant / Emailing / Marketing;2025-08-28;
11142544;95-Bleu et Associés-Roissy-Palissade Intérieure-202508;closed;Devis froid;Commercial;990.00;30;;;;;;Appel entrant / Emailing / Marketing;2025-08-28;
11142545;95-Creatifs-Gonesse-OWG26 Milan-202508;lost;Devis froid;Commercial;56680.00;30;;;;;;Appel entrant / Emailing / Marketing;2025-08-29;
11142546;92-GTM Batiment-Nanterre-Massif-202508;cancelled;Devis chaud;Commercial;2160.00;90;;;;;;Appel entrant / Emailing / Marketing;2025-09-01;
11142547;38-Chartreuse Diffusion-Entre-Deux-Guiers-Totem-202508;lost;Devis froid;Commercial;33770.00;30;;;;;;Appel entrant / Emailing / Marketing;2025-09-01;
11142548;IT-AES-Milan-JO 2026-202509;won;Devis froid;Commercial;3880.00;30;;;;;;Client existant;2025-09-03;
11142549;75-Sice Previt-Paris-Cartier Champs Elysées-202508;lost;Devis froid;Commercial;219066.00;30;;;;;;Commercial / Partenaire;2025-09-04;
11142550;75-Patine-Paris-Habillage-202509;won;Devis froid;Commercial;2817.20;30;;;;;;Appel entrant / Emailing / Marketing;2025-09-04;
11142551;69-Algeco-Tassin La Demi Lune-Crèche-202509;lost;Devis froid;Commercial;2999.00;30;;;;;;Client existant;2025-09-08;
11142552;33-Caddenz-Merignac-Massif-202509;lost;Qualifié;Commercial;193939.20;0;;;;;;Appel entrant / Emailing / Marketing;2025-09-09;
11142553;65-Altiservice-Saint-Lary-Soulan-Bache-202509;closed;Devis froid;Commercial;2263.36;30;;;;;;Appel entrant / Emailing / Marketing;2025-09-10;
11142554;86-Algeco-Avanton-déco Ecole maternelle-202509;closed;Devis froid;Commercial;3140.00;30;;;;;;Client existant;2025-09-11;
11142555;35-BatiEco35-La Bouëxière-Palissade-202509;closed;Devis froid;Commercial;0.00;30;;;;;;Appel entrant / Emailing / Marketing;2025-09-12;
11142556;50-Algeco-Montmartin sur Mer-Algeco Deco-202509;won;Devis froid;Commercial;7041.00;30;;;;;;Client existant;2025-09-12;
11142557;75-My Pop Up Store-Paris-Echafaudage Rue de Belleyme-202509;closed;Devis froid;Commercial;7796.00;30;;;;;;Bouche à oreille / Prescription;2025-09-12;
11142558;68-Commune-Saint Louis-Sans tabac-202509;won;Devis froid;Commercial;158.56;30;;;;;;Client existant;2025-09-15;
11142559;82-Chantiers Modernes-Golfech-Massif-202509;won;Devis tiède;Commercial;2793.00;60;;;;;;Appel entrant / Emailing / Marketing;2025-09-16;
11142560;45-France Enseignes-Orléans-Massif-202509;closed;Devis froid;Commercial;1330.00;30;;;;;;Appel entrant / Emailing / Marketing;2025-09-17;
11142561;77-Algeco-Chessy-Vinci Disney Sequoia-202509;closed;Devis froid;Commercial;149677.80;30;;;;;;Client existant;2025-09-19;
11142562;68-Commune-Saint Louis-Sécurisation Routière-202509;won;Devis chaud;Commercial;608.17;90;;;;;;Client existant;2025-09-19;
11142563;68-Commune-Saint Louis-Hub industriel SL-202509;won;Devis froid;Commercial;447.00;30;;;;;;Client existant;2025-09-22;
11142564;78-DYPS-Bouafle-Toile sur façade-202509;closed;Budget;Commercial;40000.00;0;;;;;;Appel entrant / Emailing / Marketing;2025-09-23;
11142565;68-Commune-Saint Louis-J'aime l'eau-202509;won;Devis froid;Commercial;326.64;30;;;;;;Client existant;2025-09-24;
11142566;92-Ville-Courbevoie-AO Espace Charras-202509;closed;Qualifié;Commercial;0.00;0;;;;;;Commercial / Partenaire;2025-09-25;
11142567;77-EPA Marne-Champs-sur-Marne-Signaletique Siège-202509;won;Devis tiède;Commercial;6238.50;60;;;;;;Client existant;2025-09-25;
11142568;68-Commune-Saint Louis-Promotion Alsacien-202509;lost;Devis froid;Commercial;23647.00;30;;;;;;Client existant;2025-09-25;
11142569;75-Algeco-Paris-Westin Henri-202509;closed;Devis froid;Commercial;168222.48;30;;;;;;Client existant;2025-10-03;
11142570;67-Evalit-Strasbourg-Massif-202510;closed;Devis froid;Commercial;20845.00;30;;;;;;Appel entrant / Emailing / Marketing;2025-10-04;
11142571;83-Commune-Bandol-Totem-202509;closed;Devis froid;Commercial;39999.00;30;;;;;;Commercial / Partenaire;2025-10-05;
11142572;75-EXA Group-Paris-Palissade Gucci Montaigne-202509;closed;Devis froid;Commercial;38805.00;30;;;;;;Appel entrant / Emailing / Marketing;2025-10-05;
11142573;95-Proludic-Roissy-Palissade Intérieure-202510;closed;Devis froid;Commercial;990.00;30;;;;;;Appel entrant / Emailing / Marketing;2025-10-05;
11142574;77-Emis France-Dammarie Les Lys-Massif-202510;closed;Devis froid;Commercial;24550.80;30;;;;;;Appel entrant / Emailing / Marketing;2025-10-08;
11142575;68-Commune-Saint Louis-Panneaux Anti Tabac-202508;won;Devis froid;Commercial;249.54;30;;;;;;Client existant;2025-10-09;
11142576;06-Musée des Merveilles-Tende-Totem-202510;closed;Budget;Commercial;0.00;0;;;;;;Appel entrant / Emailing / Marketing;2025-10-10;
11142577;60-Département Oise-Beauvais-Totem-202510;lost;Devis froid;Commercial;40837.00;30;;;;;;Appel entrant / Emailing / Marketing;2025-10-10;
11142578;54-Enenvol-Hageville-Massif-202509;closed;Qualifié;Commercial;0.00;0;;;;;;Appel entrant / Emailing / Marketing;2025-10-10;
11142579;75-GD Hotel Intercontinental-Paris-Palissade-202509;late;Devis froid;Commercial;15680.00;30;;;;;;Appel entrant / Emailing / Marketing;2025-10-10;
11142580;76-Commune-Forges Les Eaux-Totem-202510;closed;Budget;Commercial;0.00;0;;;;;;Appel entrant / Emailing / Marketing;2025-10-10;
11142581;89-H FRAIS MARKET-Auxerre-Totem-202510;closed;Budget;Commercial;0.00;0;;;;;;Appel entrant / Emailing / Marketing;2025-10-10;
11142582;75-Musée de l'Armée-Paris-Totem-202510;late;Devis froid;Commercial;4230.00;30;;;;;;Appel entrant / Emailing / Marketing;2025-10-10;
11142583;44-Algeco-Paimboeuf-Framatome-202510;lost;Devis froid;Commercial;1856.00;30;;;;;;Aucune;2025-10-13;
11142584;10-SDIS-Troyes-Habillage Echafaudage-202510;closed;Devis froid;Commercial;1795.00;30;;;;;;Appel entrant / Emailing / Marketing;2025-10-13;
11142585;94-Urban Act-Ivry s/ Seine-Bache sur Echafaudage-202510;closed;Qualifié;Commercial;0.00;0;;;;;;Appel entrant / Emailing / Marketing;2025-10-14;
11142586;75-Chrome Hearts-Paris-Habillage façade-202510;won;Devis froid;Commercial;5920.00;30;;;;;;Appel entrant / Emailing / Marketing;2025-10-17;
11142587;28-Algeco-Voves-Enseigne-202510;closed;Devis froid;Commercial;5300.00;30;;;;;;Client existant;2025-10-17;
11142588;74-Hotel Le Morgane-Chamonix-Palissade-202510;lost;Devis froid;Commercial;27100.00;30;;;;;;Appel entrant / Emailing / Marketing;2025-10-17;
11142589;14-Vallois-Caen-Palissade Tram-202510;closed;Devis froid;Commercial;160226.42;30;;;;;;Appel entrant / Emailing / Marketing;2025-10-17;
11142590;68-Commune-Saint Louis-Panneaux Alsace Velo-202510;closed;Devis froid;Commercial;2741.00;30;;;;;;Client existant;2025-10-20;
11142591;91-Algeco-Limours-Modulize-202510;won;Devis tiède;Commercial;3018.38;60;;;;;;Client existant;2025-10-21;
11142592;56-Algeco-Vannes-Leon Grosse-202510;closed;Devis froid;Commercial;2275.00;30;;;;;;Client existant;2025-10-21;
11142594;59-Algeco-Libercourt-antiblast-202510;lost;Devis froid;Commercial;3185.00;30;;;;;;Client existant;2025-10-23;
11142595;13-Eiffage Energie-Vitrolles-Palissade intérieure-202510;lost;Devis froid;Commercial;5535.00;30;;;;;;Appel entrant / Emailing / Marketing;2025-10-23;
11142596;08-Ferracin-Montcy Notre Dame-Caisson Grue-202510;closed;Devis froid;Commercial;12580.80;30;;;;;;Appel entrant / Emailing / Marketing;2025-10-23;
11142597;01-Commune-Bourg-en-Bresse-Palissade-202510;lost;Devis froid;Commercial;12470.00;30;;;;;;Appel entrant / Emailing / Marketing;2025-10-27;
11142598;94-EcoMarquage-Rungis-Massif-202510;won;Devis froid;Commercial;3740.00;30;;;;;;Client existant;2025-10-27;
11142599;82-Chantiers Modernes-Golfech-Massif-202510;lost;Devis tiède;Commercial;1770.00;60;;;;;;Client existant;2025-10-28;
11142600;76-Commune-Gonfreville l'Orcher-Totem-202510;closed;Budget;Commercial;0.00;0;;;;;;Appel entrant / Emailing / Marketing;2025-10-29;
11142601;31-Le Metronum-Toulouse-Totem-202510;closed;Qualifié;Commercial;0.00;0;;;;;;Appel entrant / Emailing / Marketing;2025-10-29;
11142602;75-EXA Group-Paris-Palissade Waterworks Université-202510;closed;Devis froid;Commercial;21495.00;30;;;;;;Client existant;2025-10-29;
11142603;94-Colas-Champigny/Marne-Massif-202510;closed;Devis froid;Commercial;8762.00;30;;;;;;Appel entrant / Emailing / Marketing;2025-10-30;
11142604;75-Bouygues Construction-Paris-Massif-202510;lost;Devis froid;Commercial;6320.00;30;;;;;;Appel entrant / Emailing / Marketing;2025-10-30;
11142605;34-Fermes Marines du Soleil-Balaruc les Bains-Massifs-202510;lost;Devis froid;Commercial;2430.00;30;;;;;;Appel entrant / Emailing / Marketing;2025-10-31;
11142607;59-DS Impression-Le Quesnoy-Totems-202510;late;Devis froid;Commercial;5968.00;30;;;;;;Client existant;2025-10-31;
11142608;59-Algeco-Libercourt-panneaux-202510;won;Devis froid;Commercial;495.00;30;;;;;;Client existant;2025-10-31;
11142609;77-Chaumeil-Chessy-Palissade Disney-202510;closed;Devis froid;Commercial;31257.50;0;;;;;;Client existant;2025-10-31;
11142610;98-Mark-Monaco-Mareterra Pelliculage-202511;late;Devis tiède;Commercial;5475.72;60;;;;;;Client existant;2025-11-03;
11142611;43-Département de la Haute-Loire-AO Signalétique-202511;closed;Budget;Commercial;0.00;0;;;;;;Aucune;2025-11-03;
11142612;75-Chrome Hearts-Paris-Petite Gallery-202511;closed;Devis froid;Commercial;11271.13;30;;;;;;Client existant;2025-11-05;
11142613;48-Eiffage Energie Systèmes-Saint Bonnet-Laval-Massif-202511;closed;Devis froid;Commercial;1107.00;30;;;;;;Appel entrant / Emailing / Marketing;2025-11-05;
11142614;28-Algeco-Fresnay Le Comte-Module Groupe Lecoq-202511;closed;Devis froid;Commercial;9296.00;30;;;;;;Client existant;2025-11-06;
11142615;75-EXA Group-Paris-Palissade Rimowa Fbg Saint Honoré-202511;closed;Qualifié;Commercial;0.00;0;;;;;;Bouche à oreille / Prescription;2025-11-12;
11142616;67-Algeco-Obernai-SCCV Domaine Remparts-202511;won;Devis froid;Commercial;1574.00;30;;;;;;Client existant;2025-11-14;
11142617;13-TP Spada-Marseille-Massif-202511;lost;Devis froid;Commercial;69979.00;30;;;;;;Appel entrant / Emailing / Marketing;2025-11-14;
11142618;75-Mark-Paris-66 Champs Elysées-202511;open;Devis froid;Commercial;3834.00;30;;;;;;Client existant;2025-11-17;
11142619;75-Asso Guérir Stimuler Imaginaire-Paris-Totem-202511;closed;Qualifié;Commercial;0.00;0;;;;;;Appel entrant / Emailing / Marketing;2025-11-17;
11142620;77-Paris Vallée de la Marne-NA-Massif-202511;closed;Devis froid;Commercial;12852.00;30;;;;;;Appel entrant / Emailing / Marketing;2025-11-19;
11142621;73-Courchevel Immo-Courchevel-Habillage Echafaudage-202511;lost;Devis froid;Commercial;12366.56;30;;;;;;Appel entrant / Emailing / Marketing;2025-11-20;
11142622;33-Grand Port Maritime-Bordeaux-Totem-202511;lost;Devis froid;Commercial;3887.20;30;;;;;;Appel entrant / Emailing / Marketing;2025-11-20;
11142623;29-Neotech Energy-Brest-Massif-202511;lost;Devis froid;Commercial;8502.00;30;;;;;;Appel entrant / Emailing / Marketing;2025-11-20;
11142624;78-Impression 360-Carrière sous Poissy-Palissade Acquisition-202511;won;Devis froid;Commercial;2500.00;30;;;;;;Appel entrant / Emailing / Marketing;2025-11-21;
11142625;67-Commune-Bischheim-Toile sur Facade-202511;late;Qualifié;Commercial;0.00;0;;;;;;Appel entrant / Emailing / Marketing;2025-11-23;
11142626;LU-Iko Real Estate-Howald-Totem-202511;lost;Devis froid;Commercial;2950.00;30;;;;;;Appel entrant / Emailing / Marketing;2025-11-23;
11142627;45-Colas-Orléans-Palissade-202511;closed;Devis froid;Commercial;17980.00;30;;;;;;Appel entrant / Emailing / Marketing;2025-11-24;
11142628;75-Citeos-Paris-Lot 0 T8-202511;closed;Identifié;Commercial;0.00;0;;;;;;Appel entrant / Emailing / Marketing;2025-11-24;
11142629;41-ACC-Villeherviers-Massif-202511;lost;Devis froid;Commercial;4395.00;30;;;;;;Appel entrant / Emailing / Marketing;2025-11-25;
11142630;34-Algeco-Montpellier-Enedis-202511;closed;Devis froid;Commercial;4565.00;30;;;;;;Client existant;2025-11-27;
11142631;74-Maison Good Times-Chatel-Le Panoramic-202511;late;Qualifié;Commercial;9837.00;0;;;;;;Commercial / Partenaire;2025-11-27;
11142632;92-Immobelio-Colombes-4x3-202511;lost;Devis froid;Commercial;4710.00;30;;;;;;Appel entrant / Emailing / Marketing;2025-11-27;
11142633;69-Firalp-Lachassagne-Massif-202512;closed;Qualifié;Commercial;0.00;0;;;;;;Appel entrant / Emailing / Marketing;2025-12-01;
11142634;75-BPM Exclusive-Paris-Pelliculage Vitrine-202512;closed;Devis froid;Commercial;3888.00;30;;;;;;Bouche à oreille / Prescription;2025-12-12;
11142635;60-Commune-Nogent sur Oise-Habillage Chantier-202512;won;Devis tiède;Commercial;6360.00;60;;;;;;Aucune;2025-12-19;
11142636;FR-InLuce-NA-Palissade-202512;closed;Qualifié;Commercial;0.00;0;;;;;;Appel entrant / Emailing / Marketing;2025-12-29;
11142637;49-Vilmorin Mikado-La Menitre-Palissade-202512;closed;Devis froid;Commercial;6990.00;0;;;;;;Appel entrant / Emailing / Marketing;2026-01-05;
11142638;92-PLD-La Défense-Totem-202601;won;Devis froid;Commercial;19990.00;30;;;;;;Client existant;2026-01-13;
11142639;03-Sniada-Vichy-Bache-202601;closed;Devis froid;Commercial;7930.00;30;;;;;;Appel entrant / Emailing / Marketing;2026-01-20;
11142672;45-Publi Relief Signarama-Ferté St Aubin-Palissade-202505;closed;Devis froid;Commercial;1320.00;30;;;;;;Commercial / Partenaire;2026-01-25;
11142673;50-Omexom-La Hague-Massif-202601;closed;Devis froid;Commercial;4196.10;30;;;;;;Appel entrant / Emailing / Marketing;2026-01-25;
11142674;98-ABC Coffee-Monaco-Mareterra Pelliculage-202601;won;Devis froid;Commercial;14117.13;30;;;;;;Client existant;2026-01-27;
11142675;94-Mairie-Ivry s/ Seine-Totem-202601;closed;Devis froid;Commercial;5450.00;30;;;;;;Client existant;2026-01-27;
11142676;06-Atomic Neon-Valauris-Massif-202601;closed;Devis froid;Commercial;1480.74;30;;;;;;Appel entrant / Emailing / Marketing;2026-01-28;
11142677;38-Commune-Grenoble-Totem-202601;closed;Devis froid;Commercial;38665.00;30;;;;;;Bouche à oreille / Prescription;2026-02-02;
11142710;59-Algeco-Libercourt-panneaux-202602;closed;Devis froid;Commercial;495.00;30;;;;;;Client existant;2026-02-05;
11142711;75-Surprise-Paris-Habillage-202602;won;Devis tiède;Commercial;2817.20;60;;;;;;Bouche à oreille / Prescription;2026-02-09;
11142712;76-Eiffage-Paluel-Massif-202602;closed;Devis tiède;Commercial;21015.96;60;;;;;;Appel entrant / Emailing / Marketing;2026-02-11;
11142713;73-MND-Sainte Hélène du Lac-Massif-202602;won;Devis chaud;Commercial;1599.26;90;;;;;;Appel entrant / Emailing / Marketing;2026-02-13;
11142714;68-CM2E-Ste Croix en Plaine-Massif-202602;lost;Devis froid;Commercial;4357.44;30;;;;;;Appel entrant / Emailing / Marketing;2026-02-17;
11142715;75-EXA GROUP-Paris Vitrophanie Gucci Castiglione-202602;late;Devis froid;Commercial;3970.00;30;;;;;;Bouche à oreille / Prescription;2026-02-18;
11142716;69-Commune-Lyon-Totem-202602;late;Devis froid;Commercial;3680.00;30;;;;;;Appel entrant / Emailing / Marketing;2026-02-20;
11142717;69-Sitep-Lyon-Totem-202602;open;Devis froid;Commercial;4696.50;30;;;;;;Appel entrant / Emailing / Marketing;2026-02-20;
11142719;92-Immorente-Saint Cloud-Habillage Palissade-202602;won;Devis tiède;Commercial;5852.00;60;;;;;;Appel entrant / Emailing / Marketing;2026-02-24;
11142720;98-Zephyr-Monaco-Film-202602;won;Devis froid;Commercial;702.20;30;;;;;;Bouche à oreille / Prescription;2026-02-24;
11142721;75-ENVS-Paris-Habillage Arches-202602;open;Devis froid;Commercial;3960.00;30;;;;;;Appel entrant / Emailing / Marketing;2026-02-25;
11142722;94-SADEV 94-Bagneux-Totem-202602;late;Devis froid;Commercial;9858.25;30;;;;;;Appel entrant / Emailing / Marketing;2026-02-25;
11142723;BE-Malice-Bruxelles-Massif-202602;late;Devis froid;Commercial;3740.00;30;;;;;;Appel entrant / Emailing / Marketing;2026-03-02;
11142724;75-Terre de Sienne-Paris-Habillage Palissade-202603;late;Devis froid;Commercial;5710.00;30;;;;;;Appel entrant / Emailing / Marketing;2026-03-02;
11142725;77-ELEC 3C-Mitry Mory-Massif-20603;open;Devis tiède;Commercial;6164.28;60;;;;;;Appel entrant / Emailing / Marketing;2026-03-04;
11142726;14-Visa BTP-Cairon-Palissade-202603;late;Devis froid;Commercial;4840.00;30;;;;;;Appel entrant / Emailing / Marketing;2026-03-05;
11142727;51-Flaneries Musicales-Reims-Totem-202603;late;Qualifié;Commercial;0.00;0;;;;;;Appel entrant / Emailing / Marketing;2026-03-06;
11142728;95-SNPR-Cormeilles-en-Parisis-Massif-202603;late;Devis froid;Commercial;1235.80;30;;;;;;Appel entrant / Emailing / Marketing;2026-03-09;
11142729;34-AER Agence Méditerranée-Saint-Thibéry-Massif-202603;late;Devis froid;Commercial;3183.80;30;;;;;;Appel entrant / Emailing / Marketing;2026-03-12;
11142730;52-Seine Grands Lacs-Giffaumont-Champaubert-Totem-202603;late;Devis tiède;Commercial;15000.00;60;;;;;;Bouche à oreille / Prescription;2026-03-12;
11142731;77-Solar Power-Bailly Romainvilliers-Massif-202603;open;Devis froid;Commercial;9227.23;30;;;;;;Appel entrant / Emailing / Marketing;2026-03-16;
11142732;33-Commune-Bordeaux-Totem-202603;open;Devis froid;Commercial;9995.00;30;;;;;;Appel entrant / Emailing / Marketing;2026-03-19;
11142733;75-MM Sport-Paris-Totem-202603;closed;Budget;Commercial;12300.00;0;;;;;;Appel entrant / Emailing / Marketing;2026-03-23;
11142734;FR-Baumit-FR-Filet-202603;open;Devis froid;Commercial;854.20;30;;;;;;Appel entrant / Emailing / Marketing;2026-03-23;
11142735;42-Brame-St Etienne-Echafaudage-202603;open;Devis froid;Commercial;5030.00;30;;;;;;Appel entrant / Emailing / Marketing;2026-03-26;
11142736;BE-TPF Utilities-Bruxelles-Massif-202603;open;Devis froid;Commercial;920.16;30;;;;;;Appel entrant / Emailing / Marketing;2026-03-27;
11142737;98-Angel Cakes-Monaco-Parasol-20603;open;Qualifié;Commercial;0.00;0;;;;;;Bouche à oreille / Prescription;2026-03-27;
11142738;33-Cote Ouest-Bordeaux-Totem-20603;closed;Budget;Commercial;72000.00;0;;;;;;Aucune;2026-03-27;
11142739;05-Commune-Embrun-Totem-202604;closed;Budget;Commercial;0.00;0;;;;;;Appel entrant / Emailing / Marketing;2026-04-01;
11142740;75-ESTP-Paris-Massif-202604;open;Devis froid;Commercial;5648.12;30;;;;;;Appel entrant / Emailing / Marketing;2026-04-01;
